id,name,photo,source,cuisine,category,minutes_estimated,kcal_estimated,protein_estimated,kid_friendly_estimated,profile_estimated,serves,ingredients,steps
adana-kebab,Adana kebab,https://www.themealdb.com/images/media/meals/04axct1763793018.jpg,https://www.bbcgoodfood.com/recipes/adana-kebab,Turkish,Lamb,45,680,40,yes,high-protein,4,2||romano pepper|produce;800|g|lamb mince|meat and fish;3|tbsp|red pepper paste|produce;1|tbsp|pul biber|dry goods;3|tbsp|sunflower oil|dry goods,"Finely chop the peppers in a food processor, then tip them in a sieve and press into the sieve so that the peppers release all of their juices. Tip into a bowl along with the mince, red pepper paste, pul biber, 1½ tsp flaky sea salt, and 2 tbsp of the oil. Mix together, kneading well for at least 2-3 mins. If you need to, wet your hands with cold water to prevent the mixture from sticking. The mixture should be sticky when ready. Cover and chill for at least 2 hrs, or up to 12 hrs.||When ready to cook, heat the grill to high or an oven to 220C/200C fan/gas 6. Divide the mixture into 12 equal portions, around 85g each. If you’d like to skewer them, divide into 8 equal portions and roll into balls. Using wet hands, thread the balls onto the end of the skewers, massaging the mixture down the skewers in between the palms of your hands, until evenly distributed. Ensure that the mixture is fully wrapped tightly around the skewers without any exposed metal. Alternatively, lay them on a large baking tray lined with parchment paper if cooking in the oven, or foil if cooking under the grill. Shape into 20cm-long köfte. Wet your fingers with a little cold water and make indents all along the köfte for the traditional shape.||Gently brush each köfte with the remaining 1 tbsp oil and cook under the grill, on the top shelf for 10-12 mins, turning regularly, or cook in the oven for 16-18 mins, until crispy on the outside and juicy in the middle"
air-fryer-patatas-bravas,Air fryer patatas bravas,https://www.themealdb.com/images/media/meals/3m8yae1763257951.jpg,https://www.bbcgoodfood.com/recipes/air-fryer-patatas-bravas,Spanish,Vegetarian,30,450,18,yes,light,4,900|g|potatoes|produce;3|tbsp|olive oil|dry goods;1||onion|produce;1|clove|garlic|produce;1||paprika|dry goods;1||tomato puree|produce;225|g|tinned tomatos|produce;1||basil leaves|produce,"Soak the potatoes in just-boiled water for 30 mins, then drain and leave to air-dry for 5 mins. Heat the air fryer to 200C. Tip the potatoes into a bowl and drizzle over 1 tbsp of the oil and add 1/2 tsp each of salt and freshly ground black pepper. Mix to coat the potatoes all over, then tip into the air fryer basket and cook for 20-30 mins until crisp and golden.||Meanwhile, heat the remaining oil in a small pan over a medium-low heat and fry the onion for 8-10 mins until softened but not golden. Stir in the garlic and cook for a minute before adding the paprika and cooking for 30 seconds more. Stir in the tomato purée, cook for 1 min, then tip in the chopped tomatoes. Cook for 5-10 mins over a medium heat until thickened slightly.||Once the potatoes are cooked, tip out onto a platter and pour over the tomato sauce. Sprinkle with the basil leaves, then serve."
aj-de-aguacate-recipe-colombian-spicy-avocado-sauce,Ají de Aguacate Recipe (Colombian Spicy Avocado Sauce),https://www.themealdb.com/images/media/meals/jyvy8u1783800448.jpg,https://www.mycolombianrecipes.com/aji-de-aguacate-colombian-hot-avocado-sauce/#recipe,,Miscellaneous,25,550,28,yes,balanced,4,2||avocado|produce;1||habanero pepper|produce;1||egg|dairy;2||lime|produce;1||salt|dry goods;2|tbsp|vinegar|dry goods;1||onion|produce;2||scallions|produce;4|tbsp|cilantro|dry goods,"Place all the ingredients in a food processor. Process until the mixture is well combined.||If the mixture is too thick, add more lime juice until you reach the desired consistency."
algerian-kefta-meatballs,Algerian Kefta (Meatballs),https://www.themealdb.com/images/media/meals/8rfd4q1764112993.jpg,https://www.allrecipes.com/recipe/153790/algerian-kefta-meatballs/,Algerian,Beef,50,650,40,yes,high-protein,4,454|g|ground beef|meat and fish;4|clove|garlic|produce;120|ml|onion|produce;1||salt|dry goods;1||pepper|produce;3||plum tomatoes|produce;1|tsp|parsley|produce;120|ml|water|dry goods,"Combine ground beef with 1/2 of the minced garlic and 1 tablespoon chopped onion in a large bowl. Mix with your hands until fully incorporated. Shape meat mixture into 1 1/2-inch oblong patties; you should have 12 to 14 meatballs.||Heat a large skillet over medium-high heat. Brown patties in batches in the hot skillet until crispy on both sides and no longer pink in the center, about 10 minutes. Set meatballs aside in a rimmed serving dish.||Reduce heat to medium and stir remaining chopped onion into drippings in the skillet. Season with salt and pepper. Cook, stirring constantly, until onion has softened and turned translucent, about 5 minutes. Stir in remaining garlic and cook for 30 seconds. Stir in Roma tomatoes, dried parsley, and ras el hanout. Pour in water. Cook until tomatoes are soft, about 5 minutes.||Pour tomato sauce over meatballs to serve."
amok-trey-cambodian-fish-curry,Amok Trey – Cambodian Fish Curry,https://www.themealdb.com/images/media/meals/diuub11782687570.jpg,https://recipes-for-life.com/cambodian-recipes/,,Seafood,65,500,35,yes,balanced,4,454|g|fish fillet|meat and fish;1|tin|coconut milk|dairy;2|tbsp|red curry paste|dry goods;1|tbsp|fish sauce|meat and fish;1|tsp|brown sugar|dry goods;240|ml|chicken stock|meat and fish;1||egg|dairy;2||kaffir lime leaves|produce;1|tbsp|vegetable oil|dry goods;1|handful|banana leaves|produce;1||cilantro|dry goods;1||lime|produce,"1. In a medium bowl, combine the coconut milk, red curry paste, fish sauce, palm sugar, and broth, whisking until smooth—this ensures no lumps in the sauce.||2. Heat the vegetable oil in a large skillet over medium heat (about 350°F) for 30 seconds until shimmering.||3. Pour the coconut milk mixture into the skillet and bring it to a gentle simmer, stirring occasionally, which should take about 3-4 minutes.||4. Add the fish cubes and kaffir lime leaves to the skillet, submerging them fully in the sauce.||5. Reduce the heat to low, cover the skillet, and let it cook for 10 minutes until the fish is opaque and flakes easily with a fork—avoid overcooking to keep it tender.||6. Stir in the beaten egg slowly, cooking for 2 more minutes until the sauce thickens slightly, which adds a rich, custard-like texture.||7. While the curry simmers, prepare the banana leaves by briefly passing them over a gas flame for 10 seconds to make them pliable, or use parchment paper as a handy alternative.||8. Spoon the curry into the center of each banana leaf square, folding the edges to form a tight packet to trap steam.||9. Place the packets in a steamer basket over boiling water and steam for 10 minutes until heated through and fragrant.||10. Carefully unwrap the packets and garnish with fresh cilantro and lime wedges before serving"
arepa-pabell-n,Arepa Pabellón,https://www.themealdb.com/images/media/meals/13fg4j1764441982.jpg,https://goya.es/en/recipes/arepa-rellena-con-carne-frijol-y-madurito,Venezuela,Beef,50,650,40,yes,high-protein,4,2||corn arepa filled with mozarella cheese|dairy;1||fried ripe bananas|produce;1|tin|black beans|dry goods;1||pico de gallo sauce|dry goods;2|kg|shredded meat|dry goods;1||tomato|produce;1|pinch|salt|dry goods;1|pinch|pepper|produce,"Prepare the meat in a skillet and add salt and pepper to taste, heat the beans over medium heat in a pan, fry or grill the ripe plantains as indicated on its package and cut the tomato into small cubes. Reserve these ingredients until filling.||Preheat the grill or pan and grill the arepa, putting it once on each side until they are golden brown.||With the help of a knife, open it by the edge through the middle, creating a space to fill it with the ripe plantain, the beans, meat and chopped tomato.||Serve with a little pico de gallo or guacamole dip sauce."
arepa-pelua,Arepa pelua,https://www.themealdb.com/images/media/meals/jgl9qq1764437635.jpg,https://goya.es/en/recipes/arepa-pelua,Venezuela,Beef,65,650,40,yes,high-protein,4,500|g|beef|meat and fish;1||onion|produce;1||red pepper|produce;2|clove|garlic|produce;1|tsp|cumin|dry goods;1|tsp|oregano|dry goods;1|tsp|paprika|dry goods;1|l|beef stock|meat and fish;600|ml|water|dry goods;1|pinch|salt|dry goods;200|g|cheese|dairy;1|pinch|extra virgin olive oil|dry goods,"Cook the meat: Place the flank steak in a pot with broth or water and salt. Cook over low heat for about 2 hours, until tender and easy to shred.||Shred the meat: Once cooked, drain and shred the meat using two forks.||Prepare the vegetables: Sauté chopped onion, bell pepper, and garlic in a little oil. Add cumin, oregano, paprika, and salt. Stir in the meat and cook for a few minutes until the flavors are well combined.||Make the dough: In a bowl, mix the cornmeal with warm water and salt until a soft dough forms. Let it rest for 5 minutes.||Form the arepas: Divide the dough into 6 portions, shape into balls, and flatten into thick discs.||Cook: Cook the arepas on a griddle or skillet over medium heat for 2–3 minutes on each side until golden. You can then bake them for a few minutes if you prefer them crispier.||Fill: Slice the arepas open on one side, fill with the hot shredded beef, and top with grated cheese."
arroz-al-horno-baked-rice,Arroz al horno (baked rice),https://www.themealdb.com/images/media/meals/qt4i0n1763256454.jpg,https://www.bbcgoodfood.com/recipes/arroz-al-horno-baked-rice,Spanish,Pork,30,620,38,no,high-protein,4,2|tbsp|extra virgin olive oil|dry goods;800|g|pork belly slices|meat and fish;150|g|black pudding|dry goods;100|g|bacon lardon|meat and fish;1||onion|produce;2||red pepper|produce;1||plum tomatoes|produce;8||garlic clove|produce;4|tsp|paprika|dry goods;0.5|tsp|chilli flakes|produce;200|g|dried white beans|dry goods;1.5|l|chicken stock|meat and fish;6||thyme|produce;375|g|paella rice|dry goods;1||lemon juice|produce,"Heat oven to 200C/180C/gas 6. Heat half the oil in a deep frying or sauté pan (or shallow casserole dish) measuring around 30cm in diameter. Over a high heat, colour the pork belly slices on each side in several batches, then transfer to a bowl. Add the remaining oil to the pan and lower the heat to medium, then add the black pudding and bacon and fry all over for several mins. Remove with a slotted spoon. Fry the onion and peppers for around 10 mins until soft and pale gold, then add the tomato and cook until soft. Add the garlic, smoked paprika and chilli flakes and cook for another 2 mins, then put the pork, black pudding and bacon back in the pan. Add the beans, stock and whichever herb you're using, and bring everything to the boil.||Sprinkle the rice around the pork belly, pushing it underneath the stock. Let the stock come to the boil again, season well, then transfer to the oven (leave it uncovered). Cook for 20 mins without stirring, then check to see how the rice is doing. The rice should be tender and the stock absorbed. If it’s not ready, put back in the oven for another 5 mins, then check again. Taste for seasoning.||Squeeze lemon juice over the top and drizzle over some extra virgin olive oil just before serving, if you like."
arroz-con-gambas-y-calamar,Arroz con gambas y calamar,https://www.themealdb.com/images/media/meals/jc6oub1763196663.jpg,https://www.bbcgoodfood.com/recipes/arroz-con-gambas-y-calamar,Spanish,Seafood,30,500,35,no,balanced,4,24||raw king prawns|meat and fish;2|tbsp|olive oil|dry goods;1||onion|produce;1||bay leaf|dry goods;1|pinch|saffron|dry goods;450|g|paella rice|dry goods;2|tsp|tomato puree|produce;200|ml|white wine|dry goods;650|ml|seafood stock|dry goods;3||squid|meat and fish,"Peel and devein most of the prawns (a fishmonger should be able to do this for you), keeping a few whole for decoration, if you like. Heat the olive oil in a large frying pan or shallow flameproof casserole over a medium-low heat and fry the onion for 5 mins until softened. Add the bay leaf, saffron, rice and tomato purée, and cook for 1-2 mins more, stirring.||Pour in the wine and bubble for 1-2 mins, then pour in the seafood stock and 150ml water. Cook for 5 mins, then add the squid, season well and stir to combine. Bring to the boil, then cover and reduce the heat to a gentle simmer. Cook for 12 mins more, adding a little more water if the mixture starts to look dry.||Uncover the pan and stir through the peeled prawns, then arrange any whole prawns on top of the rice mixture. Cover again and simmer for a further 5-6 mins until the prawns are pink and cooked through. Leave to stand for a couple of minutes before serving from the pan."
asado,Asado,https://www.themealdb.com/images/media/meals/kgfh3q1763075438.jpg,https://www.munchery.com/blog/the-ten-iconic-dishes-of-argentina-and-how-to-cook-them-at-home/,Argentina,Beef,75,650,40,yes,high-protein,4,2|kg|mixed beef cuts|meat and fish;4||chorizo|meat and fish;2||morcilla|dry goods;1||salt|dry goods,"Prepare the Fire: Start a wood fire in your grill and let it burn down to coals.||Season the Meat: Generously salt the beef cuts.||Grill the Meat: Place the beef on the grill, starting with the thickest cuts farthest from the coals. Add chorizo and morcilla after the beef has been cooking for a while.||Cook to Perfection: Cook the meat, turning occasionally, until it reaches your desired doneness. Typically, ribs may take up to 2 hours; thinner cuts will cook faster.||Rest and Serve: Let the meat rest for about 10 minutes before slicing. Serve with chimichurri sauce and grilled vegetables.||Use a mix of wood and charcoal for a consistent heat source. Wood adds flavor, while charcoal maintains temperature.||Season the meat just before grilling to ensure it retains its moisture and flavor.||Serving Suggestions:||Serve with a side of chimichurri sauce, a fresh tomato salad, and crusty bread. Pair with a robust Malbec wine to complement the rich flavors of the meat."
aubergine-hummus-grills,Aubergine & hummus grills,https://www.themealdb.com/images/media/meals/zub3s91764110535.jpg,https://www.bbcgoodfood.com/recipes/aubergine-hummus-grills,Turkish,Vegetarian,30,450,18,yes,light,4,2||aubergine|produce;2|tbsp|vegetable oil|dry goods;3||bread|dry goods;300|g|hummus|dry goods;100|g|walnuts|dry goods;40|g|parsley|produce;200|g|cherry tomatoes|produce;0.5||lemon|produce;1||extra virgin olive oil|dry goods,"Lay the aubergine out in one layer on a large baking sheet. Brush sparingly with vegetable oil, then season generously. Grill for 15 mins, turning twice and brushing with oil until the slices are softened and cooked through. Meanwhile, whizz the bread into crumbs. Add 2 tsp oil and whizz briefly again, to coat.||Spread a couple of tsps of hummus on top of each slice of aubergine. Tip the breadcrumbs onto a large plate, then press the hummus side of the aubergines into the crumbs to coat. Grill again, crumb-side up, for about 3 mins until golden.||Toss the walnuts, parsley and cherry tomatoes in a bowl, season, then add the lemon juice and olive oil and toss again. Serve the grills with the salad, a dollop more hummus and some pitta bread."
aubergine-couscous-salad,Aubergine couscous salad,https://www.themealdb.com/images/media/meals/02s6gc1763799560.jpg,https://www.bbcgoodfood.com/recipes/aubergine-couscous-salad,Turkish,Vegetarian,25,450,18,yes,light,4,1||aubergine|produce;3|tbsp|olive oil|dry goods;140|g|couscous|dry goods;225|g|vegetable stock|dry goods;200|g|cherry tomatoes|produce;1|handful|mint|produce;100|g|goats cheese|dairy;0.5||lemon|produce,"Heat grill to high. Put the aubergine on a baking sheet, brush with oil and season. Grill for about 15 mins, turning and brushing with more oil halfway, until browned and softened.||Meanwhile, tip the couscous into a large bowl, pour over the stock, then cover and leave for 10 mins. Mix the tomatoes, mint, goat’s cheese and remaining oil together. Fluff the couscous up with a fork, then stir in the aubergines, tomato mixture and lemon juice."
aussie-burgers,Aussie Burgers,https://www.themealdb.com/images/media/meals/44bzep1761848278.jpg,https://www.bbcgoodfood.com/recipes/aussie-burgers,Australian,Beef,50,650,40,yes,high-protein,4,500|g|lean minced steak|meat and fish;100|g|cooked beetroot|produce;2||naan bread|dry goods;50|g|rocket|dry goods;4|tbsp|soured cream and chive dip|dairy,"Make the burgers: Tip the meat into a bowl and sprinkle over 1 tsp salt and a good grinding of black pepper.Work with wet hands to mix in the seasoning. Divide into four with your hands and shape into burgers. (It can be frozen at this stage.)||Sort out your ingredients: Slice the beetroot and split the naan breads.||Toast the naans: Heat a griddle pan or barbecue. Griddle the naans on both sides until lightly toasted and set aside. Add the burgers to the grill or barbecue and cook for 2-3 minutes, then turn and cook the other side for a further 2-3 minutes.||Assemble the dish: Set half a toasted naan on each serving plate and put a pile of rocket on each. Top with a burger, then a few slices of beetroot and a dollop of soured cream. Sprinkle with salt and freshly ground black pepper and serve immediately with a big green salad and chips. A glass of red wine wouldn’t go amiss, either."
avocado-dip-with-new-potatoes,Avocado dip with new potatoes,https://www.themealdb.com/images/media/meals/flrajf1762341295.jpg,https://www.bbcgoodfood.com/recipes/avocado-citrus-dip-spicy-spuds-tortilla-chips,Australian,Vegetarian,30,450,18,no,light,4,3||avocado|produce;200|g|natural yoghurt|dairy;1||lime|produce;0.5||lemon|produce;1.25|kg|baby new potatoes|produce;2|tbsp|olive oil|dry goods;1|tsp|hot chilli powder|produce;1|tsp|cumin seeds|dry goods;200|g|tortillas|dry goods,"Whizz half the avocado flesh with the yogurt, lime and lemon juice and seasoning. Dice the remaining avocado, then gently stir into the whizzed mix with most of the lime zest. Cover, then chill until ready to serve.||Boil potatoes for 6 mins, then drain well and toss with olive oil, chilli powder and cumin seeds. Now set aside until half an hour before your guests arrive.||Heat oven to 200C/180C fan/gas 6, then roast potatoes for about 30 mins, shaking the tray halfway, until golden and tender. Transfer the dip to one or two bowls, scatter with the remaining lime zest and serve with the hot potatoes, and tortilla chips for dipping."
ayam-percik,Ayam Percik,https://www.themealdb.com/images/media/meals/020z181619788503.jpg,http://www.curiousnut.com/roasted-spiced-chicken-ayam-percik/,Malaysian,Chicken,50,550,38,no,high-protein,4,6||chicken thighs|meat and fish;16||challots|dry goods;1.5||ginger|produce;6||garlic clove|produce;8||cayenne pepper|produce;2|tbsp|turmeric|dry goods;1.5||cumin|dry goods;1.5||coriander|produce;1.5||fennel|produce;2|tbsp|tamarind paste|dry goods;1|tin|coconut milk|dairy;1|tsp|sugar|dry goods;240|ml|water|dry goods,"In a blender, add the ingredients for the spice paste and blend until smooth.||Over medium heat, pour the spice paste in a skillet or pan and fry for 10 minutes until fragrant. Add water or oil 1 tablespoon at a time if the paste becomes too dry. Don't burn the paste. Lower the fire slightly if needed.||Add the cloves, cardamom, tamarind pulp, coconut milk, water, sugar and salt. Turn the heat up and bring the mixture to boil. Turn the heat to medium low and simmer for 10 minutes. Stir occasionally. It will reduce slightly. This is the marinade/sauce, so taste and adjust seasoning if necessary. Don't worry if it's slightly bitter. It will go away when roasting.||When the marinade/sauce has cooled, pour everything over the chicken and marinate overnight to two days.||Preheat the oven to 425 F.||Remove the chicken from the marinade. Spoon the marinade onto a greased (or aluminum lined) baking sheet. Lay the chicken on top of the sauce (make sure the chicken covers the sauce and the sauce isn't exposed or it'll burn) and spread the remaining marinade on the chicken. Roast for 35-45 minutes or until internal temp of the thickest part of chicken is at least 175 F.||Let chicken rest for 5 minutes. Brush the chicken with some of the oil. Serve chicken with the sauce over steamed rice (or coconut rice)."
bbq-pork-sloppy-joes,BBQ Pork Sloppy Joes,https://www.themealdb.com/images/media/meals/atd5sh1583188467.jpg,https://www.themealdb.com/meal/52995,United States,Pork,45,620,38,yes,high-protein,4,2||potatoes|produce;1||red onions|produce;2|clove|garlic|produce;1||lime|produce;2||bread|dry goods;454|g|pork|meat and fish;1||barbeque sauce|dry goods;1||hotsauce|dry goods;1||tomato ketchup|produce;1||sugar|dry goods;1||vegetable oil|dry goods;1||salt|dry goods;1||pepper|produce,"Preheat oven to 450 degrees. Wash and dry all produce. Cut sweet potatoes into ½-inch-thick wedges. Toss on a baking sheet with a drizzle of oil, salt, and pepper. Roast until browned and tender, 20-25 minutes.||Meanwhile, halve and peel onion. Slice as thinly as possible until you have ¼ cup (½ cup for 4 servings); finely chop remaining onion. Peel and finely chop garlic. Halve lime; squeeze juice into a small bowl. Halve buns. Add 1 TBSP butter (2 TBSP for 4) to a separate small microwave-safe bowl; microwave until melted, 30 seconds. Brush onto cut sides of buns.||To bowl with lime juice, add sliced onion, ¼ tsp sugar (½ tsp for 4 servings), and a pinch of salt. Stir to combine; set aside to quick-pickle.||Heat a drizzle of oil in a large pan over medium-high heat. Add chopped onion and season with salt and pepper. Cook, stirring, until softened, 4-5 minutes. Add garlic and cook until fragrant, 30 seconds more. Add pork and season with salt and pepper. Cook, breaking up meat into pieces, until browned and cooked through, 4-6 minutes.||While pork cooks, in a third small bowl, combine BBQ sauce, pickling liquid from onion, 3 TBSP ketchup (6 TBSP for 4 servings), ½ tsp sugar (1 tsp for 4), and ¼ cup water (⅓ cup for 4). Once pork is cooked through, add BBQ sauce mixture to pan. Cook, stirring, until sauce is thickened, 2-3 minutes. Taste and season with salt and pepper.||Meanwhile, toast buns in oven or toaster oven until golden, 3-5 minutes. Divide toasted buns between plates and fill with as much BBQ pork as you’d like. Top with pickled onion and hot sauce. Serve with sweet potato wedges on the side."
beef-lok-lak-lok-lak-sach-ko,BEEF LOK LAK (Lok Lak Sach Ko),https://www.themealdb.com/images/media/meals/t2b8bn1779737789.jpg,https://www.chefnak.com/beef-lok-lak,,Beef,60,650,40,no,high-protein,4,1|kg|beef tenderloin|meat and fish;5|clove|garlic|produce;2|tbsp|oil|dry goods;1.5|tbsp|palm sugar|dry goods;1|tsp|sea salt|dry goods;2|tbsp|white wine|dry goods;2|tbsp|oyster sauce|dry goods;2|tbsp|soy sauce|dry goods;1.5|tbsp|sesame seed oil|dry goods;500|g|lettuce|produce;400|g|tomato|produce;200|g|onion|produce;4||eggs|dairy;1.5|tbsp|sea salt|dry goods;1|tbsp|kampot pepper|produce;1|tbsp|lime juice|produce,"Fry the eggs sunny-side up and set aside. Finely chop the garlic. Wash the lettuce leaves and drain well. Thinly slice the onion and tomatoes.||Cut the beef tenderloin into 2–3 cm cubes. Marinate with sea salt, palm sugar, Chinese cooking wine, oyster sauce, soy sauce, and sesame oil. Mix well.||Heat a frying pan on high heat with cooking oil. Add chopped garlic and stir until the garlic browns lightly. Add the marinated beef (with all the marinade) and cook for 5–7 minutes, depending on how rare you want the beef.||Dry roast the black Kampot peppercorns in a frying pan over medium-low heat for 2–3 minutes until fragrant. Grind the roasted pepper, place it in a bowl, then add sea salt and lime juice. Mix well.||On a serving plate, arrange a bed of lettuce, then layer tomatoes, then onions. Spoon the cooked beef over the vegetables and place fried eggs on top. Serve with the Kampot pepper sauce and fragrant steamed rice.||Sear hot and fast, Lok Lak is at its best when the beef stays tender and juicy, with a bold, bright dipping sauce to cut through the richness."
bahia-style-moqueca-prawn-stew,Bahia-style Moqueca prawn stew,https://www.themealdb.com/images/media/meals/e2kcut1782591669.jpg,https://www.bbcgoodfood.com/recipes/bahia-style-moqueca-prawn-stew,,Seafood,30,500,35,no,balanced,4,450|g|raw king prawns|meat and fish;75|ml|lime juice|produce;3|clove|garlic|produce;3|tbsp|coconut oil|dry goods;4||spring onions|produce;1||onion|produce;1||red pepper|produce;1|tsp|chilli flakes|produce;2|tsp|paprika|dry goods;3||plum tomatoes|produce;400|ml|coconut milk|dairy;2|tbsp|coriander|produce;1||rice|dry goods,"Place the prawns in a bowl with 2 tbsp of the lime juice, 1 tsp of salt and 1 tbsp of the chopped garlic. Chill for 1 hr.||Heat the coconut oil in a large saucepan. Add the spring onion and onion and fry for 5 mins, then add the red pepper, chilli flakes, paprika and remaining garlic.||Pour in the tomatoes, coconut milk and a little salt. Bring to a simmer and let reduce for 10 mins. Add the prawns, all the marinade and remaining lime juice. Gently simmer until the prawns turn white, about 3 mins. Serve with the fresh coriander and rice."
bai-sach-chrouk-grilled-pork-with-rice,Bai Sach Chrouk – Grilled Pork with Rice,https://www.themealdb.com/images/media/meals/f0cdwk1782688162.jpg,https://recipes-for-life.com/cambodian-recipes/,,Pork,75,620,38,yes,high-protein,4,650|g|pork shoulder|meat and fish;60|ml|coconut milk|dairy;3|tbsp|soy sauce|dry goods;2|tbsp|oyster sauce|dry goods;2|tbsp|honey|dry goods;4|clove|garlic|produce;1|tsp|black pepper|produce;480|ml|jasmine rice|dry goods;960|ml|water|dry goods;1|tbsp|vegetable oil|dry goods;1||cucumber|produce;1||cilantro leaves|dry goods,"1. In a large bowl, combine the coconut milk, soy sauce, oyster sauce, honey, minced garlic, and black pepper to make the marinade.||2. Add the thinly sliced pork shoulder to the marinade, ensuring each piece is fully coated, then cover and refrigerate for at least 30 minutes to allow the flavors to penetrate.||3. While the pork marinates, rinse the jasmine rice under cold water until the water runs clear to remove excess starch, which helps prevent clumping.||4. In a medium pot, combine the rinsed rice and 4 cups of water, bring to a boil over high heat, then reduce to a simmer, cover, and cook for 15 minutes until the water is absorbed and the rice is tender.||5. Heat a grill pan or outdoor grill to medium-high heat (about 400°F) and lightly brush with vegetable oil to prevent sticking.||6. Remove the pork from the marinade, shaking off any excess, and place it on the hot grill, cooking for 3-4 minutes per side until nicely charred and cooked through with an internal temperature of 145°F.||7. Tip: Avoid overcrowding the grill pan to ensure even browning and proper caramelization of the marinade.||8. Once the pork is grilled, let it rest for 5 minutes before slicing to retain its juices and tenderness.||9. Tip: If you prefer a saucier dish, simmer the leftover marinade in a small saucepan for 5 minutes until slightly thickened and drizzle it over the pork.||10. Fluff the cooked rice with a fork to separate the grains and serve it warm alongside the grilled pork slices.||11. Arrange the thinly sliced cucumber and fresh cilantro leaves on top as a refreshing garnish.||12. Tip: For an extra kick, serve with a side of pickled vegetables or a squeeze of lime juice to balance the rich, savory flavors."
baingan-bharta,Baingan Bharta,https://www.themealdb.com/images/media/meals/urtpqw1487341253.jpg,http://www.vegrecipesofindia.com/baingan-bharta-recipe-punjabi-baingan-bharta-recipe/,India,Vegetarian,90,450,18,no,light,4,1||aubergine|produce;120|ml|onion|produce;240|ml|tomatoes|produce;6|clove|garlic|produce;1||green chilli|produce;0.25|tsp|red chilli powder|produce;1.5|tbsp|oil|dry goods;1|tbsp|coriander leaves|produce;1||salt|dry goods,"Rinse the baingan (eggplant or aubergine) in water. Pat dry with a kitchen napkin. Apply some oil all over and||keep it for roasting on an open flame. You can also grill the baingan or roast in the oven. But then you won't get||the smoky flavor of the baingan. Keep the eggplant turning after a 2 to 3 minutes on the flame, so that its evenly||cooked. You could also embed some garlic cloves in the baingan and then roast it.||2. Roast the aubergine till its completely cooked and tender. With a knife check the doneness. The knife should slid||easily in aubergines without any resistance. Remove the baingan and immerse in a bowl of water till it cools||3. You can also do the dhungar technique of infusing charcoal smoky flavor in the baingan. This is an optional step.||Use natural charcoal for this method. Heat a small piece of charcoal on flame till it becomes smoking hot and red.||4. Make small cuts on the baingan with a knife. Place the red hot charcoal in the same plate where the roasted||aubergine is kept. Add a few drops of oil on the charcoal. The charcoal would begin to smoke.||5. As soon as smoke begins to release from the charcoal, cover the entire plate tightly with a large bowl. Allow the||charcoal smoke to get infused for 1 to 2 minutes. The more you do, the more smoky the baingan bharta will||become. I just keep for a minute. Alternatively, you can also do this dhungar method once the baingan bharta is||cooked, just like the way we do for Dal Tadka.||6. Peel the skin from the roasted and smoked eggplant.||7. Chop the cooked eggplant finely or you can even mash it.||8. In a kadai or pan, heat oil. Then add finely chopped onions and garlic.||9. Saute the onions till translucent. Don't brown them.||10. Add chopped green chilies and saute for a minute.||11. Add the chopped tomatoes and mix it well.||12. Bhuno (saute) the tomatoes till the oil starts separating from the mixture.||13. Now add the red chili powder. Stir and mix well.||14. Add the chopped cooked baingan.||15. Stir and mix the chopped baingan very well with the onion­tomato masala mixture.||16. Season with salt. Stir and saute for some more 4 to 5 minutes more.||17. Finally stir in the coriander leaves with the baingan bharta or garnish it with them. Serve Baingan Bharta with||phulkas, rotis or chapatis. It goes well even with bread, toasted or grilled bread and plain rice or jeera rice."
baked-salmon-with-fennel-tomatoes,Baked salmon with fennel & tomatoes,https://www.themealdb.com/images/media/meals/1548772327.jpg,https://www.bbcgoodfood.com/recipes/7745/baked-salmon-with-fennel-and-tomatoes,British,Seafood,25,500,35,no,balanced,4,2||fennel|produce;2|tbsp|parsley|produce;1||lemon|produce;175|g|cherry tomatoes|produce;1|tbsp|olive oil|dry goods;350|g|salmon|meat and fish;1||black olives|dry goods,"Heat oven to 180C/fan 160C/gas 4. Trim the fronds from the fennel and set aside. Cut the fennel bulbs in half, then cut each half into 3 wedges. Cook in boiling salted water for 10 mins, then drain well. Chop the fennel fronds roughly, then mix with the parsley and lemon zest.||Spread the drained fennel over a shallow ovenproof dish, then add the tomatoes. Drizzle with olive oil, then bake for 10 mins. Nestle the salmon among the veg, sprinkle with lemon juice, then bake 15 mins more until the fish is just cooked. Scatter over the parsley and serve."
balchi-di-pisca,Balchi di Pisca,https://www.themealdb.com/images/media/meals/qqwhw51780093126.jpg,https://www.visitaruba.com/aruba-recipes/balchi-di-pisca/,,Seafood,80,500,35,yes,balanced,4,1||salt cod|meat and fish;3||potatoes|produce;1||tomato|produce;0.5||green pepper|produce;1||onion|produce;1|clove|garlic|produce;0.5|tsp|tobasco sauce|dry goods;1|pinch|nutmeg|dry goods;1||salt|dry goods;1||pepper|produce;1||egg|dairy,"These delectable fish balls can also be made with salmon or fish fillets. Substitute one large can of salmon or one pound of any white fish for the cod.||Soak for twenty-four hours:||1 salted cod, or bakijow Discard the water.||Place cod in saucepan with fresh water to cover. Simmer gently until the fish flakes easily when tested with the tines of a fork. Strain, reserving a bit of the broth. De bone the cod and set it aside for later use. In a saucepan, bring to boil in water to cover: 3 medium potatoes, peeled and diced When the potatoes are tender, drain them well. Add the cod and mash the two ingredients thoroughly together.||Place in the container of an electric blender:||1 tomato, peeled and chopped||1/2 green pepper, chopped||1 medium onion, peeled and chopped||1 clove garlic, slivered||1/2 tsp. Tabasco sauce, or minced hot pepper||Dash of nutmeg||Salt and pepper to taste||Blend for a few seconds and pour the sauce over the mashed fish mixture. Combine these ingredients well and add 1 egg, beaten Mixture should be stiff enough to mold into balls about one and a half inches in diameter, If it's too dry, add the fish stock a tablespoon at a time. Fry the balls in hot, deep fat until golden brown."
bang-bang-prawn-salad,Bang bang prawn salad,https://www.themealdb.com/images/media/meals/4xcfai1763765676.jpg,https://www.bbcgoodfood.com/recipes/bang-bang-prawn-salad,Vietnamese,Seafood,25,500,35,no,balanced,4,140|g|rice noodles|dry goods;3|tbsp|peanut butter|dairy;4|tbsp|coconut milk|dairy;3|tbsp|sweet chilli sauce|produce;3||spring onions|produce;1||cucumber|produce;300|g|bean sprouts|produce;200|g|prawns|meat and fish,"Cook the noodles following pack instructions, then rinse under cold water and drain thoroughly. In a small saucepan melt together the peanut butter, coconut milk, sweet chilli sauce and half the spring onions, adding 1-2 tbsp of water to loosen the mixture to a drizzling consistency.||Mix the noodles, cucumber and beansprouts in a serving dish. Top with the prawns, drizzle over the peanut sauce and scatter over the remaining spring onions."
bangladeshi-fish-curry-with-daikon,Bangladeshi fish curry with daikon,https://www.themealdb.com/images/media/meals/r7mcjm1780261264.jpg,https://www.greatbritishchefs.com/recipes/bangladesh-fish-curry-recipe,,Seafood,60,500,35,no,balanced,4,450|g|white fish|meat and fish;450|g|daikon radish|produce;4|tbsp|vegetable oil|dry goods;4|clove|garlic|produce;1||onion|produce;2|tsp|salt|dry goods;1|tsp|ground turmeric|dry goods;2|tsp|ground coriander|produce;2|tsp|chilli powder|produce;2||green chilli|produce;1|handful|coriander leaves|produce;1||lime|produce,"If you are using rohu fish it will usually be frozen. Soak it in cold water for 30-45 minutes to defrost and while still a little firm, descale and cut each steak into quarters and wash in cold saltwater a few times. Drain and set aside. If using an alternative such as cod, cut into 2 ½ inch chunks then rinse, drain and set aside||Top and tail the daikon and peel using a potato peeler. Cut in half widthways then cut each half down the middle, lengthways. Now slice into 2cm-thick half-moon pieces. Rinse and set aside||Place a large, shallow saucepan over a medium heat and add the oil. When the oil is hot add the crushed garlic and stir for a minute until pale golden||Add the onion paste and salt and cook for 3-5 minutes, until the onion softens and becomes translucent, stirring occasionally||Pour in 200ml of water then cover and cook for 10 minutes, stirring once or twice||After 10 minutes add the ground spices and stir for a couple of minutes so that the spices cook through. Cover and cook for 5 minutes over a low heat then stir in the daikon. After a minute or so add 200ml of water. Cover and cook for 10 minutes on a medium heat||Add the fish pieces to the pan and mix thoroughly so that the fish is coated in the spices. Gently shake the pan and cover and cook for 5 minutes on medium heat. It is very important not to stir the pot after this stage||Meanwhile, boil some water. After the 5 minutes are over carefully pour 500ml hot water into the pan. When doing this pour into the sides of the pan so that you don’t pour boiling water directly onto the fish||Give the pan a gentle shake then cover and simmer over high heat for 15 minutes. Add the chopped coriander and chillies and continue cooking for another 5 minutes then turn off the heat. Serve immediately with rice and the lime wedges"
barbados-pepperpot,Barbados Pepperpot,https://www.themealdb.com/images/media/meals/5tf8j11782236249.jpg,https://www.totallybarbados.com/articles/barbados-recipes/barbados-pepperpot/,,Beef,85,650,40,yes,high-protein,4,2||pigs trotters|dry goods;907|g|oxtail|dry goods;1||lime juice|produce;3|clove|garlic|produce;2||scotch bonnet|dry goods;1||onion|produce;1||cinnamon stick|dry goods;2||cloves|dry goods;1|pinch|sugar|dry goods;1|pinch|salt|dry goods;1||basil|produce;1||thyme|produce;907|g|beef|meat and fish,"Wash the stewing steak and place it in the mixing bowl with the lemon or lime juice.||Set that to one side; while you slice the garlic into tiny slices, slice the onion. Chop the basil and thyme.||Now you need to be very careful when you slice the scotch bonnet peppers; you want these in fine pieces, which you can either do with a long knife trying not to touch the pepper, or you can wear rubber gloves to cut it up. Wash your hands straight afterward and do not touch your eyes; these peppers really burn your hands and eyes if they make contact with the skin!||Now rinse the lime or lemon juice off the stewing steak. And cut the meat into cubes.||Also, chop the pig’s trotters and the oxtail into cubes.||Fill the large saucepan with water and bring to a boil.||Add the pig’s trotters.||When the pig’s trotters have boiled, drain the excess water, and now add the stewing steak and cover with fresh hot water.||Now add your chopped garlic, onion, and peppers.||Now add the cinnamon stick, cloves, basil, and thyme and a pinch of salt and sugar to taste.||Now simmer until the meat is tender. The flavor of this dish comes out over a few days and therefore gets tastier each time you reheat it; make sure you always reheat the entire pot to boiling point."
barbecue-pork-buns,Barbecue pork buns,https://www.themealdb.com/images/media/meals/tzsy461763769901.jpg,https://www.bbcgoodfood.com/recipes/barbecue-pork-buns,Vietnamese,Pork,30,620,38,yes,high-protein,4,85|g|sugar|dry goods;500|g|white bread mix|dry goods;1|tbsp|sunflower oil|dry goods;12||bacon|meat and fish;1||ginger|produce;2|clove|garlic|produce;2|tbsp|soy sauce|dry goods;3|tbsp|clear honey|dry goods;3|tbsp|tomato puree|produce;1||egg|dairy,"Heat the oven to 200C/fan 180C/gas. Mix the sugar into the bread mix in a large bowl, then add water as instructed on the pack. Bring the dough together with a wooden spoon, then knead on a lightly floured surface for 5 mins until smooth. Put into a large bowl, cover with oiled cling film then leave in a warm place until doubled in size.||Meanwhile, heat the oil in a pan, then fry the bacon until crisp, about 5 mins. Add the ginger and garlic and fry for 1 min until soft, then tip in the soy, honey and tomato purée and stir well. Can be made up to 3 days ahead.||Turn out the dough and knead briefly, then pull into 12 even-sized balls. Flatten with your hands, then put a teaspoon-size blob of the filling in the middle. Draw the dough up and pinch it closed like a purse, then turn the bun over and sit it on a large baking sheet. Cover with oiled cling film and leave to rise for about 30 mins until the dough feels pillowy. Brush with egg and bake for 20 mins until golden. Serve warm with dipping sauce. Can be frozen after second rise for up to 1 month or baked up to a day ahead and re-warmed."
bean-sausage-hotpot,Bean & Sausage Hotpot,https://www.themealdb.com/images/media/meals/vxuyrx1511302687.jpg,https://www.bbcgoodfood.com/recipes/339607/bean-and-sausage-hotpot,British,Miscellaneous,25,550,28,yes,balanced,4,8||sausages|meat and fish;1||tomato sauce|produce;1200|g|butter beans|dairy;1||black treacle|dry goods;1|tsp|english mustard|dry goods,"In a large casserole, fry the sausages until brown all over – about 10 mins.||Add the tomato sauce, stirring well, then stir in the beans, treacle or sugar and mustard. Bring to the simmer, cover and cook for 30 mins. Great served with crusty bread or rice."
beef-asado,Beef Asado,https://www.themealdb.com/images/media/meals/pkopc31683207947.jpg,https://panlasangpinoy.com/beef-asado/,Filipino,Beef,70,650,40,no,high-protein,4,1.5|kg|beef|meat and fish;1||beef stock concentrate|meat and fish;227|g|tomato puree|produce;720|ml|water|dry goods;6|tbsp|soy sauce|dry goods;1|tbsp|white wine vinegar|dry goods;2|tbsp|pepper|produce;4||bay leaf|dry goods;0.5||lemon|produce;2|tbsp|tomato sauce|produce;3|tbsp|butter|dairy;120|ml|olive oil|dry goods;1||onion|produce;4|clove|garlic|produce,"0.	Combine beef, crushed peppercorn, soy sauce, vinegar, dried bay leaves, lemon, and tomato sauce. Mix well. Marinate beef for at least 30 minutes.||1.	Put the marinated beef in a cooking pot along with remaining marinade. Add water. Let boil.||2.	Add Knorr Beef Cube. Stir. Cover the pot and cook for 40 minutes in low heat.||3.	Turn the beef over. Add tomato paste. Continue cooking until beef tenderizes. Set aside.||4.	Heat oil in a pan. Fry the potato until it browns. Turn over and continue frying the opposite side. Remove from the pan and place on a clean plate. Do the same with the carrots.||5.	Save 3 tablespoons of cooking oil from the pan where the potato was fried. Saute onion and garlic until onion softens.||6.	Pour-in the sauce from the beef stew. Let boil. Add the beef. Cook for 2 minutes.||7.	Add butter and let it melt. Continue cooking until the sauce reduces to half."
beef-banh-mi-bowls-with-sriracha-mayo-carrot-pickled-cucumbe,"Beef Banh Mi Bowls with Sriracha Mayo, Carrot & Pickled Cucumber",https://www.themealdb.com/images/media/meals/z0ageb1583189517.jpg,https://www.themealdb.com/meal/52997,Vietnamese,Beef,60,650,40,yes,high-protein,4,1||rice|dry goods;1||onion|produce;1||lime|produce;3||garlic clove|produce;1||cucumber|produce;85|g|carrots|produce;454|g|ground beef|meat and fish;57|g|soy sauce|dry goods,"Add'l ingredients: mayonnaise, siracha||Place rice in a fine-mesh sieve and rinse until water runs clear. Add to a small pot with 1 cup water (2 cups for 4 servings) and a pinch of salt. Bring to a boil, then cover and reduce heat to low. Cook until rice is tender, 15 minutes. Keep covered off heat for at least 10 minutes or until ready to serve.||Meanwhile, wash and dry all produce. Peel and finely chop garlic. Zest and quarter lime (for 4 servings, zest 1 lime and quarter both). Trim and halve cucumber lengthwise; thinly slice crosswise into half-moons. Halve, peel, and medium dice onion. Trim, peel, and grate carrot.||In a medium bowl, combine cucumber, juice from half the lime, ¼ tsp sugar (½ tsp for 4 servings), and a pinch of salt. In a small bowl, combine mayonnaise, a pinch of garlic, a squeeze of lime juice, and as much sriracha as you’d like. Season with salt and pepper.||Heat a drizzle of oil in a large pan over medium-high heat. Add onion and cook, stirring, until softened, 4-5 minutes. Add beef, remaining garlic, and 2 tsp sugar (4 tsp for 4 servings). Cook, breaking up meat into pieces, until beef is browned and cooked through, 4-5 minutes. Stir in soy sauce. Turn off heat; taste and season with salt and pepper.||Fluff rice with a fork; stir in lime zest and 1 TBSP butter. Divide rice between bowls. Arrange beef, grated carrot, and pickled cucumber on top. Top with a squeeze of lime juice. Drizzle with sriracha mayo."
beef-bourguignon,Beef Bourguignon,https://www.themealdb.com/images/media/meals/vtqxtu1511784197.jpg,https://www.bbcgoodfood.com/recipes/5032/beef-bourguignon,France,Beef,60,650,40,no,high-protein,4,3|tsp|goose fat|dry goods;600|g|beef shin|meat and fish;100|g|bacon|meat and fish;350|g|challots|dry goods;250|g|chestnut mushroom|produce;2||garlic clove|produce;1||bouquet garni|dry goods;1|tbsp|tomato puree|produce;750|ml|red wine|dry goods;600|g|celeriac|dry goods;2|tbsp|olive oil|dry goods;1|sprig|thyme|produce;1|sprig|rosemary|produce;2||bay leaf|dry goods;4||cardamom|dry goods,"Heat a large casserole pan and add 1 tbsp goose fat. Season the beef and fry until golden brown, about 3-5 mins, then turn over and fry the other side until the meat is browned all over, adding more fat if necessary. Do this in 2-3 batches, transferring the meat to a colander set over a bowl when browned.||In the same pan, fry the bacon, shallots or pearl onions, mushrooms, garlic and bouquet garni until lightly browned. Mix in the tomato purée and cook for a few mins, stirring into the mixture. This enriches the bourguignon and makes a great base for the stew. Then return the beef and any drained juices to the pan and stir through.||Pour over the wine and about 100ml water so the meat bobs up from the liquid, but isn’t completely covered. Bring to the boil and use a spoon to scrape the caramelised cooking juices from the bottom of the pan – this will give the stew more flavour.||Heat oven to 150C/fan 130C/gas 2. Make a cartouche: tear off a square of foil slightly larger than the casserole, arrange it in the pan so it covers the top of the stew and trim away any excess foil. Then cook for 3 hrs. If the sauce looks watery, remove the beef and veg with a slotted spoon, and set aside. Cook the sauce over a high heat for a few mins until the sauce has thickened a little, then return the beef and vegetables to the pan.||To make the celeriac mash, peel the celeriac and cut into cubes. Heat the olive oil in a large frying pan. Tip in the celeriac and fry for 5 mins until it turns golden. Season well with salt and pepper. Stir in the rosemary, thyme, bay and cardamom pods, then pour over 200ml water, enough to nearly cover the celeriac. Turn the heat to low, partially cover the pan and leave to simmer for 25-30 mins.||After 25-30 mins, the celeriac should be soft and most of the water will have evaporated. Drain away any remaining water, then remove the herb sprigs, bay and cardamom pods. Lightly crush with a potato masher, then finish with a glug of olive oil and season to taste. Spoon the beef bourguignon into serving bowls and place a large spoonful of the celeriac mash on top. Garnish with one of the bay leaves, if you like."
beef-brisket-pot-roast,Beef Brisket Pot Roast,https://www.themealdb.com/images/media/meals/ursuup1487348423.jpg,http://www.simplyrecipes.com/recipes/beef_brisket_pot_roast/,United States,Beef,90,650,40,yes,high-protein,4,1814|g|beef brisket|meat and fish;1|pinch|salt|dry goods;3||onion|produce;5|clove|garlic|produce;1|sprig|thyme|produce;1|sprig|rosemary|produce;4||bay leaves|dry goods;480|ml|beef stock|meat and fish;3||carrots|produce;1|tbsp|mustard|dry goods;4||potatoes|produce,"1 Prepare the brisket for cooking: On one side of the brisket there should be a layer of fat, which you want. If there are any large chunks of fat, cut them off and discard them. Large pieces of fat will not be able to render out completely.||Using a sharp knife, score the fat in parallel lines, about 3/4-inch apart. Slice through the fat, not the beef. Repeat in the opposite direction to make a cross-hatch pattern.||Salt the brisket well and let it sit at room temperature for 30 minutes.||2 Sear the brisket: You'll need an oven-proof, thick-bottomed pot with a cover, or Dutch oven, that is just wide enough to hold the brisket roast with a little room for the onions.||Pat the brisket dry and place it, fatty side down, into the pot and place it on medium high heat. Cook for 5-8 minutes, lightly sizzling, until the fat side is nicely browned. (If the roast seems to be cooking too fast, turn the heat down to medium. You want a steady sizzle, not a raging sear.)||Turn the brisket over and cook for a few minutes more to brown the other side.||3 Sauté the onions and garlic: When the brisket has browned, remove it from the pot and set aside. There should be a couple tablespoons of fat rendered in the pot, if not, add some olive oil.||Add the chopped onions and increase the heat to high. Sprinkle a little salt on the onions. Sauté, stirring often, until the onions are lightly browned, 5-8 minutes. Stir in the garlic and cook 1-2 more minutes.||4 Return brisket to pot, add herbs, stock, bring to simmer, cover, cook in oven: Preheat the oven to 300°F. Use kitchen twine to tie together the bay leaves, rosemary and thyme.||Move the onions and garlic to the sides of the pot and nestle the brisket inside. Add the beef stock and the tied-up herbs. Bring the stock to a boil on the stovetop.||Cover the pot, place the pot in the 300°F oven and cook for 3 hours. Carefully flip the brisket every hour so it cooks evenly.||5 Add carrots, continue to cook: After 3 hours, add the carrots. Cover the pot and cook for 1 hour more, or until the carrots are cooked through and the brisket is falling-apart tender.||6 Remove brisket to cutting board, tent with foil: When the brisket is falling-apart tender, take the pot out of the oven and remove the brisket to a cutting board. Cover it with foil. Pull out and discard the herbs.||7 Make sauce (optional): At this point you have two options. You can serve as is, or you can make a sauce with the drippings and some of the onions. If you serve as is, skip this step.||To make a sauce, remove the carrots and half of the onions, set aside and cover them with foil. Pour the ingredients that are remaining into the pot into a blender, and purée until smooth. If you want, add 1 tablespoon of mustard to the mix. Put into a small pot and keep warm.||8 Slice the meat across the grain: Notice the lines of the muscle fibers of the roast. This is the ""grain"" of the meat. Slice the meat perpendicular to these lines, or across the grain (cutting this way further tenderizes the meat), in 1/4-inch to 1/2-inch slices.||Serve with the onions, carrots and gravy. Serve with mashed, roasted or boiled potatoes, egg noodles or polenta."
beef-caldereta,Beef Caldereta,https://www.themealdb.com/images/media/meals/41cxjh1683207682.jpg,https://www.kawalingpinoy.com/beef-caldereta/,Filipino,Beef,70,650,40,no,high-protein,4,2|kg|beef|meat and fish;1||beef stock|meat and fish;1|tbsp|soy sauce|dry goods;480|ml|water|dry goods;1||green pepper|produce;1||red pepper|produce;1||potatoes|produce;1||carrots|produce;227|g|tomato puree|produce;3|tbsp|peanut butter|dairy;5||chilli powder|produce;1||onion|produce;5|clove|garlic|produce;3|tbsp|olive oil|dry goods,"0.	Heat oil in a cooking pot. Saute onion and garlic until onion softens||1.	Add beef. Saute until the outer part turns light brown.||2.	Add soy sauce. Pour tomato sauce and water. Let boil.||3.	Add Knorr Beef Cube. Cover the pressure cooker. Cook for 30 minutes.||4.	Pan-fry carrot and potato until it browns. Set aside.||5.	Add chili pepper, liver spread and peanut butter. Stir.||6.	Add bell peppers, fried potato and carrot. Cover the pot. Continue cooking for 5 to 7 minutes.||7.	Season with salt and ground black pepper. Serve."
beef-empanadas,Beef Empanadas,https://www.themealdb.com/images/media/meals/dxpc7j1764370714.jpg,https://jennyisbaking.com/2019/10/25/traditionelle-uruguayische-empanadas/#recipe,Uruguayan,Beef,50,650,40,yes,high-protein,4,60|g|lard|dry goods;340|g|water|dry goods;1|tsp|salt|dry goods;600|g|all purpose flour|dry goods;3||tomato|produce;1|clove|garlic|produce;1||red onions|produce;1|bunch|spring onions|produce;750|g|sirloin steak|meat and fish;1|tbsp|dried oregano|dry goods;1|tsp|paprika|dry goods;1|tsp|red pepper flakes|produce;1|tsp|parsley|produce;1||salt|dry goods;1||pepper|produce;3||egg|dairy;1||egg wash|dairy;1||chimichurri sauce|dry goods,"For the dough place lard, warm water and salt in a large kneading bowl and stir. Add flour and oregano and either knead five miutes by hand or with the kneading function of your machine. Let rest covered for at least half an hour or overnight in the fridge.||For the filling place tomatoes for about 30 seconds in boiling water, then cool with cold water and peel of skin and cut into cubes. Press garlic through garlic press, cut onions into cubes. Simmer garlic and onions in some olive oil until translucent. Take out onions and garlic and brown the meat at high heat from all sides. Season with all herbs and add the onions, garlic and tomatoes. Let simmer for a few minutes, add salt, pepper and additional spices to taste. You can prepare the meat the night before, chill in fridge if doing so. Boil eggs and also cut into cubes and mix with prepared meat.||Cut dough into half and roll out one half thinnly on floured surface. Cut out circles about 12-15cm in diameter. Mine have a diameter of 12.5 cm. Place about 2-4 teaspoons of filling on one circle, put a bit of water all around the edges and fold over the other half so that you get half moons. Be sure to seal the edges with a fork. Repeat until you have no dough and filling left.||Meanwhile preheat oven to 200 degrees Celsius. Brush empanadas with egg wash and bake about 8 empanadas on a baking sheet lined with parchment paper for about 25min or until golden. Serve warm with chimichurri sauce."
beef-lo-mein,Beef Lo Mein,https://www.themealdb.com/images/media/meals/1529444830.jpg,https://sueandgambo.com/pages/beef-lo-mein,Chinese,Beef,80,650,40,yes,high-protein,4,227|g|beef|meat and fish;1|pinch|salt|dry goods;1|pinch|pepper|produce;2|tsp|sesame seed oil|dry goods;0.5||egg|dairy;3|tbsp|starch|dry goods;5|tbsp|oil|dry goods;113|g|noodles|dry goods;120|ml|onion|produce;1|tsp|minced garlic|meat and fish;1|tsp|ginger|produce;240|ml|bean sprouts|produce;240|ml|mushrooms|produce;240|ml|water|dry goods;1|tbsp|oyster sauce|dry goods;1|tsp|sugar|dry goods;1|tsp|soy sauce|dry goods,"- MARINATING THE BEEF||In a bowl, add the beef, salt, 1 pinch white pepper, 1 Teaspoon sesame seed oil, 1/2 egg, corn starch,1 Tablespoon of oil and mix together.||- BOILING THE THE NOODLES||In a 6 qt pot add your noodles to boiling water until the noodles are submerged and boil on high heat for 10 seconds. After your noodles is done boiling strain and cool with cold water.||Add 2 Tablespoons of oil, beef and cook on high heat untill beef is medium cooked.||Set the cooked beef aside||In a wok add 2 Tablespoon of oil, onions, minced garlic, minced ginger, bean sprouts, mushrooms, peapods and 1.5 cups of water or until the vegetables are submerged in water.||Add the noodles to wok||To make the sauce, add oyster sauce, 1 pinch white pepper, 1 teaspoon sesame seed oil, sugar, and 1 Teaspoon of soy sauce.||Next add the beef to wok and stir-fry"
beef-mandi,Beef Mandi,https://www.themealdb.com/images/media/meals/1nalo51765188375.jpg,https://www.themealdb.com/meal/53359,India,Beef,90,650,40,no,high-protein,4,1|kg|basmati rice|dry goods;1200|ml|beef stock|meat and fish;2||onion|produce;5|clove|garlic|produce;2||green chilli|produce;1||tomato|produce;2.5|tsp|salt|dry goods;3|tbsp|oil|dry goods;1|tsp|turmeric powder|dry goods;0.5|tsp|cardamom|dry goods;0.5|tsp|cloves|dry goods;0.5|tsp|bay leaf|dry goods,"1. Wash the beef and cut into large pieces. Season lightly with salt and turmeric.||2. Heat ghee/oil in a large pot. Add sliced onions and sauté until light golden.||3. Add garlic, green chilies, and tomato; cook until softened.||4. Add the mandi spice mix: coriander, cumin, black pepper, cinnamon, cardamom, cloves, and bay leaves.||5. Add beef pieces and stir on medium heat until the meat is well coated with spices.||6. Pour in water or beef stock. Cover and simmer until beef is tender (about 1.5–2 hours depending on cut).||7. Remove beef carefully and set aside. Strain and measure the broth.||8. Add washed, soaked basmati rice to the broth (usually 1 cup rice = 1.5–2 cups liquid). Adjust seasoning and bring to a boil.||9. Lower heat, cover, and cook the rice until fluffy.||10. Place the beef pieces over the rice and steam on low heat for 10 minutes so flavors combine.||11. Optional: For smoky flavor, place a small hot charcoal on foil in the pot, add 1 tsp butter/oil, immediately cover for 5 minutes. Remove coal before serving.||12. Fluff rice and serve beef mandi with salad or chutney."
beef-mechado,Beef Mechado,https://www.themealdb.com/images/media/meals/cgl60b1683206581.jpg,https://panlasangpinoy.com/filipino-pinoy-food-tomato-sauce-beef-mechado-recipe/,Filipino,Beef,60,650,40,yes,high-protein,4,3|clove|garlic|produce;1||onion|produce;907|g|beef|meat and fish;227|g|tomato puree|produce;240|ml|water|dry goods;3|tbsp|olive oil|dry goods;1|slice|lemon|produce;1||potatoes|produce;60|ml|soy sauce|dry goods;0.5|tsp|black pepper|produce;2||bay leaves|dry goods;1||salt|dry goods,"0.	Make the beef tenderloin marinade by combining soy sauce, vinegar, ginger, garlic, sesame oil, olive oil, sugar, salt, and ground black pepper in a large bowl. Mix well.||1.	Add the cubed beef tenderloin to the bowl with the beef tenderloin marinade. Gently toss to coat the beef. Let it stay for 1 hour.||2.	Using a metal or bamboo skewer, assemble the beef kebob by skewering the vegetables and marinated beef tenderloin.||3.	Heat-up the grill and start grilling the beef kebobs for 3 minutes per side. This will give you a medium beef that is juicy and tender on the inside. Add more time if you want your beef well done, but it will be less tender.||4.	Transfer to a serving plate. Serve with Saffron rice.||5.	Share and enjoy!"
beef-rendang,Beef Rendang,https://www.themealdb.com/images/media/meals/bc8v651619789840.jpg,https://rasamalaysia.com/beef-rendang-recipe-rendang-daging/,Malaysian,Beef,45,650,40,yes,high-protein,4,454|g|beef|meat and fish;5|tbsp|vegetable oil|dry goods;1||cinnamon stick|dry goods;3||cloves|dry goods;3||star anise|dry goods;3||cardamom|dry goods;240|ml|coconut cream|dairy;240|ml|water|dry goods;2|tbsp|tamarind paste|dry goods;6||lime|produce;1|tbsp|sugar|dry goods;5||challots|dry goods,"Chop the spice paste ingredients and then blend it in a food processor until fine.||Heat the oil in a stew pot, add the spice paste, cinnamon, cloves, star anise, and cardamom and stir-fry until aromatic. Add the beef and the pounded lemongrass and stir for 1 minute. Add the coconut milk, tamarind juice, water, and simmer on medium heat, stirring frequently until the meat is almost cooked. Add the kaffir lime leaves, kerisik (toasted coconut), sugar or palm sugar, stirring to blend well with the meat.||Lower the heat to low, cover the lid, and simmer for 1 to 1 1/2 hours or until the meat is really tender and the gravy has dried up. Add more salt and sugar to taste. Serve immediately with steamed rice and save some for overnight."
beef-sunday-roast,Beef Sunday Roast,https://www.themealdb.com/images/media/meals/ssrrrs1503664277.jpg,https://www.bbcgoodfood.com/recipes/9020/best-yorkshire-puddings,British,Beef,60,650,40,yes,high-protein,4,8|slice|beef|meat and fish;12||broccoli|produce;1||potatoes|produce;1||carrots|produce;140|g|plain flour|dry goods;4||eggs|dairy;200|ml|milk|dairy;1||sunflower oil|dry goods,"Cook the Broccoli and Carrots in a pan of boiling water until tender.||Roast the Beef and Potatoes in the oven for 45mins, the potatoes may need to be checked regularly to not overcook.||To make the Yorkshire puddings:||Heat oven to 230C/fan 210C/gas 8. Drizzle a little sunflower oil evenly into 2 x 4-hole Yorkshire pudding tins or a 12-hole non-stick muffin tin and place in the oven to heat through||To make the batter, tip 140g plain flour into a bowl and beat in four eggs until smooth. Gradually add 200ml milk and carry on beating until the mix is completely lump-free. Season with salt and pepper. Pour the batter into a jug, then remove the hot tins from the oven. Carefully and evenly pour the batter into the holes. Place the tins back in the oven and leave undisturbed for 20-25 mins until the puddings have puffed up and browned. Serve immediately.||Plate up and add the Gravy as desired."
beef-wellington,Beef Wellington,https://www.themealdb.com/images/media/meals/vvpprx1487325699.jpg,http://www.goodtoknow.co.uk/recipes/164868/Gordon-Ramsay-s-beef-Wellington,British,Beef,60,650,40,yes,high-protein,4,400|g|mushrooms|produce;1|tbsp|english mustard|dry goods;1|pinch|olive oil|dry goods;750|g|beef fillet|meat and fish;6|slice|parma ham|meat and fish;500|g|puff pastry|freezer;1||flour|dry goods;2||egg yolks|dairy,"Put the mushrooms into a food processor with some seasoning and pulse to a rough paste. Scrape the paste into a pan and cook over a high heat for about 10 mins, tossing frequently, to cook out the moisture from the mushrooms. Spread out on a plate to cool.||Heat in a frying pan and add a little olive oil. Season the beef and sear in the hot pan for 30 secs only on each side. (You don't want to cook it at this stage, just colour it). Remove the beef from the pan and leave to cool, then brush all over with the mustard.||Lay a sheet of cling film on a work surface and arrange the Parma ham slices on it, in slightly overlapping rows. With a palette knife, spread the mushroom paste over the ham, then place the seared beef fillet in the middle. Keeping a tight hold of the cling film from the edge, neatly roll the Parma ham and mushrooms around the beef to form a tight barrel shape. Twist the ends of the cling film to secure. Chill for 15-20 mins to allow the beef to set and keep its shape.||Roll out the puff pastry on a floured surface to a large rectangle, the thickness of a £1 coin. Remove the cling film from the beef, then lay in the centre. Brush the surrounding pastry with egg yolk. Fold the ends over, the wrap the pastry around the beef, cutting off any excess. Turn over, so the seam is underneath, and place on a baking sheet. Brush over all the pastry with egg and chill for about 15 mins to let the pastry rest.||Heat the oven to 200C, 400F, gas 6.||Lightly score the pastry at 1cm intervals and glaze again with beaten egg yolk. Bake for 20 minutes, then lower the oven setting to 180C, 350F, gas 4 and cook for another 15 mins. Allow to rest for 10-15 mins before slicing and serving with the side dishes of your choice. The beef should still be pink in the centre when you serve it."
beef-and-broccoli-stir-fry,Beef and Broccoli Stir-Fry,https://www.themealdb.com/images/media/meals/m0p0j81765568742.jpg,https://www.simplyrecipes.com/recipes/broccoli_beef/,Chinese,Beef,90,650,40,yes,high-protein,4,1|tsp|soy sauce|dry goods;1|tsp|dry sherry|dry goods;0.5|tsp|cornstarch|produce;0.125|tsp|black pepper|produce;454|g|sirloin steak|meat and fish;2|tbsp|oyster sauce|dry goods;1|tsp|dry sherry|dry goods;1|tbsp|soy sauce|dry goods;60|ml|chicken stock|meat and fish;454|g|broccoli|produce;2|tbsp|high heat cooking oil|dry goods;2|clove|garlic|produce;1|tsp|cornstarch|produce;1|tbsp|water|dry goods,"Marinate the beef:||Stir together the beef marinade ingredients (1 teaspoon soy sauce, 1 teaspoon Chinese rice wine, 1/2 teaspoon cornstarch, 1/8 teaspoon black pepper) in a medium bowl.||Add the beef slices and stir until coated. Let stand for 10 minutes.||Prepare the sauce:||Stir together the sauce ingredients (2 tablespoons oyster sauce, 1 teaspoon Chinese rice wine, 1 teaspoon soy sauce, 1/4 cup chicken broth) in a small bowl. Set aside.||Blanch or steam the broccoli:||Bring a pot of water to a boil. Add the broccoli and cook until crisp-tender, about 2 minutes. Drain thoroughly.||Stir-fry the beef:||Heat a large frying pan or wok over high heat until a bead of water sizzles and instantly evaporates upon contact. Add the cooking oil and swirl to coat.||Add the beef and immediately spread it out all over the surface of the wok or pan in a single layer (preferably not touching).||Let the beef fry undisturbed for 1 minute. Flip the beef slices over, add the garlic to the pan, and fry for an additional 30 seconds to 1 minute until no longer pink.||Add the sauce, cornstarch, and broccoli:||Pour in the sauce and the cornstarch slurry (1 teaspoon cornstarch dissolved in 1 tablespoon of water). Stir until the sauce boils and thickens, about 30 seconds. Stir in the broccoli.||Serve immediately, with steamed rice or on its own."
beef-and-mustard-pie,Beef and Mustard Pie,https://www.themealdb.com/images/media/meals/sytuqu1511553755.jpg,https://www.bbc.co.uk/food/recipes/beef_and_mustard_pie_58002,British,Beef,90,650,40,no,high-protein,4,1|kg|beef|meat and fish;2|tbsp|plain flour|dry goods;2|tbsp|rapeseed oil|dry goods;200|ml|red wine|dry goods;400|ml|beef stock|meat and fish;1||onion|produce;2||carrots|produce;3|sprig|thyme|produce;2|tbsp|mustard|dry goods;2||egg yolks|dairy;400|g|puff pastry|freezer;300|g|green beans|dry goods;25|g|butter|dairy;1|pinch|salt|dry goods;1|pinch|pepper|produce,"Preheat the oven to 150C/300F/Gas 2.||Toss the beef and flour together in a bowl with some salt and black pepper.||Heat a large casserole until hot, add half of the rapeseed oil and enough of the beef to just cover the bottom of the casserole.||Fry until browned on each side, then remove and set aside. Repeat with the remaining oil and beef.||Return the beef to the pan, add the wine and cook until the volume of liquid has reduced by half, then add the stock, onion, carrots, thyme and mustard, and season well with salt and pepper.||Cover with a lid and place in the oven for two hours.||Remove from the oven, check the seasoning and set aside to cool. Remove the thyme.||When the beef is cool and you're ready to assemble the pie, preheat the oven to 200C/400F/Gas 6.||Transfer the beef to a pie dish, brush the rim with the beaten egg yolks and lay the pastry over the top. Brush the top of the pastry with more beaten egg.||Trim the pastry so there is just enough excess to crimp the edges, then place in the oven and bake for 30 minutes, or until the pastry is golden-brown and cooked through.||For the green beans, bring a saucepan of salted water to the boil, add the beans and cook for 4-5 minutes, or until just tender.||Drain and toss with the butter, then season with black pepper.||To serve, place a large spoonful of pie onto each plate with some green beans alongside."
beef-and-oyster-pie,Beef and Oyster pie,https://www.themealdb.com/images/media/meals/wrssvt1511556563.jpg,https://www.bbc.co.uk/food/recipes/beef_and_oyster_pie_65230,British,Beef,70,650,40,yes,high-protein,4,900|g|beef|meat and fish;3|tbsp|olive oil|dry goods;3||shallots|produce;2|clove|garlic|produce;125|g|bacon|meat and fish;1|tbsp|thyme|produce;2||bay leaf|dry goods;330|ml|stout|dry goods;400|ml|beef stock|meat and fish;2|tbsp|corn flour|produce;8||oysters|dry goods;400|g|plain flour|dry goods;1|pinch|salt|dry goods;250|g|butter|dairy;1||eggs|dairy,"Season the beef cubes with salt and black pepper. Heat a tablespoon of oil in the frying pan and fry the meat over a high heat. Do this in three batches so that you don’t overcrowd the pan, transferring the meat to a large flameproof casserole dish once it is browned all over. Add extra oil if the pan seems dry.||In the same pan, add another tablespoon of oil and cook the shallots for 4-5 minutes, then add the garlic and fry for 30 seconds. Add the bacon and fry until slightly browned. Transfer the onion and bacon mixture to the casserole dish and add the herbs.||Preheat the oven to 180C/350F/Gas 4.||Pour the stout into the frying pan and bring to the boil, stirring to lift any stuck-on browned bits from the bottom of the pan. Pour the stout over the beef in the casserole dish and add the stock. Cover the casserole and place it in the oven for 1½-2 hours, or until the beef is tender and the sauce is reduced.||Skim off any surface fat, taste and add salt and pepper if necessary, then stir in the cornflour paste. Put the casserole dish on the hob – don’t forget that it will be hot – and simmer for 1-2 minutes, stirring, until thickened. Leave to cool.||Increase the oven to 200C/400F/Gas 6. To make the pastry, put the flour and salt in a very large bowl. Grate the butter and stir it into the flour in three batches. Gradually add 325ml/11fl oz cold water – you may not need it all – and stir with a round-bladed knife until the mixture just comes together. Knead the pastry lightly into a ball on a lightly floured surface and set aside 250g/9oz for the pie lid.||Roll the rest of the pastry out until about 2cm/¾in larger than the dish you’re using. Line the dish with the pastry then pile in the filling, tucking the oysters in as well. Brush the edge of the pastry with beaten egg.||Roll the remaining pastry until slightly larger than your dish and gently lift over the filling, pressing the edges firmly to seal, then trim with a sharp knife. Brush with beaten egg to glaze. Put the dish on a baking tray and bake for 25-30 minutes, or until the pastry is golden-brown and the filling is bubbling."
beef-pho,Beef pho,https://www.themealdb.com/images/media/meals/pbzcrx1763765096.jpg,https://www.bbcgoodfood.com/recipes/beef-pho,Vietnamese,Beef,45,650,40,no,high-protein,4,1|l|beef stock|meat and fish;1||onion|produce;1||ginger|produce;1||cinnamon stick|dry goods;2||star anise|dry goods;1|tsp|coriander seeds|produce;0.5|tsp|cloves|dry goods;225|g|sirloin steak|meat and fish;1|tsp|palm sugar|dry goods;1|tbsp|fish sauce|meat and fish;1|tbsp|soy sauce|dry goods;200|g|rice noodles|dry goods;2||spring onions|produce;1||birds-eye chillies|produce;1|handful|basil|produce;1|handful|coriander|produce;1||lime|produce,"Tip the beef stock along with 500ml of water into a large saucepan. Sit the onion and ginger in a frying pan over a high heat and char on all sides, around 3-5 mins (you can also do this under your grill). Once charred, add to the beef stock. In the same pan, toast the spices for 2-3 mins and once they begin to smell fragrant, add them to the beef stock as well. Bring the stock to the boil, then turn to a simmer and cook for 30mins before straining.||Meanwhile, cut the fat from the steak and wrap in cling film, then put into the freezer for 15 mins – this will make your steak really easy to slice! Slice it thinly, then cover with cling film again and pop into the fridge.||Taste the beef stock and use the palm sugar, fish sauce and soy to season. Cook the noodles according to package instructions and split between two bowls, topping each with the sliced beef. Bring the stock to the boil and then pour into the bowls (the heat will cook the beef). Top each with the spring onions, chilli slices and herbs. Serve with the lime wedges to squeeze over."
beef-pumpkin-stew,Beef pumpkin Stew,https://www.themealdb.com/images/media/meals/k07k271782502861.jpg,https://www.honeyandbirch.com/pumpkin-beef-stew-recipe/#recipe,,Beef,50,650,40,yes,high-protein,4,1361|g|beef|meat and fish;120|ml|all purpose flour|dry goods;3|tbsp|butter|dairy;240|ml|onion|produce;1|clove|garlic|produce;960|ml|beef stock|meat and fish;720|ml|pumpkin puree|produce;1|tbsp|worcestershire sauce|dry goods;1|tbsp|kosher salt|dry goods;1|tsp|black pepper|produce;1361|g|potatoes|produce;454|g|carrots|produce;4|sprig|thyme|produce,"Cut the beef into 1-inch chunks. Dredge the beef in the flour until all of the beef sides are covered.||In a large soup pot, melt the butter over medium high-heat. In small quantities, brown the beef on all sides, removing the browned beef and setting it aside in a large bowl as you go. When the beef is browned, add the onion and the garlic to the pot. Sauté the onion and garlic for one minute, scraping the bottom of the pot as you stir.||Return the browned beef to the pot and add the beef stock, pumpkin puree, Worcestershire sauce, salt, and pepper. Stir well and bring to a boil. Once the liquid is boiling, reduce heat to medium-low and simmer for 3 hours, stirring occasionally.||Add the potatoes, carrots and thyme sprigs to the pot and increase heat to medium. Cook for an additional 30 minutes. Salt to taste and serve."
beef-stroganoff,Beef stroganoff,https://www.themealdb.com/images/media/meals/svprys1511176755.jpg,https://www.bbcgoodfood.com/recipes/beef-stroganoff,Russian,Beef,40,650,40,yes,high-protein,4,1||olive oil|dry goods;1||onions|produce;1|clove|garlic|produce;1|tbsp|butter|dairy;250|g|mushrooms|produce;500|g|beef fillet|meat and fish;1|tbsp|plain flour|dry goods;150|g|creme fraiche|dairy;1|tbsp|english mustard|dry goods;100|ml|beef stock|meat and fish;1||parsley|produce,"Heat the olive oil in a non-stick frying pan then add the sliced onion and cook on a medium heat until completely softened, so around 15 mins, adding a little splash of water if they start to stick at all. Crush in the garlic and cook for a 2-3 mins further, then add the butter. Once the butter is foaming a little, add the mushrooms and cook for around 5 mins until completely softened. Season everything well, then tip onto a plate.||Tip the flour into a bowl with a big pinch of salt and pepper, then toss the steak in the seasoned flour. Add the steak pieces to the pan, splashing in a little oil if the pan looks particularly dry, and fry for 3-4 mins, until well coloured. Tip the onions and mushrooms back into the pan. Whisk the crème fraîche, mustard and beef stock together, then pour into the pan. Cook over a medium heat for around 5 mins. Scatter with parsley, then serve with pappardelle or rice."
beetroot-soup-borscht,Beetroot Soup (Borscht),https://www.themealdb.com/images/media/meals/zadvgb1699012544.jpg,https://natashaskitchen.com/classic-russian-borscht-recipe/,Ukrainian,Vegetarian,20,450,18,yes,light,4,3||beetroot|produce;4|tbsp|olive oil|dry goods;1||chicken stock cube|meat and fish;1440|ml|water|dry goods;3||potatoes|produce;1|tin|cannellini beans|dry goods;1||dill|produce,"Chop the beetroot, add water and stock cube and cook for 15mins. Add the other ingredients and boil until soft. Finally add the beans and cook for 5mins. Serve in the soup pot."
beetroot-latkes,Beetroot latkes,https://www.themealdb.com/images/media/meals/qwicc91764368097.jpg,https://www.bbcgoodfood.com/recipes/beetroot-latkes,Ukrainian,Vegetarian,30,450,18,yes,light,4,1|tbsp|rapeseed oil|dry goods;4|tbsp|greek yogurt|dairy;0.5||mint|produce;150|g|rocket|dry goods;130|g|cherry tomatoes|produce;400|g|beetroot|produce;1||egg|dairy;1|tbsp|plain flour|dry goods;1|clove|garlic|produce;1|tsp|caraway seed|dry goods;0.5|tsp|ground cumin|dry goods;1||lemon|produce,"Heat the oven to 180C/160C fan/gas 4. Make the latkes by combining all of the ingredients.||Heat the oil in a large non-stick pan. Spoon in the mixture to make six round latkes. Fry for 4-5 mins on each side, then transfer to a baking sheet and bake for 10 mins.||Combine the yogurt and mint in a small bowl. Toss the salad leaves and tomatoes together, then serve the latkes with the mint yogurt and salad."
belgian-stoemp,Belgian Stoemp,https://www.themealdb.com/images/media/meals/byolko1782500400.jpg,https://junedarville.com/stoemp.html#wprm-recipe-container-131911,,Pork,55,620,38,yes,high-protein,4,2||sausages|meat and fish;450|g|potatoes|produce;200|g|savoy cabbage|produce;3|clove|garlic|produce;1||parsley|produce;1||onion|produce;3|tbsp|unsalted butter|dairy;240|ml|beer|dry goods;60|ml|whole milk|dairy;1|pinch|nutmeg|dry goods;1|pinch|pepper|produce;1|pinch|salt|dry goods,"1. Add the chopped potatoes and garlic to a high pan and fill it with tap water until the potatoes are fully submerged.||2. Add some salt. Then place the pan over high heat and bring the potatoes to a boil. Cook them until tender. In the meantime rinse and drain the savoy cabbage. Slice it up finely.||3. Add a tablespoon of butter to a large non-stick pan. Place it over medium-high heat. Once melted, add the savoy cabbage. Season with a pinch of pepper and salt.||4. Stir fry the cabbage for 15 to 20 minutes or until the cabbage is soft and tender. Then turn the heat off and take the cabbage off the heat. In the meantime, pan fry the sausages (or sliced bacon if you are using both) in a non-stick pan in a tablespoon of butter or oil until golden brown and cooked through.||5. Transfer the sausages (and bacon) to a plate and cover with a lid or tinfoil to keep the meat warm. In the same greasy pan, add the sliced onion and extra butter and cook it gently over medium heat for 10 minutes until softened. (I often add diced bacon as well, if I only serve the stoemp with sausages.)||6. Then add the beer and turn the heat up. Let the beer reduce until you get a nice beer and onion sauce (you can add a little flour or sauce thickener if you like). Add the pan fried meat back to the pan and cover to keep warm.||7. Drain the cooked potatoes and garlic, add them back to the pan you cooked them in together with the pan fried cabbage and chopped parsley. Sprinkle with some pepper, salt and nutmeg. Also add the milk and the rest of the unsalted butter.||8. Mash the potatoes, parsley and cabbage up. Add extra butter or milk if necessary. Also check the seasoning and add extra pepper, nutmeg or salt to taste if necessary. Scoop the cabbage mash onto plates and top with the pan fried sausages (and bacon). Drizzle with the beer and onion sauce. Serve hot."
belgian-waterzooi-chicken,Belgian Waterzooi Chicken,https://www.themealdb.com/images/media/meals/nmxec11782498644.jpg,https://junedarville.com/waterzooi.html,,Chicken,55,550,38,yes,high-protein,4,1||chicken legs|meat and fish;1||chicken breast|meat and fish;720|ml|water|dry goods;1||carrots|produce;2||leek|produce;1||celery|produce;100|g|potatoes|produce;2|clove|garlic|produce;1|sprig|rosemary|produce;360|ml|cream|dairy;2||bay leaf|dry goods;1|tbsp|unsalted butter|dairy;1||egg yolks|dairy;1|pinch|pepper|produce;1|pinch|salt|dry goods,"Put the chicken, water and one garlic clove in a large saucepan. Place it over medium-high heat until boiling. Then turn the heat low, cover the pan and simmer the chicken for 10 minutes. Remove the chicken leg and breast. Keep the fresh chicken stock for later.||Let the chicken cool. Then dice the chicken breast up. Pick the meat off the leg. Discard any bones and skin. Slice the leek, celery and carrot finely (julienne). Add the butter, rosemary and bay leaves to a large pan and place it over medium heat until melted.||Then add the sliced vegetables. Season with pepper and salt.||Stir and cook the vegetables for 3 minutes. Then add the shredded and diced chicken.||Cover the pan and cook the chicken and vegetables for 5 minutes. Then add the cream and ½ cup (120 ml) of the fresh chicken stock.||Look at this delicious waterzooi recipe! Do try out my chunky chicken stew with fresh leeks, celery, carrots and lots of cream... This is Belgian comfort food!||Cover the pan and cook the stew for 20 minutes until the potatoes are tender. Add the egg yolk and 2 tablespoons of the warm cream from the pan to a cup. Whisk and add it back to the pan to thicken the sauce.||Stir all the ingredients and then turn the heat very low. Check the seasoning and add extra pepper or salt to taste. Remove the rosemary and bay leaves. Divide the stew over deep plates and drizzle with the remaining cream sauce. Serve hot."
bengali-chicken-curry-with-potatoes,Bengali Chicken Curry with Potatoes,https://www.themealdb.com/images/media/meals/9ya6o71780262651.jpg,https://www.allrecipes.com/recipe/215055/bengali-chicken-curry-with-potatoes/,,Chicken,25,550,38,no,high-protein,4,2|tbsp|olive oil|dry goods;2||onion|produce;1|tbsp|ginger garlic paste|produce;2||tomato|produce;1|tsp|cayenne pepper|produce;1|tsp|curry powder|dry goods;1|tsp|garam masala|dry goods;1|tsp|ground turmeric|dry goods;1|tsp|ground cumin|dry goods;4||chicken breast|meat and fish;2||red potatoes|produce;120|ml|cilantro|dry goods,"Heat the olive oil in a large skillet over medium-high heat. Cook and stir the onions in the hot oil until translucent, about 5 minutes. Add the ginger-garlic paste and continue cooking another 5 minutes. Reduce heat to medium; stir the tomatoes into the mixture and cook until the tomatoes are pulpy, 5 to 10 minutes. Season with the cayenne pepper, curry powder, garam masala, turmeric, and cumin; cook and stir another 5 minutes.||Add the chicken and potatoes to the mixture in the skillet; simmer, stirring occasionally, until the potatoes are tender and the chicken is no longer pink in the center, about 20 minutes. Sprinkle the cilantro over the mixture and continue simmering another 10 minutes. Serve hot."
big-mac,Big Mac,https://www.themealdb.com/images/media/meals/urzj1d1587670726.jpg,https://www.delicious.com.au/recipes/finally-recipe-worlds-top-selling-burger-big-mac/5221ee4a-279e-4a0b-8629-f442dc46822e,United States,Beef,55,650,40,no,high-protein,4,400|g|minced beef|meat and fish;2|tbsp|olive oil|dry goods;2||sesame seed burger buns|dry goods;1||onion|produce;0.25||iceberg lettuce|produce;2||cheese|dairy;2||dill pickles|produce;240|ml|mayonnaise|dry goods;2|tsp|white wine vinegar|dry goods;1|pinch|pepper|produce;2|tsp|mustard|dry goods;1.5|tsp|onion salt|produce;1.5|tsp|garlic powder|produce;0.5|tsp|paprika|dry goods,"For the Big Mac sauce, combine all the ingredients in a bowl, season with salt and chill until ready to use.||2. To make the patties, season the mince with salt and pepper and form into 4 balls using about 1/3 cup mince each. Place each onto a square of baking paper and flatten to form into four x 15cm circles. Heat oil in a large frypan over high heat. In 2 batches, cook beef patties for 1-2 minutes each side until lightly charred and cooked through. Remove from heat and keep warm. Repeat with remaining two patties.||3. Carefully slice each burger bun into three acrossways, then lightly toast.||4. To assemble the burgers, spread a little Big Mac sauce over the bottom base. Top with some chopped onion, shredded lettuce, slice of cheese, beef patty and some pickle slices. Top with the middle bun layer, and spread with more Big Mac sauce, onion, lettuce, pickles, beef patty and then finish with more sauce. Top with burger lid to serve.||5. After waiting half an hour for your food to settle, go for a jog."
bigos-polish-hunter-s-stew,Bigos (Polish hunter's stew),https://www.themealdb.com/images/media/meals/fl4brj1764361323.jpg,https://www.bbcgoodfood.com/recipes/bigos,Polish,Beef,45,650,40,no,high-protein,4,1||white cabbage|produce;250|ml|beef stock|meat and fish;100|g|mushrooms|produce;2|tbsp|lard|dry goods;400|g|german sausages|meat and fish;250|g|bacon|meat and fish;2||onion|produce;750|g|beef|meat and fish;200|g|prunes|dry goods;1||bay leaf|dry goods;2||cloves|dry goods;12||peppercorns|produce;4||juniper berries|dry goods;4||allspice berries|dry goods;90|ml|red wine|dry goods;2|tbsp|tomato puree|produce,"Put the cabbage in a heavy casserole dish, add the stock and cook over a low heat for about 50 mins, until tender.||Cut the soaked mushrooms into strips and save the soaking water. Heat the lard and fry the sausages and bacon, then scoop out, leaving the fat in the pan. Fry the onion in the same pan for 5-8 mins until lightly browned.||Add the mushrooms and their liquid along with all the cooked meat, onions and prunes, then cover and cook for 20 mins. Add the spices, red wine and tomato purée and bring to a simmer, then cover and cook for 1 hr. Season well and leave to cool. Will keep covered and chilled for up to two days. Bigos improves in flavour over a couple of days. Leave to cool first. Reheat until piping hot before serving."
bistek,Bistek,https://www.themealdb.com/images/media/meals/4pqimk1683207418.jpg,https://panlasangpinoy.com/bistek-tagalog-beefsteak-recipe/,Filipino,Beef,70,650,40,yes,high-protein,4,454|g|beef|meat and fish;5|tbsp|soy sauce|dry goods;1||lemon|produce;3|clove|garlic|produce;3||onion|produce;4|tbsp|olive oil|dry goods;240|ml|water|dry goods;1|pinch|salt|dry goods,"0.	Marinate beef in soy sauce, lemon (or calamansi), and ground black pepper for at least 1 hour. Note: marinate overnight for best result||1.	Heat the cooking oil in a pan then pan-fry half of the onions until the texture becomes soft. Set aside||2.	Drain the marinade from the beef. Set it aside. Pan-fry the beef on the same pan where the onions were fried for 1 minute per side. Remove from the pan. Set aside||3.	Add more oil if needed. Saute garlic and remaining raw onions until onion softens.||4.	Pour the remaining marinade and water. Bring to a boil.||5.	Add beef. Cover the pan and simmer until the meat is tender. Note: Add water as needed.||6.	Season with ground black pepper and salt as needed. Top with pan-fried onions.||7.	Transfer to a serving plate. Serve hot. Share and Enjoy!"
bitterballen-dutch-meatballs,Bitterballen (Dutch meatballs),https://www.themealdb.com/images/media/meals/lhqev81565090111.jpg,https://www.holland.com/global/tourism/information/traditional-dutch-food/bitterballen.htm,Netherlands,Beef,50,650,40,no,high-protein,4,100|g|butter|dairy;150|g|flour|dry goods;700|ml|beef stock|meat and fish;30|g|onion|produce;1|tbsp|parsley|produce;400|g|beef|meat and fish;1|pinch|salt|dry goods;1|pinch|pepper|produce;1|pinch|nutmeg|dry goods;50|g|flour|dry goods;2||eggs|dairy;50|g|breadcrumbs|dry goods,"Melt the butter in a skillet or pan. When melted, add the flour little by little and stir into a thick paste. Slowly stir in the stock, making sure the roux absorbs the liquid. Simmer for a couple of minutes on a low heat while you stir in the onion, parsley and the shredded meat. The mixture should thicken and turn into a heavy, thick sauce.||Pour the mixture into a shallow container, cover and refrigerate for several hours, or until the sauce has solidified.||Take a heaping tablespoon of the cold, thick sauce and quickly roll it into a small ball. Roll lightly through the flour, then the egg and finally the breadcrumbs. Make sure that the egg covers the whole surface of the bitterbal. When done, refrigerate the snacks while the oil in your fryer heats up to 190C (375F). Fry four bitterballen at a time, until golden.||Serve on a plate with a nice grainy or spicy mustard."
black-beans-hotpot,Black Beans Hotpot,https://www.themealdb.com/images/media/meals/81ahfr1784394567.jpg,https://www.recipesfromcostarica.com/recipes,,Vegetarian,25,450,18,yes,light,4,400|g|black beans|dry goods;1||onion|produce;1||green pepper|produce;1||red pepper|produce;80|ml|celery|produce;4|clove|garlic|produce;1.5|tsp|ground cumin|dry goods;1|tbsp|oregano|dry goods;1.5|tsp|salt|dry goods;2|tsp|black pepper|produce;1200|ml|water|dry goods,"Add all the ingredients in the Instant pot, Lock the lid on and set the Instant Pot to High Pressure for 35 minutes. Once the beans are done cooking, let the pressure release naturally for 20 minutes before releasing the remaining pressure. Open and serve!||Let the beans get cool completely before saving them in the fridge or freezer."
black-bean-meat-stew-feijoada,Black bean & meat stew - feijoada,https://www.themealdb.com/images/media/meals/xrxz7h1782592711.jpg,https://www.bbcgoodfood.com/recipes/black-bean-meat-stew-feijoada,,Beef,50,650,40,no,high-protein,4,250|g|black beans|dry goods;100|g|bacon|meat and fish;500|g|pork back ribs|meat and fish;3||chorizo|meat and fish;500|g|pork shoulder|meat and fish;3||onion|produce;4|clove|garlic|produce;1|pinch|chilli flakes|produce;1||oil|dry goods;2||bay leaf|dry goods,"Heat a large heavy-based saucepan with a fitted lid, add the bacon and fry until crisp. Remove and keep the oil in the pan. In batches sear the ribs, sausages and pork shoulder. Season each batch with salt and pepper.||Remove the meat and set aside. Add the onion, garlic and chilli to the pan. Pour in a little olive oil if it needs more. Season with salt and pepper and fry for 8 mins or until soft.||Add the meat, bay leaves, white wine vinegar and drained beans. Cover with just enough water to cover, about 650ml. Bring to a boil and reduce the heat to a low simmer. Cover and cook for 2 hrs, or until the beans are soft and the meat is tender. If there is too much liquid in the pot take the lid off in the last hr. You can also use a slow cooker on the short method (4 hr) or make a quick version using a pressure cooker in batches for 30 mins each. Another method is to cook it in the oven for 3-4 hrs at 160C/140C fan/gas 3.||Serve with rice, a sprinkle of parsley or coriander, hot pepper sauce and orange slices."
bolita-di-keshi,Bolita di Keshi,https://www.themealdb.com/images/media/meals/skzd0x1780091674.jpg,https://www.visitaruba.com/aruba-recipes/bolita-di-keshi/,,Miscellaneous,45,550,28,yes,balanced,4,454|g|cheddar cheese|dairy;454|g|feta|dry goods;1||eggs|dairy;5|tbsp|cornstarch|produce,"Grate finely and toss together.||1 lb. sharp yellow cheese (cheddar or oude boerenkaas)||1 lb. keshi di buriko (or any white cheese such as fromage blanc, queso blanco, ricotto, feta etc.)||6 eggs, beaten||5 Tbs. Cornstarch||Shape the mixture into small balls. These may be kept indefinitely in the freezer. Drop the balls into deep, hot fat and fry until golden. Serve piping hot on toothpicks."
borsch,Borsch,https://www.themealdb.com/images/media/meals/804v1j1764367088.jpg,https://www.bbcgoodfood.com/recipes/borsch,Ukrainian,Beef,50,650,40,yes,high-protein,4,1|kg|beef shin|meat and fish;1||onion|produce;1||bay leaf|dry goods;2.5|kg|potatoes|produce;2|tbsp|sunflower oil|dry goods;1||onion|produce;1||carrots|produce;200|g|beetroot|produce;1||red pepper|produce;200|g|tinned tomatos|produce;6||prunes|dry goods;0.5||white cabbage|produce;400|g|kidney beans|dry goods;100|ml|creme fraiche|dairy;1|bunch|dill|produce;1||crusty bread|dry goods,"To make the stock, put the meat, whole onion, bay leaf and 2 litres of lightly salted cold water in a large saucepan. Cook over a very low heat for 1 hr 30 mins or until the beef shin is soft and falls apart easily – this can take up to 3 hrs. Skim off the scum with a spoon from time to time. Break up any larger pieces of beef into the broth, remove the whole onion and discard.||Add the potatoes to the borscht, season well with salt and pepper and cook for 10-15 mins until tender. Meanwhile, heat the sunflower oil in a large, deep frying pan. Add the diced onion and carrot, and cook over a medium heat, stirring, until the carrot is soft and is about to start caramelising.||Add the beetroot and cook for around 5 mins, stirring occasionally. Add the red pepper, if using, and cook for another 2 mins, then add the tomatoes and prunes, stir, then increase the heat and boil to reduce slightly, before adding everything to the borscht.||Add the shredded cabbage and the kidney beans, and cook for 7-10 mins or until tender. Serve with a dollop of sour cream or crème fraîche, lots of chopped dill and some crusty bread."
boxty-breakfast,Boxty Breakfast,https://www.themealdb.com/images/media/meals/naqyel1608588563.jpg,https://www.bbcgoodfood.com/recipes/boxty-bacon-eggs-tomatoes,Irish,Pork,35,620,38,yes,high-protein,4,4||potatoes|produce;1|bunch|spring onions|produce;100|g|plain flour|dry goods;1||egg white|dairy;150|ml|milk|dairy;1|tsp|bicarbonate of soda|dry goods;3|tbsp|butter|dairy;2|tbsp|vegetable oil|dry goods;6||cherry tomatoes|produce;12||bacon|meat and fish;6||egg|dairy,"Before you start, put your oven on its lowest setting, ready to keep things warm. Peel the potatoes, grate 2 of them, then set aside. Cut the other 2 into large chunks, then boil for 10-15 mins or until tender. Meanwhile, squeeze as much of the liquid from the grated potatoes as you can using a clean tea towel. Mash the boiled potatoes, then mix with the grated potato, spring onions and flour.||Whisk the egg white in a large bowl until it holds soft peaks. Fold in the buttermilk, then add the bicarbonate of soda. Fold into the potato mix.||Heat a large non-stick frying pan over a medium heat, then add 1 tbsp butter and some of the oil. Drop 3-4 spoonfuls of the potato mixture into the pan, then gently cook for 3-5 mins on each side until golden and crusty. Keep warm on a plate in the oven while you cook the next batch, adding more butter and oil to the pan before you do so. You will get 16 crumpet-size boxty from the mix. Can be made the day ahead, drained on kitchen paper, then reheated in a low oven for 20 mins.||Heat the grill to medium and put the tomatoes in a heavy-based pan. Add a good knob of butter and a little oil, then fry for about 5 mins until softened. Grill the bacon, then pile onto a plate and keep warm. Stack up the boxty, bacon and egg, and serve the tomatoes on the side."
braised-beef-chilli,Braised Beef Chilli,https://www.themealdb.com/images/media/meals/uuqvwu1504629254.jpg,http://www.telegraph.co.uk/food-and-drink/recipes/braised-beef-chilli-con-carne/,Mexican,Beef,55,650,40,no,high-protein,4,1|kg|beef|meat and fish;3||onions|produce;4|clove|garlic|produce;1|pinch|olive oil|dry goods;300|g|chorizo|meat and fish;2|tsp|cumin|dry goods;2|tsp|allspice|dry goods;1|tsp|cloves|dry goods;1||cinnamon stick|dry goods;3||bay leaves|dry goods;2|tsp|oregano|dry goods;2||ancho chillies|produce;3|tbsp|balsamic vinegar|dry goods;2|g|plum tomatoes|produce;2|tbsp|tomato ketchup|produce;2|tbsp|dark brown sugar|dry goods;2|g|borlotti beans|dry goods,"Preheat the oven to 120C/225F/gas mark 1.||Take the meat out of the fridge to de-chill. Pulse the onions and garlic in a food processor until finely chopped. Heat 2 tbsp olive oil in a large casserole and sear the meat on all sides until golden.||Set to one side and add another small slug of oil to brown the chorizo. Remove and add the onion and garlic, spices, herbs and chillies then cook until soft in the chorizo oil. Season with salt and pepper and add the vinegar, tomatoes, ketchup and sugar.||Put all the meat back into the pot with 400ml water (or red wine if you prefer), bring up to a simmer and cook, covered, in the low oven.||After 2 hours, check the meat and add the beans. Cook for a further hour and just before serving, pull the meat apart with a pair of forks."
braised-stuffed-cabbage,Braised stuffed cabbage,https://www.themealdb.com/images/media/meals/z267f71764364072.jpg,https://www.bbcgoodfood.com/recipes/braised-stuffed-cabbage,Polish,Vegetarian,30,450,18,yes,light,4,6||cabbage leaves|produce;2|tbsp|olive oil|dry goods;1||onion|produce;2|tsp|rosemary|produce;1||celery|produce;140|g|basmati rice|dry goods;140|g|cooked chestnut|dry goods;50|g|cranberry|dry goods;300|ml|vegetable stock|dry goods;1|tbsp|balsamic vinegar|dry goods;1|tsp|clear honey|dry goods,"Heat oven to 180C/fan 160C/gas 4. Remove the tough central stalk from the cabbage leaves. Bring a large pan of salted water to the boil, add the cabbage, then cook for just 1-2 mins until the leaves are starting to wilt. Drain and refresh under cold running water. Drain well, then pat dry with a tea towel.||Heat the oil in a pan, add the onion, then fry for 5 mins until slightly browned. Add the rosemary and celery, then cook for 8 mins more. Stir in the rice, then cook for a min or so until the grains are glistening. Remove from the heat, stir in the chestnuts and cranberries, then season.||Spoon a little stuffing onto a cabbage leaf, roll up and fold in the sides to enclose the filling. Put in a single layer in a large, oiled, shallow ovenproof dish with the join underneath. Fill the remaining leaves in the same way. Mix the stock, vinegar and honey, then pour over the cabbage. Cover the dish tightly with foil, bake for 1 hr, uncover, then cook for a further 15 mins."
brown-stew-chicken,Brown Stew Chicken,https://www.themealdb.com/images/media/meals/sypxpx1515365095.jpg,http://www.geniuskitchen.com/recipe/authentic-jamaican-brown-stew-chicken-347996,Jamaican,Chicken,45,550,38,yes,high-protein,4,1||chicken|meat and fish;1||tomato|produce;2||onions|produce;2||garlic clove|produce;1||red pepper|produce;1||carrots|produce;1||lime|produce;2|tsp|thyme|produce;1|tsp|allspice|dry goods;2|tbsp|soy sauce|dry goods;2|tsp|cornstarch|produce;480|ml|coconut milk|dairy;1|tbsp|vegetable oil|dry goods,"Squeeze lime over chicken and rub well. Drain off excess lime juice.||Combine tomato, scallion, onion, garlic, pepper, thyme, pimento and soy sauce in a large bowl with the chicken pieces. Cover and marinate at least one hour.||Heat oil in a dutch pot or large saucepan. Shake off the seasonings as you remove each piece of chicken from the marinade. Reserve the marinade for sauce.||Lightly brown the chicken a few pieces at a time in very hot oil. Place browned chicken pieces on a plate to rest while you brown the remaining pieces.||Drain off excess oil and return the chicken to the pan. Pour the marinade over the chicken and add the carrots. Stir and cook over medium heat for 10 minutes.||Mix flour and coconut milk and add to stew, stirring constantly. Turn heat down to minimum and cook another 20 minutes or until tender."
brun-lapskaus-norwegian-beef-vegetable-stew,Brun Lapskaus (Norwegian Beef Vegetable Stew),https://www.themealdb.com/images/media/meals/6vi2cv1763075785.jpg,https://scandinaviancookbook.com/brun-lapskaus-norwegian-beef-vegetable-root-stew/,Norway,Beef,55,650,40,yes,high-protein,4,2||olive oil|dry goods;907|g|beef|meat and fish;1||onion|produce;720|ml|beef stock|meat and fish;1||swede|dry goods;1||celery|produce;4||carrots|produce;4||parsley|produce;454|g|potatoes|produce;0.5||leek|produce;1||parsley|produce,"Heat olive oil in a large pot. Cut beef into 1 inch (2.5 cm) cubes and brown in oil.||Dice the onion and add to browning beef. Add the stock and bring to a boil, then lower the heat, cover, and let simmer for about 30 minutes.||Peel and cut the rutabaga and celery root into 1 inch (2.5 cm) cubes. Add to the pot, cover, and continue simmering for another 30 minutes.||Peel and chop the rest of the vegetables into 1 inch (2.5 cm) cubes and add to the pot. Slice the leek into rings. Cover and continue simmering for about 20 minutes. Stir as little as possible.||Top with fresh parsley."
bryndzov-halu-ky,Bryndzové Halušky,https://www.themealdb.com/images/media/meals/g33c901763365484.jpg,https://www.slovakia-foods.co.uk/blog/post/bryndzove-halusky-recipe-a-taste-of-slovakia-national-dish.html,Slovakia,Pork,60,620,38,yes,high-protein,4,500|g|potatoes|produce;200|g|plain flour|dry goods;1||egg|dairy;1|tsp|salt|dry goods;250|g|bryndza cheese|dairy;200|g|bacon|meat and fish;1||chives|produce,"1. Prepare the Dough||Grate the potatoes finely using a hand grater or food processor. Place the grated potatoes in a bowl and mix them with flour, egg, and salt until a sticky dough forms. The consistency should be thick but pliable.||2. Cook the Dumplings||Bring a large pot of salted water to a boil. Using a halušky maker (similar to a spaetzle maker), press the dough directly into the boiling water. If you don’t have one, use a tilted cutting board and a knife to scrape small pieces of dough into the water.||Let the dumplings cook until they float to the surface, usually within 2-3 minutes. Scoop them out with a slotted spoon and set aside in a large bowl.||3. Prepare the Toppings||Chop the bacon into small pieces and fry in a skillet over medium heat until crispy. If using a bryndza substitute, mix crumbled feta with a dollop of sour cream to mimic the tangy flavour of traditional Slovak sheep cheese.||4. Assemble the Dish||Toss the cooked dumplings with the bryndza cheese (or substitute) until they’re well-coated and creamy. Top with the crispy bacon and its drippings. Garnish with chopped chives or parsley for an extra touch of colour and flavour."
cabbage-soup-shchi,Cabbage Soup (Shchi),https://www.themealdb.com/images/media/meals/60oc3k1699009846.jpg,https://www.thespruceeats.com/traditional-russian-cabbage-soup-shchi-recipe-1135534,Russian,Vegetarian,50,450,18,yes,light,4,3|tbsp|unsalted butter|dairy;1||onion|produce;1||cabbage|produce;1||carrots|produce;1||celery|produce;1||bay leaf|dry goods;1920|ml|vegetable stock|dry goods;2||potatoes|produce;2||tomatoes|produce;1||sour cream|dairy;1||dill|produce,"Add the butter to a large Dutch oven or other heavy-duty pot over medium heat. When the butter has melted, add the onion and sauté until translucent.||Add the cabbage, carrot, and celery. Sauté until the vegetables begin to soften, stirring frequently, about 3 minutes.||Add the bay leaf and vegetable stock and bring to a boil over high heat. Reduce the heat to low and simmer, covered, until the vegetables are crisp-tender, about 15 minutes.||Add the potatoes and bring it back to a boil over high heat. Reduce the heat to low and simmer, covered, until the potatoes are tender, about 10 minutes.||Add the tomatoes (or undrained canned tomatoes) and bring the soup back to a boil over high heat. Reduce the heat to low and simmer, uncovered, for 5 minutes. Season to taste with salt and pepper.||emove and discard the bay leaf from the pot.||Serve topped with fresh sour cream and fresh dill."
cabbage-with-ground-beef,Cabbage with Ground Beef,https://www.themealdb.com/images/media/meals/brmxra1782681940.jpg,https://cookinglsl.com/ground-beef-cabbage-recipe/#wprm-recipe-container-59951,,Beef,90,650,40,yes,high-protein,4,2|tbsp|olive oil|dry goods;454|g|ground beef|meat and fish;1||onion|produce;2||carrots|produce;1||red pepper|produce;1|tbsp|tomato puree|produce;2|clove|garlic|produce;0.5|tbsp|salt|dry goods;0.5|tbsp|black pepper|produce;1|tsp|smoked paprika|dry goods;0.25|tsp|ground cumin|dry goods;0.5||cabbage|produce;1|tsp|apple cider vinegar|produce;240|ml|water|dry goods;2|tbsp|parsley|produce,"Heat a large skillet or braiser over medium heat on the stovetop. Add the olive oil.||A braiser with cooked ground beef||Cook the Meat:||Add the ground meat to the pan. Use a potato masher or wooden spoon to break it into small pieces. Cook for 3–4 minutes until browned.||Add Vegetables and Seasoning:||Stir in the onion, carrots, red pepper, garlic, and tomato paste. Season with salt, black pepper, smoked paprika, ground cumin, and Italian seasoning (if using). Cook for 2–3 minutes, stirring frequently.||A braiser with cooked ground beef, carrots, onions, peppers, garlic and seasoning.||Add Cabbage and Liquid:||Add the chopped cabbage, apple cider vinegar or lemon juice (if using), and water. Stir well to combine. Reduce the heat to medium-low, cover, and cook for 30 minutes. Stir occasionally to prevent the cabbage from sticking to the bottom of the pan.||A pot with cooked ground beef, vegetables and cabbage on a stove top||Check for Doneness:||Uncover and check the texture of the cabbage. If necessary, increase the heat to medium-high and cook for an additional 5–7 minutes to evaporate excess liquid and finish cooking.||A braiser with cooked ground meat and cabbage dish on a stove top||Garnish and Serve:||Sprinkle with chopped parsley or fresh herbs before serving."
cajun-spiced-fish-tacos,Cajun spiced fish tacos,https://www.themealdb.com/images/media/meals/uvuyxu1503067369.jpg,https://realfood.tesco.com/recipes/cajun-spiced-fish-tacos.html,Mexican,Seafood,40,500,35,no,balanced,4,2|tbsp|cajun|dry goods;1|tsp|cayenne pepper|produce;4|fillet|white fish|meat and fish;1|tsp|vegetable oil|dry goods;8||flour tortilla|dry goods;1||avocado|produce;2||little gem lettuce|produce;4||spring onions|produce;1|ml|salsa|dry goods;1||sour cream|dairy;1||lemon|produce;1|clove|garlic|produce,"Cooking in a cajun spice and cayenne pepper marinade makes this fish super succulent and flavoursome. Top with a zesty dressing and serve in a tortilla for a quick, fuss-free main that's delightfully summery.||On a large plate, mix the cajun spice and cayenne pepper with a little seasoning and use to coat the fish all over.||Heat a little oil in a frying pan, add in the fish and cook over a medium heat until golden. Reduce the heat and continue frying until the fish is cooked through, about 10 minutes. Cook in batches if you don’t have enough room in the pan.||Meanwhile, prepare the dressing by combining all the ingredients with a little seasoning.||Soften the tortillas by heating in the microwave for 5-10 seconds. Pile high with the avocado, lettuce and spring onion, add a spoonful of salsa, top with large flakes of fish and drizzle over the dressing."
camaro-grelhado-com-molho-cru-grilled-prawns-with-green-onio,Camaro Grelhado Com Molho Cru (Grilled Prawns with Green Onion Sauce),https://www.themealdb.com/images/media/meals/jg4r991779916649.jpg,https://www.196flavors.com/wprm_print/camarao-grelhado-com-molho-cru,,Seafood,35,500,35,yes,balanced,4,454|g|prawns|meat and fish;2|clove|garlic|produce;120|ml|spring onions|produce;1|tsp|ground cumin|dry goods;0.25|tsp|salt|dry goods;4|tbsp|white vinegar|dry goods;4|tbsp|water|dry goods,"Make the sauce by combining all the ingredients and grinding them into a paste.||Put the prawns on the skewers and brush with sauce.||Grill until done (they should lose their translucent color), about 3-4 minutes on each side.||Serve with extra sauce on the side."
cambodian-stir-fried-morning-glory-with-pork-fermented-soybe,"Cambodian Stir-fried Morning Glory with Pork, Fermented Soybeans, and Garlic",https://www.themealdb.com/images/media/meals/wympxc1779734808.jpg,https://mitziemee.com/recipe-cambodian-stir-fried-morning-glory/,,Pork,40,620,38,no,high-protein,4,1|bunch|morning glory|dry goods;150|g|minced pork|meat and fish;2|tbsp|soya bean|dry goods;4|clove|garlic|produce;1||oil|dry goods;1|pinch|fish sauce|meat and fish;1|pinch|sugar|dry goods;1||chilli|produce,"In a wok or large pan, heat 1 tablespoon of vegetable oil over medium heat. Once the oil is hot, add the garlic and stir-fry for about 30 seconds, until fragrant but not burnt.||Add the minced pork to the pan and break it up with a spatula. Stir-fry until the pork is fully cooked and browned, about 2-3 minutes.||Stir in the fermented soy beans and cook for another minute, mixing it thoroughly with the pork.||Toss in the cut morning glory and stir-fry for 2-3 minutes to retain its bright green colour and crisp texture.||Check the seasoning and adjust with fish sauce or sugar if needed. Transfer to a serving dish and serve immediately with steamed rice."
carbonada-criolla,Carbonada Criolla,https://www.themealdb.com/images/media/meals/8b2msz1763074897.jpg,https://www.munchery.com/blog/the-ten-iconic-dishes-of-argentina-and-how-to-cook-them-at-home/,Argentina,Beef,60,650,40,yes,high-protein,4,500|g|beef|meat and fish;1||onion|produce;2||carrots|produce;2||potatoes|produce;1||pumpkin|produce;100|g|dried apricots|dry goods;2|l|beef stock|meat and fish;1||salt|dry goods;1||pepper|produce,"Brown the Beef: In a large pot, brown the beef cubes. Remove and set aside.||Sauté Vegetables: In the same pot, cook the onion until translucent. Add carrots, potatoes, and pumpkin, cooking for a few minutes.||Simmer: Return the beef to the pot. Add broth and dried apricots. Season with salt and pepper. Simmer for 1-2 hours, until the beef is tender.||Serve: Enjoy hot, with a crusty piece of bread.||Brown the beef in batches to ensure it gets a good sear, which adds depth to the stew's flavor.||Adding the fruits towards the end of cooking preserves their texture and adds a subtle sweetness to the dish."
cassava-pizza,Cassava pizza,https://www.themealdb.com/images/media/meals/lrfdwz1764438393.jpg,https://goya.es/en/recipes/cassava-pizza,Venezuela,Pork,45,620,38,no,high-protein,4,6|slice|casabe|dry goods;450|g|tomato sauce|produce;225|g|chorizo|meat and fish;225|g|turkey ham|meat and fish;75|g|sweetcorn|produce;40|g|green olives|dry goods;55|g|paprika|dry goods;50|g|mozzarella|dairy,"Preheat the oven to 200ºC.||Cut the bacon or chorizo into medium pieces and the paprika into strips.||Spread a little tomato sauce and mozzarella cheese on each portion of cassava.||Add the bacon or chorizo, corn, turkey ham, some olives and paprika.||Bake for 7 to 10 minutes.||Remove from the oven and enjoy."
cayman-style-lobster,Cayman-Style Lobster,https://www.themealdb.com/images/media/meals/wkhwqr1782774765.jpg,https://www.ourcayman.ky/en-us/about/more-about-cayman/recipes,,Seafood,35,500,35,yes,balanced,4,6||lobster|dry goods;120|ml|chicken stock|meat and fish;120|ml|red pepper|produce;120|ml|green pepper|produce;120|ml|onion|produce;2|clove|garlic|produce;0.5||scotch bonnet|dry goods;1||salt|dry goods;1||pepper|produce;1||thyme|produce;2|tsp|cornstarch|produce;2|tbsp|olive oil|dry goods,"Rinse lobster under cold running water. Bring water and salt to boil in a 12 quart pot. Quickly plunge lobsters, headfirst, into boiling water. Cover and boil for 20 minutes or until lobsters turn red.||Remove lobster and allow it to cool. Remove lobster tails and cut shell down to middle to remove the meat. Cut the tail meat down the middle to remove the vein inside. Remove large claws and smaller legs by twisting them away from the body. A nut cracker can be used to crush the claw and legs to remove the meat inside.||Chop lobster meat. Heat butter or olive oil in large pan over low heat. Sauté red, green and scotch bonnet peppers, thyme and garlic. Add salt and chicken stock to pan. Then, add lobster meat and sauté for 10 to 15 minutes. Thicken sauce with the corn starch and water mixture.||Serve with your choice of vegetables, salad and/or rice."
cevapi-sausages,Cevapi Sausages,https://www.themealdb.com/images/media/meals/vc08jn1628769553.jpg,https://whereismyspoon.co/cevapi-or-cevapcici-recipe-grilled-sausages-croatian-food/,Croatian,Beef,55,650,40,no,high-protein,4,500|g|minced beef|meat and fish;250|g|minced pork|meat and fish;1||onion|produce;4|clove|garlic|produce;3||parsley|produce;1|tbsp|paprika|dry goods;0.75|tsp|baking powder|dry goods;2|tbsp|breadcrumbs|dry goods;3|tbsp|water|dry goods;1||vegetable stock cube|dry goods;1|tsp|salt|dry goods;1|tsp|pepper|produce,"Place the ground meat in a bowl. Chop the onion very finely and grate the garlic cloves. Add to the bowl. Add the chopped parsley, all sorts of paprika, baking soda, dried breadcrumbs, water, Vegeta, salt, and pepper.||Mix well with the hand mixer fitted with the dough hooks. Cover the bowl with cling film/ plastic foil and leave to rest for 1 or 2 hours in the refrigerator.||Take portions of the meat mixture, about 50-55 g/ 1.7-1.9 oz/ ¼ cup portions, and form the cevapi. The rolls should be about as thick as your thumb and about 7-10 cm/ 3-4 inches long. I had 18 sausages. The recipe can be easily doubled.||Grill the cevapcici on the hot grill pan or on the barbecue for about 12-14 minutes, turning them several times in between, or until brown and cooked through. I checked by cutting one in the middle and then grilling the following batches for the same period of time.||Serve hot as suggested above. The cevapcici can be reheated in the oven at 180 degrees Celsius/ 350 degrees Fahrenheit for about 10 minutes or until heated through. Check one, if it is not hot enough, give the sausages a few more minutes."
chakchouka,Chakchouka ,https://www.themealdb.com/images/media/meals/gpz67p1560458984.jpg,https://www.curiouscuisiniere.com/chakchouka/,Tunisian,Miscellaneous,20,550,28,no,balanced,4,4||tomatoes|produce;2|tbsp|olive oil|dry goods;1||onion|produce;1||red pepper|produce;1||green pepper|produce;3|clove|garlic|produce;1|tsp|cumin|dry goods;1|tsp|paprika|dry goods;0.75|tsp|salt|dry goods;0.5|tsp|chili powder|produce;4||eggs|dairy,"In a large cast iron skillet or sauté pan with a lid, heat oil over medium high heat. Add the onion and sauté for 2-3 minutes, until softened. Add the peppers and garlic, and sauté for an additional 3-5 minutes. Add the tomatoes, cumin, paprika, salt, and chili powder. Mix well and bring the mixture to a simmer. Reduce the heat to medium low and continue to simmer, uncovered, 10-15 minutes until the mixture has thickened to your desired consistency. (Taste the sauce at this point and adjust for salt and spice, as desired.) Using the back of a spoon, make four craters in the mixture, large enough to hold an egg. Crack one egg into each of the craters. Cover the skillet and simmer for 5-7 minutes, until the eggs have set. Serve immediately with crusty bread or pita."
chick-fil-a-sandwich,Chick-Fil-A Sandwich,https://www.themealdb.com/images/media/meals/sbx7n71587673021.jpg,https://hilahcooking.com/chick-fil-a-copycat/,United States,Chicken,60,550,38,no,high-protein,4,1||chicken breast|meat and fish;60|ml|pickle juice|dry goods;1||egg|dairy;60|ml|milk|dairy;120|ml|flour|dry goods;1|tbsp|icing sugar|dry goods;0.5|tsp|paprika|dry goods;0.5|tsp|salt|dry goods;0.25|tsp|black pepper|produce;0.25|tsp|garlic powder|produce;0.25|tsp|celery salt|produce;0.5|tsp|cayenne pepper|produce;240|ml|olive oil|dry goods;1||sesame seed burger buns|dry goods,"Wrap the chicken loosely between plastic wrap and pound gently with the flat side of a meat tenderizer until about 1/2 inch thick all around.||Cut into two pieces, as even as possible.||Marinate in the pickle juice for 30 minutes to one hour (add a teaspoon of Tabasco sauce now for a spicy sandwich).||Beat the egg with the milk in a bowl.||Combine the flour, sugar, and spices in another bowl.||Dip the chicken pieces each into the egg on both sides, then coat in flour on both sides.||Heat the oil in a skillet (1/2 inch deep) to about 345-350.||Fry each cutlet for 2 minutes on each side, or until golden and cooked through.||Blot on paper and serve on toasted buns with pickle slices."
chicken-chorizo-rice-pot,Chicken & chorizo rice pot,https://www.themealdb.com/images/media/meals/fk80jp1763280767.jpg,https://www.bbcgoodfood.com/recipes/chicken-chorizo-rice-pot,Spanish,Chicken,35,550,38,no,high-protein,4,1||oil|dry goods;1||chicken|meat and fish;1||onion|produce;1||red pepper|produce;3|clove|garlic|produce;225|g|chorizo|meat and fish;1||tomato puree|produce;1|tbsp|thyme|produce;150|ml|white wine|dry goods;800|ml|chicken stock|meat and fish;400|g|rice|dry goods;2|tbsp|parsley|produce,"Heat the oil in a large flameproof casserole dish and brown the chicken pieces on all sides – you may have to do this in batches. Remove from the dish and put to one side.||Lower the heat, add the onion and pepper, and gently cook for 10 mins until softened. Add the garlic and chorizo, and cook for a further 2 mins until the chorizo has released some of its oils into the dish. Stir in the tomato purée and cook for 1 min more.||Return the chicken pieces to the dish along with the thyme, white wine and stock. Bring the liquid to a boil, cover the dish with a tight-fitting lid and lower the heat. Cook for 30 mins.||Tip in the rice and stir everything together. Cover, set over a low heat and cook for a further 15 mins, or until the rice is cooked and has absorbed most of the cooking liquid. Remove from the heat and leave the dish to sit for 10 mins to absorb any remaining liquid. Season to taste and scatter with parsley to serve."
chicken-mushroom-hotpot,Chicken & mushroom Hotpot,https://www.themealdb.com/images/media/meals/uuuspp1511297945.jpg,https://www.bbcgoodfood.com/recipes/chicken-mushroom-hot-pot,British,Chicken,40,550,38,yes,high-protein,4,50|g|butter|dairy;1||onion|produce;100|g|mushrooms|produce;40|g|plain flour|dry goods;1||chicken stock cube|meat and fish;1|pinch|nutmeg|dry goods;1|pinch|mustard powder|dry goods;250|g|chicken|meat and fish;2|handful|sweetcorn|produce;2||potatoes|produce;1||butter|dairy,"Heat oven to 200C/180C fan/gas 6. Put the butter in a medium-size saucepan and place over a medium heat. Add the onion and leave to cook for 5 mins, stirring occasionally. Add the mushrooms to the saucepan with the onions.||Once the onion and mushrooms are almost cooked, stir in the flour – this will make a thick paste called a roux. If you are using a stock cube, crumble the cube into the roux now and stir well. Put the roux over a low heat and stir continuously for 2 mins – this will cook the flour and stop the sauce from having a floury taste.||Take the roux off the heat. Slowly add the fresh stock, if using, or pour in 500ml water if you’ve used a stock cube, stirring all the time. Once all the liquid has been added, season with pepper, a pinch of nutmeg and mustard powder. Put the saucepan back onto a medium heat and slowly bring it to the boil, stirring all the time. Once the sauce has thickened, place on a very low heat. Add the cooked chicken and vegetables to the sauce and stir well. Grease a medium-size ovenproof pie dish with a little butter and pour in the chicken and mushroom filling.||Carefully lay the potatoes on top of the hot-pot filling, overlapping them slightly, almost like a pie top.||Brush the potatoes with a little melted butter and cook in the oven for about 35 mins. The hot-pot is ready once the potatoes are cooked and golden brown."
chicken-congee,Chicken Congee,https://www.themealdb.com/images/media/meals/1529446352.jpg,https://sueandgambo.com/pages/chicken-congee,Chinese,Chicken,75,550,38,yes,high-protein,4,227|g|chicken|meat and fish;1|pinch|salt|dry goods;1|pinch|pepper|produce;1|tsp|ginger cordial|produce;1|tsp|ginger|produce;1|tbsp|spring onions|produce;120|ml|rice|dry goods;1920|ml|water|dry goods;57|g|coriander|produce,"- MARINATING THE CHICKEN||In a bowl, add chicken, salt, white pepper, ginger juice and then mix it together well.||Set the chicken aside.||- RINSE THE WHITE RICE||Rinse the rice in a metal bowl or pot a couple times and then drain the water.||- BOILING THE WHITE RICE||Next add 8 cups of water and then set the stove on high heat until it is boiling. Once rice porridge starts to boil, set the stove on low heat and then stir it once every 8-10 minutes for around 20-25 minutes.||After 25 minutes, this is optional but you can add a little bit more water to make rice porridge to make it less thick or to your preference.||Next add the marinated chicken to the rice porridge and leave the stove on low heat for another 10 minutes.||After an additional 10 minutes add the green onions, sliced ginger, 1 pinch of salt, 1 pinch of white pepper and stir for 10 seconds.||Serve the rice porridge in a bowl||Optional: add Coriander on top of the rice porridge."
chicken-couscous,Chicken Couscous,https://www.themealdb.com/images/media/meals/qxytrx1511304021.jpg,https://www.bbcgoodfood.com/recipes/13139/onepan-chicken-couscous,Moroccan,Chicken,25,550,38,no,high-protein,4,1|tbsp|olive oil|dry goods;1||onion|produce;200|g|chicken breast|meat and fish;1|pinch|ginger|produce;2||harissa spice|dry goods;10||dried apricots|dry goods;220|g|chickpeas|produce;200|g|couscous|dry goods;200|ml|chicken stock|meat and fish;1|handful|coriander|produce,"Heat the olive oil in a large frying pan and cook the onion for 1-2 mins just until softened. Add the chicken and fry for 7-10 mins until cooked through and the onions have turned golden. Grate over the ginger, stir through the harissa to coat everything and cook for 1 min more.||Tip in the apricots, chickpeas and couscous, then pour over the stock and stir once. Cover with a lid or tightly cover the pan with foil and leave for about 5 mins until the couscous has soaked up all the stock and is soft. Fluff up the couscous with a fork and scatter over the coriander to serve. Serve with extra harissa, if you like."
chicken-enchilada-casserole,Chicken Enchilada Casserole,https://www.themealdb.com/images/media/meals/qtuwxu1468233098.jpg,https://www.themealdb.com/meal/52765,Mexican,Chicken,40,550,38,yes,high-protein,4,397|g|enchilada sauce|dry goods;720|ml|shredded monterey jack cheese|dairy;6||corn tortillas|produce;2||chicken breasts|meat and fish,"Cut each chicken breast in about 3 pieces, so that it cooks faster and put it in a small pot. Pour Enchilada sauce over it and cook covered on low to medium heat until chicken is cooked through, about 20 minutes. No water is needed, the chicken will cook in the Enchilada sauce. Make sure you stir occasionally so that it doesn't stick to the bottom.||Remove chicken from the pot and shred with two forks.||Preheat oven to 375 F degrees.||Start layering the casserole. Start with about ¼ cup of the leftover Enchilada sauce over the bottom of a baking dish. I used a longer baking dish, so that I can put 2 corn tortillas across. Place 2 tortillas on the bottom, top with ⅓ of the chicken and ⅓ of the remaining sauce. Sprinkle with ⅓ of the cheese and repeat starting with 2 more tortillas, then chicken, sauce, cheese. Repeat with last layer with the remaining ingredients, tortillas, chicken, sauce and cheese.||Bake for 20 to 30 minutes uncovered, until bubbly and cheese has melted and started to brown on top."
chicken-fajita-mac-and-cheese,Chicken Fajita Mac and Cheese,https://www.themealdb.com/images/media/meals/qrqywr1503066605.jpg,http://twistedfood.co.uk/chicken-fajita-mac-n-cheese/,United States,Chicken,35,550,38,yes,high-protein,4,500|g|macaroni|dry goods;480|ml|chicken stock|meat and fish;120|ml|heavy cream|dairy;1||fajita seasoning|dry goods;1|tsp|salt|dry goods;3||chicken breast|meat and fish;2|tbsp|olive oil|dry goods;1||onion|produce;2||red pepper|produce;2|clove|garlic|produce;240|ml|cheddar cheese|dairy;1||parsley|produce,"Fry your onion, peppers and garlic in olive oil until nicely translucent. Make a well in your veg and add your chicken. Add your seasoning and salt. Allow to colour slightly.||Add your cream, stock and macaroni.||Cook on low for 20 minutes. Add your cheeses, stir to combine.||Top with roasted peppers and parsley."
chicken-fried-rice,Chicken Fried Rice,https://www.themealdb.com/images/media/meals/wuyd2h1765655837.jpg,https://www.simplyrecipes.com/recipes/chicken_fried_rice/,Chinese,Chicken,90,550,38,yes,high-protein,4,454|g|chicken thighs|meat and fish;1|tsp|salt|dry goods;3|tbsp|canola oil|dry goods;3||egg|dairy;160|ml|onion|produce;2|clove|garlic|produce;2|tsp|ground ginger|produce;1||carrots|produce;160|ml|peas|produce;960|ml|jasmine rice|dry goods;2||scallions|produce;0.5|tsp|chinese five spice powder|dry goods;2.5|tbsp|soy sauce|dry goods;1|tsp|sesame seed oil|dry goods,"Fried rice is best made with leftover rice that's at least a day old. Otherwise it becomes gummy in the skillet.||If you don’t have any leftover rice from the night before, cook a batch of rice and spread it on a large baking sheet or several large plates. Let the rice dry out for about 1 to 2 hours before using it for fried rice.||Rice sticks to the pan very easily, so make sure to use a wok or pan that doesn’t have a sticky surface. I usually cook stir-fries in my seasoned carbon steel wok, but cast iron or nonstick pans work well, too. You might need to add a little more oil if things aren’t releasing easily.||Prepare the chicken:||Chop the chicken into small 1/4-inch to 1/2-inch cubes. Sprinkle 1/2 teaspoon of salt over the chicken and mix to combine. Set the chicken aside for about 10 minutes (I usually use this time to chop all the vegetables).||Scramble the egg:||Heat a wok or large sauté pan over medium-high heat. Swirl in a tablespoon of oil and add the whisked eggs. Use a spatula to quickly scramble the eggs, breaking the curds into smaller pieces as they come together. Transfer the eggs to a plate.||Cook the chicken:||Add another tablespoon of oil in the wok or pan. Add the chicken and cook for 4 to 5 minutes, stirring occasionally. Turn off the heat and transfer the cooked chicken to a plate.||Using your spatula, scrape off any chicken bits that are still stuck to the wok so they don't burn during the next step. You can also use paper towels to wipe down your wok or pan.||Cook the vegetables:||Swirl 1 tablespoon of oil into the wok over medium-high heat. Add the diced onions and cook them for 1 minute, until they start to soften. Mix in the minced garlic and ginger and cook until fragrant, about 30 seconds. Add the diced carrots and cook for 2 minutes, stirring frequently. Add 1/2 teaspoon salt and the peas, and stir to incorporate.||Cook the rice:||Add the rice to the wok or pan on top of the vegetables and stir to combine. Using the back of your spatula, smash any large chunks of rice to break them apart. Add the white and green parts of the sliced scallions (save the dark green parts) and five-spice powder. Stir to incorporate. If the rice starts to stick to the pan, stir in a little more oil.||Drizzle the soy sauce and sesame oil over the rice and stir to incorporate. Stir in the cooked chicken, scrambled eggs, and the dark parts of the scallions. Stir briefly to bring it together, and cook for another 1 to 2 minutes.||Taste, and add more soy sauce if necessary. Serve immediately."
chicken-ham-and-leek-pie,Chicken Ham and Leek Pie,https://www.themealdb.com/images/media/meals/xrrtss1511555269.jpg,https://www.bbc.co.uk/food/recipes/creamy_chicken_ham_and_03877,British,Chicken,65,550,38,no,high-protein,4,"450|ml|chicken stock|meat and fish;3||chicken breast|meat and fish;75|g|butter|dairy;2||leek|produce;2|clove|garlic|produce;50|g|plain flour|dry goods;200|ml|milk|dairy;3|tbsp|white wine|dry goods;150|ml|double cream|dairy;150|g|ham|meat and fish;1||sea salt|dry goods;1|pinch|pepper|produce;350|g|plain flour|dry goods;200|g|butter|dairy;1||free-range egg, beaten|dairy;1||cold water|dry goods;1||free-range egg, beaten|dairy","Heat the chicken stock in a lidded saucepan. Add the chicken breast and bring to a low simmer. Cover with a lid and cook for 10 minutes. Remove the chicken breasts from the water with tongs and place on a plate. Pour the cooking liquor into a large jug.||Melt 25g/1oz of the butter in a large heavy-based saucepan over a low heat. Stir in the leeks and fry gently for two minutes, stirring occasionally until just softened. Add the garlic and cook for a further minute. Add the remaining butter and stir in the flour as soon as the butter has melted. Cook for 30 seconds, stirring constantly.||Slowly pour the milk into the pan, just a little at a time, stirring well between each adding. Gradually add 250ml/10fl oz of the reserved stock and the wine, if using, stirring until the sauce is smooth and thickened slightly. Bring to a gentle simmer and cook for 3 minutes.||Season the mixture, to taste, with salt and freshly ground black pepper. Remove from the heat and stir in the cream. Pour into a large bowl and cover the surface of the sauce with cling ilm to prevent a skin forming. Set aside to cool.||Preheat the oven to 200C/400F/Gas 6. Put a baking tray in the oven to heat.||For the pastry, put the flour and butter in a food processor and blend on the pulse setting until the mixture resembles fine breadcrumbs. With the motor running, add the beaten egg and water and blend until the mixture forms a ball. Portion off 250g/10oz of pastry for the lid.||Roll the remaining pastry out on a lightly floured surface, turning the pastry frequently until around 5mm/¼in thick and 4cm/1½in larger than the pie dish. Lift the pastry over the rolling pin and place it gently into the pie dish. Press the pastry firmly up the sides, making sure there are no air bubbles. Leave the excess pastry overhanging the sides.||Cut the chicken breasts into 3cm/1¼in pieces. Stir the chicken, ham and leeks into the cooled sauce. Pour the chicken filling into the pie dish. Brush the rim of the dish with beaten egg. Roll out the reserved pastry for the lid.||Cover the pie with the pastry lid and press the edges together firmly to seal. Trim any excess pastry.||Make a small hole in the centre of the pie with the tip of a knife. Glaze the top of the pie with beaten egg. Bake on the preheated tray in the centre of the oven for 35-40 minutes or until the pie is golden-brown all over and the filling is piping hot."
chicken-handi,Chicken Handi,https://www.themealdb.com/images/media/meals/wyxwsp1486979827.jpg,https://www.themealdb.com/meal/52795,India,Chicken,60,550,38,no,high-protein,4,1.2|kg|chicken|meat and fish;5||onion|produce;2||tomatoes|produce;8|clove|garlic|produce;1|tbsp|ginger paste|produce;60|ml|vegetable oil|dry goods;2|tsp|cumin seeds|dry goods;3|tsp|coriander seeds|produce;1|tsp|turmeric powder|dry goods;1|tsp|chilli powder|produce;2||green chilli|produce;240|ml|yogurt|dairy;180|ml|cream|dairy;3|tsp|fenugreek|dry goods;1|tsp|garam masala|dry goods;1||salt|dry goods,"Take a large pot or wok, big enough to cook all the chicken, and heat the oil in it. Once the oil is hot, add sliced onion and fry them until deep golden brown. Then take them out on a plate and set aside.||To the same pot, add the chopped garlic and sauté for a minute. Then add the chopped tomatoes and cook until tomatoes turn soft. This would take about 5 minutes.||Then return the fried onion to the pot and stir. Add ginger paste and sauté well.||Now add the cumin seeds, half of the coriander seeds and chopped green chillies. Give them a quick stir.||Next goes in the spices – turmeric powder and red chilli powder. Sauté the spices well for couple of minutes.||Add the chicken pieces to the wok, season it with salt to taste and cook the chicken covered on medium-low heat until the chicken is almost cooked through. This would take about 15 minutes. Slowly sautéing the chicken will enhance the flavor, so do not expedite this step by putting it on high heat.||When the oil separates from the spices, add the beaten yogurt keeping the heat on lowest so that the yogurt doesn’t split. Sprinkle the remaining coriander seeds and add half of the dried fenugreek leaves. Mix well.||Finally add the cream and give a final mix to combine everything well.||Sprinkle the remaining kasuri methi and garam masala and serve the chicken handi hot with naan or rotis. Enjoy!"
chicken-karaage,Chicken Karaage,https://www.themealdb.com/images/media/meals/tyywsw1505930373.jpg,https://norecipes.com/karaage-recipe,Japanese,Chicken,35,550,38,yes,high-protein,4,450|g|chicken|meat and fish;1|tbsp|ginger|produce;1|clove|garlic|produce;2|tbsp|soy sauce|dry goods;1|tbsp|sake|dry goods;2|tsp|granulated sugar|dry goods;80|ml|potato starch|produce;80|ml|vegetable oil|dry goods;80|ml|lemon|produce,"Add the ginger, garlic, soy sauce, sake and sugar to a bowl and whisk to combine. Add the chicken, then stir to coat evenly. Cover and refrigerate for at least 1 hour.||Add 1 inch of vegetable oil to a heavy bottomed pot and heat until the oil reaches 360 degrees F. Line a wire rack with 2 sheets of paper towels and get your tongs out. Put the potato starch in a bowl||Add a handful of chicken to the potato starch and toss to coat each piece evenly.||Fry the karaage in batches until the exterior is a medium brown and the chicken is cooked through. Transfer the fried chicken to the paper towel lined rack. If you want the karaage to stay crispy longer, you can fry the chicken a second time, until it's a darker color after it's cooled off once. Serve with lemon wedges."
chicken-liver-pate-recipe,Chicken Liver Pate Recipe,https://www.themealdb.com/images/media/meals/hob03q1780264260.jpg,https://www.totallybarbados.com/articles/barbados-recipes/chicken-liver-pate/,,Chicken,55,550,38,yes,high-protein,4,454|g|chicken liver|meat and fish;227|g|bacon|meat and fish;1|clove|garlic|produce;1||onion|produce;2|tsp|ground mustard|dry goods;1||salt|dry goods;1||pepper|produce;1||milk|dairy;1|tbsp|sherry|dry goods,Clean livers of sinews and gall.||Put into a fireproof casserole with all other ingredients roughly chopped.||Season and cover with milk.||Put the lid on the casserole and cook in a slow oven (300ºF) for 2 hours.||Liquidize in a blender.||Adjust seasoning.||Add sherry or brandy.||Put in a dish and cover with melted butte
chicken-lollipop,Chicken Lollipop,https://www.themealdb.com/images/media/meals/nz0lg71784671684.jpg,https://dominicagourmet.com/chicken-lollipop-recipe/,,Chicken,55,550,38,yes,high-protein,4,907|g|chicken wings|meat and fish;1|tbsp|black pepper|produce;1|tbsp|paprika|dry goods;1|tbsp|garlic|produce;1|tbsp|salt|dry goods;4|tbsp|cornstarch|produce,"Wash chicken with lemon||Drain and season chicken||Using shears, cut through the meat at the tip of the drumettes||Add all seasoning ingredients to the drumettes||Pour oil into a deep fryer, or saucepan to the level of about 5 inches so that the chicken will be submerged||Fry until medium brown, add your favorite sauce (I used honey garlic barbecue sauce) to place in the oven||Or fry until golden brown if you're not putting it in the oven||Using a silicon brush add sauce to chicken and place in the oven"
chicken-mandi,Chicken Mandi,https://www.themealdb.com/images/media/meals/er4d081765186828.jpg,https://www.themealdb.com/meal/53358,India,Chicken,60,550,38,no,high-protein,4,1||chicken|meat and fish;480|ml|basmati rice|dry goods;960|ml|water|dry goods;1||onion|produce;4|clove|garlic|produce;2||green chilli|produce;1|tsp|salt|dry goods;3|tbsp|oil|dry goods;1|tbsp|turmeric powder|dry goods;1|tsp|coriander|produce;0.5|tbsp|cardamom|dry goods;0.25|tsp|cloves|dry goods;0.5|tsp|cinnamon|dry goods;1|tsp|pepper|produce;2||bay leaf|dry goods,"1. Clean and cut the chicken; marinate briefly with salt, turmeric and a little oil.||2. Rinse and soak basmati rice 20–30 minutes.||3. In a large pot, heat ghee/oil. Fry chopped onion until golden. Add minced garlic and green chillies and fry 1–2 min.||4. Add whole spices (cardamom, cloves, cinnamon, bay leaves) and ground spices (coriander, cumin). Stir until fragrant.||5. Add chicken pieces, brown lightly and add enough water/chicken stock to cover. Simmer until chicken is nearly cooked.||6. Remove chicken; measure remaining liquid and add soaked rice. Bring to a boil, then reduce heat, cover and cook rice until almost done.||7. Return the chicken to the rice pot on top, cover tightly and steam on low for 10–15 min so flavors meld.||8. (Optional) For authentic smoky aroma: heat a small charcoal until red hot, place it on a small foil cup in the centre of the pot, add a tsp of butter/oil on the coal then cover immediately to trap smoke for 5–10 minutes. Remove coal.||9. Garnish with fried onions, chopped coriander and serve with chutney or raita."
chicken-marengo,Chicken Marengo,https://www.themealdb.com/images/media/meals/qpxvuq1511798906.jpg,https://www.bbcgoodfood.com/recipes/3146682/chicken-marengo,France,Chicken,25,550,38,no,high-protein,4,1|tbsp|olive oil|dry goods;300|g|mushrooms|produce;4||chicken legs|meat and fish;500|g|passata|dry goods;1||chicken stock cube|meat and fish;100|g|black olives|dry goods;1||parsley|produce,"Heat the oil in a large flameproof casserole dish and stir-fry the mushrooms until they start to soften. Add the chicken legs and cook briefly on each side to colour them a little.||Pour in the passata, crumble in the stock cube and stir in the olives. Season with black pepper – you shouldn’t need salt. Cover and simmer for 40 mins until the chicken is tender. Sprinkle with parsley and serve with pasta and a salad, or mash and green veg, if you like."
chicken-parmentier,Chicken Parmentier,https://www.themealdb.com/images/media/meals/uwvxpv1511557015.jpg,https://www.bbc.co.uk/food/recipes/chicken_parmentier_25434,France,Chicken,35,550,38,no,high-protein,4,1.5|kg|potatoes|produce;30|g|butter|dairy;5||double cream|dairy;2||egg yolks|dairy;30|g|butter|dairy;7||shallots|produce;3||carrots|produce;2|stick|celery|produce;1||garlic clove|produce;4|tbsp|white wine|dry goods;1||tomato puree|produce;400|g|tinned tomatos|produce;350|ml|chicken stock|meat and fish;600|g|chicken|meat and fish;16||black olives|dry goods;2|tbsp|parsley|produce;50|g|gruyere cheese|dairy,"For the topping, boil the potatoes in salted water until tender. Drain and push through a potato ricer, or mash thoroughly. Stir in the butter, cream and egg yolks. Season and set aside.||For the filling, melt the butter in a large pan. Add the shallots, carrots and celery and gently fry until soft, then add the garlic. Pour in the wine and cook for 1 minute. Stir in the tomato purée, chopped tomatoes and stock and cook for 10–15 minutes, until thickened. Add the shredded chicken, olives and parsley. Season to taste with salt and pepper.||Preheat the oven to 180C/160C Fan/Gas 4.||Put the filling in a 20x30cm/8x12in ovenproof dish and top with the mashed potato. Grate over the Gruyère. Bake for 30–35 minutes, until piping hot and the potato is golden-brown."
chicken-quinoa-greek-salad,Chicken Quinoa Greek Salad,https://www.themealdb.com/images/media/meals/k29viq1585565980.jpg,https://www.bbcgoodfood.com/recipes/griddled-chicken-quinoa-greek-salad,Greek,Chicken,30,550,38,no,high-protein,4,225|g|quinoa|dry goods;25|g|butter|dairy;1||red chilli|produce;1|clove|garlic|produce;400|g|chicken breast|meat and fish;2|tbsp|olive oil|dry goods;1|handful|black olives|dry goods;1||red onions|produce;100|g|feta|dry goods;1||mint|produce;0.5||lemon|produce,"Cook the quinoa following the pack instructions, then rinse in cold water and drain thoroughly.||Meanwhile, mix the butter, chilli and garlic into a paste. Toss the chicken fillets in 2 tsp of the olive oil with some seasoning. Lay in a hot griddle pan and cook for 3-4 mins each side or until cooked through. Transfer to a plate, dot with the spicy butter and set aside to melt.||Next, tip the tomatoes, olives, onion, feta and mint into a bowl. Toss in the cooked quinoa. Stir through the remaining olive oil, lemon juice and zest, and season well. Serve with the chicken fillets on top, drizzled with any buttery chicken juices."
chicken-salad-with-mushrooms-and-bacon,Chicken Salad With Mushrooms and Bacon,https://www.themealdb.com/images/media/meals/t5rgav1784659936.jpg,https://denmark.dk/people-and-culture/recipes/chicken-salad/,,Chicken,45,550,38,yes,high-protein,4,300|g|chicken breast|meat and fish;1||shallots|produce;3|tbsp|mayonnaise|dry goods;4|tbsp|creme fraiche|dairy;3|tsp|dijon mustard|dry goods;1|tbsp|apple cider vinegar|produce;100|g|bacon|meat and fish;250|g|mushrooms|produce;1|sprig|parsley|produce;1||salt|dry goods;1||pepper|produce,"Place chicken breast in a saucepan and cover with water. Bring to a boil, add 1 tsp salt and simmer for approximately 15 minutes. Allow chicken to cool and then shred meat with two forks.||Finely chop shallot/red onion.||Stir mayonnaise, crème fraîche, Dijon mustard and apple cider vinegar to combine. Season with salt, pepper and extra Dijon mustard to taste. Combine with onion and chicken.||Fry bacon until crisp and transfer to plate lined with paper towels.||Rinse mushrooms, slice and fry in the same pan as bacon until golden (approximately 5 minutes). Season with a bit of salt and pepper.||Arrange your chicken salad in a serving dish, topped with crisp bacon, mushrooms and chopped parsley. Serve on a slice of light or dark bread."
chicken-shawarma-with-homemade-garlic-herb-yoghurt-sauce,Chicken Shawarma with homemade garlic herb yoghurt sauce,https://www.themealdb.com/images/media/meals/hcg6l91763596970.jpg,https://cookpad.com/eng/recipes/24343467?ref=search&search_term=saudi+arabia,Saudi Arabian,Chicken,45,550,38,no,high-protein,4,1|kg|chicken breast|meat and fish;2|clove|garlic|produce;1||ground coriander|produce;1||ground cumin|dry goods;1||ground cardomom|dry goods;1|tsp|cayenne pepper|produce;2|tsp|smoked paprika|dry goods;2|tsp|salt|dry goods;2||lemon juice|produce;3|tbsp|olive oil|dry goods;240|ml|greek yogurt|dairy;1|clove|garlic|produce;1|tsp|cumin|dry goods;1||lemon juice|produce,"Start by cutting your chicken up into reasonably small slices. Grab your ziplock bag and dump the freshly sliced chicken inside.||Add garlic, coriander, cumin, cardomom, cayenne pepper, paprika, salt, pepper, lemon juice and olive oil to the bag. Close the bag and mix thoroughly. Place in fridge for 10-12 hours (shorter is fine but longer is better).||Once ready to cook, heat your fry pan to medium-high and add a tiny bit of olive oil. Fry one side of all of your flatbreads until slightly toasty. Remove from pan, add enough oil to coat the fry pan. Put crumble fries into air fryer on 180 for 15 minutes shaking occasionally.||The pan should be pretty hot by now, add the chicken in 2 batches (unless you have a big fry pan) to avoid overcrowding. The chicken should get a nice sear and darker colour which is perfect. Cook for a further 5-8 minutes or until cooked through. Repeat with next chicken batch.||While chicken is cooking, place your Greek yoghurt into a bowl. Combine garlic, finely chopped mint and parsley, squeeze or so of lemon and cumin. Combine and add salt to taste. In a small bowl, combine 1tsp garlic powder, paprika, cumin, onion powder, oregano, dried parsley, cayenne pepper (optional) mix and leave aside for fries.||Season fries immediately once cooked and add salt to taste. Once the chicken is complete, serve immediately by laying out your flatbread, spreading the sauce evenly over the bread, add lettuce, onion, tomato, fries, chicken, feta and more sauce on top. Serve immediately."
chicken-and-potato-roti,Chicken and Potato Roti,https://www.themealdb.com/images/media/meals/mp9z0i1782238092.jpg,https://www.totallybarbados.com/articles/barbados-recipes/chicken-potato-roti-recipe/,,Chicken,90,550,38,yes,high-protein,4,454|g|flour|dry goods;3|tbsp|shortening|dry goods;1|pinch|salt|dry goods;1||water|dry goods;6||chicken breast|meat and fish;1|pinch|parsley|produce;1|pinch|thyme|produce;1|pinch|jerk|dry goods;1|pinch|salt|dry goods;1|pinch|sugar|dry goods;1|pinch|black pepper|produce;2||onion|produce;4|clove|garlic|produce;1||scotch bonnet|dry goods;227|g|potatoes|produce,"Add a pint of chicken stock to the simmer and put three tablespoons of sugar into a large saucepan on high; cook until the sugar caramelizes, then add the cubed chicken breasts and stir until the chicken browns.||Add chopped onions, garlic, parsley, thyme, jerk seasoning, salt, and the whole scotch bonnet pepper – do not cut up the pepper! Reduce the heat to low and let this simmer for 25 minutes.||In a large mixing bowl, sift the flour, and add a pinch of salt to taste.||Now add the first tablespoon of shortening, and with your fingers, rub the flour into the shortening until it forms a breadcrumb-like consistency.||Then add the second tablespoon of shortening and rub against the flour until it looks like breadcrumbs.||Now add the third tablespoon of shortening and repeat the process.||You should by now have used all the flour. Your bowl should be all breadcrumb-like; if you still have fresh flour, use another tablespoon of shortening until your fresh flour is all used up.||Add a small amount of water and mix with a butter knife; keep adding small amounts until your mixture forms a soft dough.||Now dust your surface with flour and roll out your pastry; you want to roll wafer-thin rounds – this mixture should make at least 12 roti skins.||Cover with a tea towel while returning to the pot.||Now peel the potatoes and cube them into small bite-size pieces.||After 25 minutes of simmering, add 1/2 pint of water and the potatoes to the pool.||Now cover and cook for 30 minutes on low heat.||Turn a flat baking tray upside down, lightly cover with foil, and place on the stovetop on high; cook each roti skin for 1 minute on each side until brown but not crisp.||Now pile up your cooked roti skins, remove the pot after 30 minutes, and remove the whole scotch bonnet.||Take the entire pot to the table with a pile of plates; each person assumes the roti skin, lays it flat on the scale, spoons some filling into the middle of the roti skin, and folds around the filling eats enjoy."
chicken-in-orange-sauce-recipe-pollo-a-la-naranja,Chicken in Orange Sauce Recipe (Pollo a la Naranja),https://www.themealdb.com/images/media/meals/uuns781783804024.jpg,https://www.mycolombianrecipes.com/chicken-in-orange-sauce-pollo-a-la-naranja/#recipe,,Chicken,35,550,38,yes,high-protein,4,4||chicken legs|meat and fish;2|tbsp|olive oil|dry goods;2|tbsp|butter|dairy;120|ml|onion|produce;1||red pepper|produce;3|clove|garlic|produce;1|tsp|salt|dry goods;0.5|tsp|black pepper|produce;240|ml|chicken stock|meat and fish;120|ml|orange juice|produce;3|tbsp|brown sugar|dry goods;60|ml|cilantro|dry goods,"Place the olive oil and butter in a large sauce pan over medium heat. Add the chopped onions, red bell pepper and garlic. Cook for about 3 minutes, stirring often until the vegetables are soft.||Add the chicken legs and season with salt and pepper. Cook for about 1 minute on each side.||Add the chicken broth, orange juice and cook for about 2 minutes scraping the bottom of the pan with a wooden spoon. Add the brown sugar and cover the pot. Reduce the heat to medium and cook for about 45 minutes or until chicken is cooked.||Spoon the sauce over the chicken and serve over white rice. Garnish with fresh cilantro."
chicken-wings-with-cumin-lemon-garlic,"Chicken wings with cumin, lemon & garlic",https://www.themealdb.com/images/media/meals/4hzyvq1763792564.jpg,https://www.bbcgoodfood.com/recipes/chicken-wings-cumin-lemon-garlic,Turkish,Chicken,25,550,38,yes,high-protein,4,12||chicken wings|meat and fish;2|clove|garlic|produce;1||lemon|produce;1|tsp|cumin seeds|dry goods;2|tbsp|olive oil|dry goods;1|tbsp|honey|dry goods,"Using a pair of sharp kitchen scissors, cut each wing at the knuckle into two pieces. Mix the garlic, lemon zest and juice, cumin and oil with plenty of seasoning, then tip into a dish with the chicken wings and toss to coat. Cover and put in the fridge to marinate for at least 1 hr, or overnight if you have time.||Heat oven to 200C/180C fan/gas 6, or heat an outdoor barbecue. Bake the chicken wings on an oven tray for 45-50 mins until crisp, or barbecue for 20 mins, drizzling over the honey for the final 10 mins of each method. Serve on a platter with plenty of paper napkins. Fill small bowls with olives, pistachios or almonds, dates and pickled chillies and flatbreads to serve alongside, along with the dishes below."
chicken-with-saffron-raisins-pine-nuts,"Chicken with saffron, raisins & pine nuts",https://www.themealdb.com/images/media/meals/4mhr3u1763481087.jpg,https://www.bbcgoodfood.com/recipes/chicken-saffron-raisins-pine-nuts,Spanish,Chicken,35,550,38,yes,high-protein,4,1.25|kg|chicken|meat and fish;2||olive oil|dry goods;3|clove|garlic|produce;1|pinch|saffron|dry goods;125|ml|dry sherry|dry goods;200|ml|chicken stock|meat and fish;1|tbsp|thyme|produce;50|g|raisins|dry goods;2|tbsp|pine nuts|dry goods;1|handful|parsley|produce,"Heat a large frying pan on a high heat and season the chicken. Add the olive oil to the pan, then the chicken. Brown for about 5 mins on each side, remove onto a plate, then set aside.||Lower the heat to medium. In the remaining fat, fry the onions for 3 mins, then add the garlic and saffron. Cook for 3-4 mins more. Add the sherry, then simmer for 3-5 mins until syrupy.||Put the chicken leg pieces back into the pan, tip in the stock, thyme and raisins, cover, then gently cook on a low heat for 20 mins. Add the breast meat and any juices left on the plate. Simmer for 10 mins more until cooked through and the sauce in the pan has reduced.||While the chicken is cooking, heat oven to 200C/180C fan/gas 6. Scatter the pine nuts over a baking sheet, then roast for 10 mins until golden and toasted. Once the chicken has cooked through, season to taste, scatter with pine nuts and parsley, then serve with rice."
chickpea-fajitas,Chickpea Fajitas,https://www.themealdb.com/images/media/meals/tvtxpq1511464705.jpg,https://www.bbcgoodfood.com/recipes/chickpea-fajitas,Mexican,Vegetarian,35,450,18,no,light,4,400|g|chickpeas|produce;1||olive oil|dry goods;1|pinch|paprika|dry goods;2||tomatoes|produce;1||red onions|produce;2|tsp|red wine vinegar|dry goods;1||avocado|produce;1||lime|produce;1||lime|produce;100|g|sour cream|dairy;2|tsp|harissa spice|dry goods;4||corn tortillas|produce;1||coriander|produce,"Heat oven to 200C/180C fan/gas 6 and line a baking tray with foil. Drain the chickpeas, pat dry and tip onto the prepared baking tray. Add the oil and paprika, toss to coat, then roast for 20-25 mins until browned and crisp, shaking halfway through cooking.||Meanwhile, put the tomatoes and onion in a small bowl with the vinegar and set aside to pickle. Put the avocado in another bowl and mash with a fork, leaving some larger chunks. Stir in the lime juice and season well. Mix the soured cream with the harissa and set aside until ready to serve.||Heat a griddle pan until nearly smoking. Add the tortillas , one at a time, charring each side until hot with griddle lines.||Put everything on the table and build the fajitas : spread a little of the harissa cream over the tortilla, top with roasted chickpeas, guacamole, pickled salsa and coriander, if you like. Serve with the lime wedges for squeezing over."
chickpea-chorizo-spinach-stew,"Chickpea, chorizo & spinach stew",https://www.themealdb.com/images/media/meals/xvnx8j1763287209.jpg,https://www.bbcgoodfood.com/recipes/chickpea-chorizo-spinach-stew,Spanish,Pork,25,620,38,yes,high-protein,4,4|tbsp|extra virgin olive oil|dry goods;1||onion|produce;1||carrots|produce;1||celery|produce;3||thyme|produce;2||bay leaves|dry goods;2|clove|garlic|produce;200|g|chorizo|meat and fish;0.25|tsp|cinnamon|dry goods;1|tsp|paprika|dry goods;800|g|chickpeas|produce;2||sherry vinegar|dry goods;400|g|spinach|produce,"Heat the oil in a large pan, then gently fry the onion for 3-4 mins until it begins to soften. Stir in the carrot, celery, thyme and bay leaves. Season, then cook for 2-3 mins, stirring occasionally. Add the garlic, chorizo, cinnamon and smoked paprika. Gently fry until the vegetables soften and the chorizo starts to release its oils and crisp up.||Stir in the chickpeas, vinegar and 150ml water, then bring to a simmer for 1-2 mins until the chickpeas have heated up. Add the spinach, then stir through the chickpeas until it wilts a little. Remove from the heat, season to taste, then serve warm with crusty bread."
chilean-empanada,Chilean Empanada,https://www.themealdb.com/images/media/meals/q4xgij1782851193.jpg,https://www.allrecipes.com/recipe/185584/chilean-empanada/,,Pork,45,620,38,no,high-protein,4,1|tbsp|butter|dairy;1||onion|produce;1|tsp|garlic|produce;1|tsp|dried oregano|dry goods;1|tsp|cumin|dry goods;0.5|tsp|salt|dry goods;0.5|tsp|black pepper|produce;454|g|ground pork|meat and fish;240|ml|raisins|dry goods;240|ml|black olives|dry goods;3||eggs|dairy;240|ml|water|dry goods;240|ml|shortening|dry goods;1200|ml|all purpose flour|dry goods;2|tsp|salt|dry goods;2||eggs|dairy,"Make the filling: Melt butter in a large skillet over medium heat. Add onion, garlic, oregano, cumin, salt, and pepper; cook and stir until onion is golden brown, 5 to 7 minutes. Add pork and cook until completely browned and crumbly, 7 to 10 minutes more. Drain fat from the skillet. Stir in raisins, olives, and hard-cooked eggs.||Whisk water and cornstarch together in a small bowl; pour into the skillet and stir until liquid thickens. Remove from the heat and set aside.||Make the dough: Whisk milk and melted shortening together in a bowl until evenly blended. Stir flour and salt together in a separate large bowl. Pour milk mixture into flour mixture; whisk until well combined and a dough forms. Let rest for 10 minutes.||Preheat the oven to 400 degrees F (200 degrees C). Line a baking sheet with parchment paper.||Roll dough on a lightly floured surface to a thickness of 1/8 inch. Cut into 12 circles with a round cookie cutter or glass. Spoon filling into the center of each circle. Fold each circle in half and press the edges with a fork to seal. Brush the tops with beaten egg. Place empanadas onto the prepared baking sheet.||Bake in the preheated oven until golden brown, about 25 minutes."
chilli-ginger-lamb-chops,Chilli ginger lamb chops,https://www.themealdb.com/images/media/meals/8xuvhj1763794991.jpg,https://www.bbcgoodfood.com/recipes/chilli-ginger-lamb-chops,Turkish,Lamb,40,680,40,no,high-protein,4,4|clove|garlic|produce;1||ginger|produce;1||lemon juice|produce;1||olive oil|dry goods;0.5|tsp|chili powder|produce;1|tsp|cumin|dry goods;8||lamb loin chops|meat and fish,"Put the garlic in a bowl with the ginger, lemon juice, oil, spices and seasoning. Blitz with a hand blender until smooth, then use to coat the lamb chops on both sides. Leave to marinate in the fridge for a couple of hours or overnight.||Heat a barbecue until hot. Barbecue the chops over the coals for 3 mins on each side until cooked but still pink and juicy in the centre."
chinese-tomato-egg-stir-fry,Chinese Tomato Egg Stir Fry,https://www.themealdb.com/images/media/meals/rwvw8q1765660071.jpg,https://www.simplyrecipes.com/chinese-tomato-egg-recipe-7562056,Chinese,Vegetarian,60,450,18,yes,light,4,454|g|plum tomatoes|produce;1|tbsp|vegetable oil|dry goods;5||eggs|dairy;1|tsp|sesame seed oil|dry goods;2|tsp|chicken bouillon powder|meat and fish;2|tsp|sugar|dry goods;0.5|tsp|pepper|produce;0.25|tsp|salt|dry goods;1||spring onions|produce;480|ml|jasmine rice|dry goods,"You can use chicken broth in place of the chicken bouillon powder. Add 1/4 cup of broth followed by 2 teaspoons of cornstarch dissolved in 1 tablespoPrepare the tomatoes:||Slice the tomatoes in half. Remove the tough stem from each half that connects to the vine. Cut each half into equal thirds (you’ll get 6 slices from each tomato).||Make the soft scrambled eggs:||In a cold, 8 to 10-inch nonstick skillet, add the vegetable oil and beaten eggs. Turn the heat to medium. Once a thin layer of eggs is just beginning to cook on the bottom, push the eggs in one direction to create layers of scrambled eggs.||Cook, gently stirring the whole time, until the scramble eggs are mostly set but still slightly wet and shiny, 2 to 5 minutes. Remove the eggs to a plate and, if needed, wipe out the pan.||Stir-fry the tomatoes and seasonings:||Add the sesame oil to the pan followed by the tomatoes and stir-fry over medium heat until the tomatoes are softened but not mushy, about 3 minutes. Add the chicken bouillon powder, sugar, and white pepper. Toss until combined and the sugar and bouillon have dissolved, about 1 minute.||Add eggs, stir-fry, and garnish:||Add the eggs back to the pan with the tomatoes. Stir-fry for about 2 minutes to heat through and combine. Taste, adding salt only if needed. Sprinkle with the green onions and serve with steamed rice.on of water, plus salt to taste."
chivito-uruguayo,Chivito uruguayo,https://www.themealdb.com/images/media/meals/n7qnkb1630444129.jpg,https://cookpad.com/uy/recetas/116102-chivito-uruguayo,Uruguayan,Beef,40,650,40,yes,high-protein,4,2||beef brisket|meat and fish;2||bread|dry goods;1||lettuce|produce;1||tomato|produce;100|g|ham|meat and fish;100|g|mozzarella|dairy;100|g|bacon|meat and fish;1||egg|dairy;1||onion|produce;1||pepper|produce,"Crush the meat so that it is finite and we put it on a griddle to brown. Put the eggs, bacon and ham to fry.||Cut the bread in half, put the beef brisket, the fried eggs, the bacon, the ham, the mozzarella, the tomato and the lettuce. Cover with the other half of the bread and serve."
chorba-hamra-bel-frik-algerian-lamb-tomato-and-freekeh-soup,"Chorba Hamra bel Frik (Algerian Lamb, Tomato, and Freekeh Soup)",https://www.themealdb.com/images/media/meals/p9tebp1764118792.jpg,https://www.allrecipes.com/recipe/264552/chorba-hamra-bel-frik-algerian-lamb-tomato-and-freekeh-soup/,Algerian,Lamb,55,680,40,yes,high-protein,4,240|ml|freekeh|dry goods;340|g|lamb|meat and fish;1||onion|produce;1|tsp|black pepper|produce;1|tsp|paprika|dry goods;1|tsp|ground cinnamon|dry goods;1||salt|dry goods;3|tbsp|vegetable oil|dry goods;1|bunch|cilantro|dry goods;1|bunch|mint|produce;1||celery|produce;397|g|chickpeas|produce;960|ml|water|dry goods;1||zucchini|produce;1||carrots|produce;1|tbsp|tomato puree|produce;3||tomato|produce;1||potatoes|produce,"Place freekeh in a small bowl and cover with cold water. Set aside.||Combine lamb, onion, black pepper, paprika, cinnamon, and salt in a pot. Stir in oil, 1/2 the cilantro, 1/2 the mint, and celery stalk until combined. Simmer over low heat for 15 minutes. Stir in chickpeas; pour in just enough water to cover, and return to a simmer. Stir in zucchini, carrot, and tomato paste.||Set a steamer over the pot; add tomatoes. Cover and steam tomatoes until soft, about 5 minutes. Crush tomatoes using a wooden spoon, so pulp drips into soup. Remove the steamer and discard leftover tomato peels.||Add potato to soup and just enough water to cover. Simmer until potato is soft, about 10 minutes.||Drain freekeh and add to soup. Simmer until soft, about 15 minutes. Remove celery stalk and discard. Sprinkle soup with remaining 1/2 cilantro and remaining 1/2 mint before serving."
chorizo-chickpea-soup,Chorizo & chickpea soup,https://www.themealdb.com/images/media/meals/kggfo91763288633.jpg,https://www.bbcgoodfood.com/recipes/chorizo-chickpea-soup,Spanish,Pork,25,620,38,no,high-protein,4,400|g|tinned tomatos|produce;110|g|chorizo|meat and fish;140|g|savoy cabbage|produce;1||chilli flakes|produce;400|g|chickpeas|produce;1||chicken stock|meat and fish;1||crusty bread|dry goods,"Put a medium pan on the heat and tip in the tomatoes, followed by a can of water. While the tomatoes are heating, quickly chop the chorizo into chunky pieces (removing any skin) and shred the cabbage.||Pile the chorizo and cabbage into the pan with the chilli flakes and chickpeas, then crumble in the stock cube. Stir well, cover and leave to bubble over a high heat for 6 mins or until the cabbage is just tender. Ladle into bowls and eat with crusty or garlic bread."
chorizo-soft-boiled-egg-salad,Chorizo & soft-boiled egg salad,https://www.themealdb.com/images/media/meals/v8eaed1763257313.jpg,https://www.bbcgoodfood.com/recipes/chorizo-soft-boiled-egg-salad,Spanish,Pork,30,620,38,yes,high-protein,4,500|g|baby new potatoes|produce;4||egg|dairy;225|g|green beans|dry goods;225|g|chorizo|meat and fish;1||garlic clove|produce;2|tbsp|sherry vinegar|dry goods;2|tbsp|parsley|produce,"Cook the potatoes in a large pan of boiling salted water for 12 mins, adding the eggs after 6 mins, and the beans for the final 2 mins. Drain everything and cool the eggs under cold running water.||Meanwhile fry chorizo slices for 1-2 mins, until beginning to crisp. Remove from the pan with a slotted spoon and set aside, leaving the oil from the chorizo in the pan. Add the garlic to the pan and cook gently for 1 min.||Remove the pan from the heat, stir in the vinegar and parsley, then toss with the potatoes, beans, chorizo and seasoning. Shell the eggs, cut into quarters and add to the salad."
chorizo-tomato-salad,Chorizo & tomato salad,https://www.themealdb.com/images/media/meals/6cskio1763338156.jpg,https://www.bbcgoodfood.com/recipes/chorizo-tomato-salad,Spanish,Pork,25,620,38,yes,high-protein,4,3||beef tomatoes|meat and fish;0.5||red onions|produce;1|sprig|thyme|produce;1|tbsp|sherry vinegar|dry goods;2||extra virgin olive oil|dry goods;100|g|chorizo|meat and fish,"Put the tomatoes in a bowl with the onion and thyme. Season, then drizzle with the vinegar and oil. Let the flavours mingle while you cook the chorizo.||In a hot, dry pan, fry the chorizo slices until browned on both sides. Serve the tomatoes with the fried chorizo, drizzled with a little oil from the pan."
chorizo-potato-cheese-omelette,"Chorizo, potato & cheese omelette",https://www.themealdb.com/images/media/meals/0y6uvc1763258983.jpg,https://www.bbcgoodfood.com/recipes/chorizo-potato-cheese-omelette,Spanish,Pork,20,620,38,yes,high-protein,4,1||potatoes|produce;1|tsp|olive oil|dry goods;50|g|chorizo|meat and fish;3||egg|dairy;1||parsley|produce;25|g|cheddar cheese|dairy,"Cook the potato in boiling water for 8-10 mins or until tender. Drain and allow to steam-dry. Heat oil in an omelette pan, add chorizo and cook for 2 mins. Add the potato and cook for a further 5 mins until the potato starts to crisp. Spoon pan contents out, wipe pan and cook a 2 or 3-egg omelette in the same pan. When almost cooked, scatter with the chorizo and potato, parsley and cheese. Fold the omelette in the pan and cook for 1 min more to melt the cheese."
chtitha-batata-algerian-potato-stew,Chtitha Batata (Algerian Potato Stew),https://www.themealdb.com/images/media/meals/q8pu1k1764114334.jpg,https://www.allrecipes.com/recipe/265319/chtitha-batata-algerian-potato-stew/,Algerian,Vegetarian,30,450,18,no,light,4,4|clove|garlic|produce;1||red chilli|produce;1|tsp|ground cumin|dry goods;1|tsp|paprika|dry goods;0.5|tsp|black pepper|produce;0.5|tsp|cayenne pepper|produce;0.5|tsp|salt|dry goods;2|tbsp|olive oil|dry goods;907|g|new potatoes|produce;1|tbsp|tomato puree|produce;1||water|dry goods;1||salt|dry goods,"Combine garlic, chile pepper, cumin, paprika, black pepper, cayenne, and salt in a mortar; grind with a pestle until it forms a paste. Add olive oil and mix dersa well.||Heat a large saucepan over medium heat and stir-fry dersa until fragrant, 2 to 4 minutes. Add potato halves and stir to combine with the dersa. Stir in tomato paste. Pour in enough water to just cover the potatoes and bring to a boil. Reduce heat and simmer until potatoes are tender, about 40 minutes.||Ladle potatoes into a serving bowl. Spoon any remaining sauce over the potatoes."
chuletas-de-cerdo-a-la-criolla-pork-chops-in-creole-sauce,Chuletas de Cerdo a la Criolla (Pork Chops in Creole Sauce),https://www.themealdb.com/images/media/meals/087fu71783802698.jpg,https://www.mycolombianrecipes.com/chuletas-de-cerdo-a-la-criolla-pork-chops-in-creole-sauce/#recipe,,Pork,35,620,38,yes,high-protein,4,4||pork chops|meat and fish;2|tbsp|vegetable oil|dry goods;3|clove|garlic|produce;1||mustard|dry goods;1|tbsp|ground cumin|dry goods;3||tomato|produce;2||onions|produce;60|ml|cilantro|dry goods;1||salt|dry goods;1||black pepper|produce,"Place the pork chops in a zip lock plastic bag. Add the mustard, cumin, garlic, salt and pepper.||Refrigerate for 1 hour or overnight. Be sure the pork chops are evenly covered.||In a large skillet, heat the oil over medium heat. Place the pork chops into the skillet and cook for 3 minutes per side. Remove the pork from the pan and keep aside on a warm plate.||Add the onions and tomatoes to the same skillet where the pork was browned, adding an additional tablespoon of oil if needed. Cook over high heat for about 5-7 minutes or until browned and softened, stirring frequently to avoid burning. Add the reserved cooked pork chops and cover, reduce the heat to medium-low and simmer until the pork is tender and barely pink in the center, about 15 minutes. Divide the chops among plates, spoon the sauce over the top, add the cilantro and serve immediately."
clam-chorizo-white-bean-stew,"Clam, chorizo & white bean stew",https://www.themealdb.com/images/media/meals/92wbmf1763252334.jpg,https://www.bbcgoodfood.com/recipes/clam-chorizo-white-bean-stew,Spanish,Seafood,30,500,35,yes,balanced,4,50|g|chorizo|meat and fish;1||onion|produce;1||garlic clove|produce;1|bunch|parsley|produce;200|ml|vegetable stock|dry goods;400|g|tinned tomatos|produce;400|g|butter beans|dairy;1|tsp|sherry vinegar|dry goods;600|g|clams|dry goods;1||crusty bread|dry goods,"Fry the chorizo in a large frying pan with a lid, over a medium heat until it is starting to crisp up and release its oil. Add the onion and cook for 5 mins until starting to soften. Then add the garlic and finely chopped parsley, and fry for 1 min more.||Pour on the stock and tomatoes. Bring to the boil, reduce the heat, then add the beans and sherry vinegar. Simmer for 10 mins until the liquid is slightly reduced.||Scatter over the clams, cover with the lid and steam for 2-4 mins, shaking the pan occasionally until the clams are open. Have a little taste before seasoning, as the clams can be quite salty. Then scatter over the chopped parsley. Eat with lots of crusty bread."
classic-tourti-re,Classic Tourtière,https://www.themealdb.com/images/media/meals/0sd7ac1764787957.jpg,https://canadianfoodfocus.org/recipes/classic-canadian-dish-classic-tourtiere/,Canadian,Beef,55,650,40,yes,high-protein,4,2|tbsp|canola oil|dry goods;1||onion|produce;2|clove|garlic|produce;454|g|ground beef|meat and fish;454|g|ground pork|meat and fish;1|tsp|dried leaves of summer savoury|dry goods;1||salt|dry goods;1||pepper|produce;0.5|tsp|ground clove|dry goods;0.5|tsp|ground nutmeg|dry goods;1||bay leaf|dry goods;240|ml|beef stock|meat and fish;1||russet potato|produce;4||shortcrust pastry|dry goods;1||egg|dairy,"Heat oil on medium-high heat in a large sauté pan or skillet, then sauté the onion and garlic until softened, about 5 minutes. Add the ground beef, pork, and spices and cook until the meat is browned.||Add the beef broth and bring it up to a simmer then reduce heat to medium low. Add the grated potato and stir it in. Cook until liquid is almost absorbed, about 15 min. Remove the bay leaves and add salt to taste. Remove the pan from the heat and let the mixture cool completely — it bakes best if the filling is chilled.||Preheat the oven to 375 °F (190 °C). On a lightly floured surface, roll out one disc of the pie dough to less than the 1/4-inch thickness and line the 9-inch pie plate. Fill this with the cooled tourtière mixture and spread out evenly. Roll out the remaining dough to the same thickness, cut a hole in the centre (for steam to escape) and place on top of the filling. Trim the dough to 1/2-inch beyond the edge of the pie plate and pinch the edges of the crust together. Brush the crust with the egg wash.||Bake tourtière for about 45 minutes or until the pastry is a rich golden brown. Let cool for 15 minutes before slicing to serve.||Serves: 8-10 (makes 2 9-inch pies)"
clear-soup-with-semolina-dumplings,Clear Soup with Semolina Dumplings,https://www.themealdb.com/images/media/meals/qserum1780156275.jpg,https://www.austria.info/en-gb/recipes/clear-soup-with-semolina-dumplings/,,Miscellaneous,45,550,28,yes,balanced,4,120|g|semolina|dry goods;60|g|butter|dairy;1||egg|dairy;1|pinch|salt|dry goods;1|pinch|nutmeg|dry goods;1||oil|dry goods;1|l|beef stock|meat and fish;1||parsley|produce,"Allow butter to come to room temperature before beating in a bowl until creamed. Season with salt and a small, delicate pinch of nutmeg.||Add in the egg, stirring vigorously. Sprinkle the semolina over this, and mix it in well until the surface is smooth. Cover with saran wrap and leave to rest for 15 – 20 minutes.||Use two spoons, dipped regularly into hot water throughout, to press or shape dumplings from the paste. You can also place these on a lightly oiled board or plate and again leave them to stand for a short while (this allows the dumplings to rise even more).||Heat a generous quantity of salted water in a large pan. Place the dumplings into the water and bring them back to a boil before turning down the heat and leaving to simmer gently for 10 – 15 minutes (do not boil). Carefully turn the dumplings occasionally.||Remove the semolina dumplings carefully and put them in the heated soup. Serve promptly, with a garnish of sprinkled parsley or chives.||The semolina dumplings can also be cooked in the beef broth, but this causes the soup to take on a slightly dull appearance. The cooked dumplings should never be left standing in the soup for too long, as they will “soak up” the soup and become softened."
coddled-pork-with-cider,Coddled pork with cider,https://www.themealdb.com/images/media/meals/7vpsfp1608588991.jpg,https://www.bbcgoodfood.com/recipes/irish-coddled-pork-cider,Irish,Pork,30,620,38,yes,high-protein,4,1||butter|dairy;2||pork chops|meat and fish;4||bacon|meat and fish;2||potatoes|produce;1||carrots|produce;0.5||swede|dry goods;0.5||cabbage|produce;1||bay leaf|dry goods;100|ml|cider|dry goods;100|g|chicken stock|meat and fish,"Heat the butter in a casserole dish until sizzling, then fry the pork for 2-3 mins on each side until browned. Remove from the pan.||Tip the bacon, carrot, potatoes and swede into the pan, then gently fry until slightly coloured. Stir in the cabbage, sit the chops back on top, add the bay leaf, then pour over the cider and stock. Cover the pan, then leave everything to gently simmer for 20 mins until the pork is cooked through and the vegetables are tender.||Serve at the table spooned straight from the dish."
codfish-deviled-eggs,Codfish deviled eggs,https://www.themealdb.com/images/media/meals/vayi021784668764.jpg,https://dominicagourmet.com/codfish-deviled-eggs-recipe/,,Seafood,60,500,35,yes,balanced,4,12||eggs|dairy;7|tbsp|mayonnaise|dry goods;1|tsp|mustard|dry goods;1||pepper|produce;1||salt|dry goods;1|pinch|paprika|dry goods;1||chives|produce;1||black pepper|produce;1||codfish bulljaw|meat and fish,"Bring eggs to a boil for 15 minutes. Let eggs sit in the water for another 5. Run under cold water||let eggs further cool||Cut eggs in half and remove egg yolks, place them in bowl||Mash egg yolks in a bowl||Combine all ingredients except for chives and peppercorns||Put the mixture in a piping bag or plastic bag||Fill egg slices with the mixture||Add codfish on the wider side of the egg||Garnish with crushed peppercorn and chive"
coq-au-vin,Coq au vin,https://www.themealdb.com/images/media/meals/qstyvs1505931190.jpg,https://www.bbcgoodfood.com/recipes/1913655/coq-au-vin,France,Chicken,45,550,38,no,high-protein,4,1|tbsp|olive oil|dry goods;3|g|bacon|meat and fish;12||shallots|produce;2|g|chicken legs|meat and fish;4|g|chicken thighs|meat and fish;2|g|chicken breasts|meat and fish;3||garlic|produce;3|tbsp|brandy|dry goods;600|ml|red wine|dry goods;150|ml|chicken stock|meat and fish;2|tsp|tomato puree|produce;3|sprig|thyme|produce;2|sprig|rosemary|produce;2||bay leaves|dry goods;1||parsley|produce;250|g|chestnut mushroom|produce;2|tbsp|plain flour|dry goods;1|tsp|butter|dairy,"Heat 1 tbsp of the oil in a large, heavy-based saucepan or flameproof dish. Tip in the bacon and fry until crisp. Remove and drain on kitchen paper. Add the shallots to the pan and fry, stirring or shaking the pan often, for 5-8 mins until well browned all over. Remove and set aside with the bacon.||Pat the chicken pieces dry with kitchen paper. Pour the remaining oil into the pan, then fry half the chicken pieces, turning regularly, for 5-8 mins until well browned. Remove, then repeat with the remaining chicken. Remove and set aside.||Scatter in the garlic and fry briefly, then, with the heat medium-high, pour in the brandy or Cognac, stirring the bottom of the pan to deglaze. The alcohol should sizzle and start to evaporate so there is not much left.||Return the chicken legs and thighs to the pan along with any juices, then pour in a little of the wine, stirring the bottom of the pan again. Stir in the rest of the wine, the stock and tomato purée, drop in the bouquet garni, season with pepper and a pinch of salt, then return the bacon and shallots to the pan. Cover, lower the heat to a gentle simmer, add the chicken breasts and cook for 50 mins-1hr.||Just before ready to serve, heat the oil for the mushrooms in a large non-stick frying pan. Add the mushrooms and fry over a high heat for a few mins until golden. Remove and keep warm.||Lift the chicken, shallots and bacon from the pan and transfer to a warmed serving dish. Remove the bouquet garni. To make the thickener, mix the flour, olive oil and butter in a small bowl using the back of a teaspoon. Bring the wine mixture to a gentle boil, then gradually drop in small pieces of the thickener, whisking each piece in using a wire whisk. Simmer for 1-2 mins. Scatter the mushrooms over the chicken, then pour over the wine sauce. Garnish with chopped parsley."
corned-beef-hash,Corned Beef Hash,https://www.themealdb.com/images/media/meals/vz94r81760534692.jpg,https://www.simplyrecipes.com/recipes/corned_beef_hash/,British,Beef,80,650,40,yes,high-protein,4,3|tbsp|unsalted butter|dairy;1||onion|produce;720|ml|corned beef|meat and fish;3||potatoes|produce;1|pinch|kosher salt|dry goods;1|pinch|black pepper|produce;1||freshly chopped parsley|produce,"Sauté the onions:||Heat butter in a large skillet (preferably cast iron) on medium heat. Add the onion and cook a few minutes, until translucent.||Add the potatoes and corned beef:||Mix in the chopped corned beef and potatoes. Spread out evenly over the pan. Increase the heat to high or medium high and press down on the mixture with a metal spatula.||Cook until browned and then flip:||Do not stir the potatoes and corned beef, but let them brown. If you hear them sizzling, this is good.||Use a metal spatula to peek underneath and see if they are browning. If nicely browned, use the spatula to flip sections over in the pan so that they brown on the other side. Press down again with the spatula.||If there is too much sticking, you can add a little more butter to the pan. Continue to cook in this manner until the potatoes and the corned beef are nicely browned.||Stir in the parsley and season:||Remove from heat, stir in chopped parsley. Add plenty of freshly ground black pepper, and add salt to taste."
corned-beef-and-cabbage,Corned Beef and Cabbage,https://www.themealdb.com/images/media/meals/xb97a81583266727.jpg,https://www.themealdb.com/meal/52998,Irish,Beef,45,650,40,yes,high-protein,4,1361|g|beef brisket|meat and fish;10||small potatoes|produce;5||carrots|produce;1||cabbage|produce,"Place corned beef in large pot or Dutch oven and cover with water. Add the spice packet that came with the corned beef. Cover pot and bring to a boil, then reduce to a simmer. Simmer approximately 50 minutes per pound or until tender.||Add whole potatoes and peeled and cut carrots, and cook until the vegetables are almost tender. Add cabbage and cook for 15 more minutes. Remove meat and let rest 15 minutes.||Place vegetables in a bowl and cover. Add as much broth (cooking liquid reserved in the Dutch oven or large pot) as you want. Slice meat across the grain."
cottage-cheese-and-feta-stuffed-peppers,Cottage Cheese And Feta Stuffed Peppers,https://www.themealdb.com/images/media/meals/w0rsga1782683912.jpg,https://cookinglsl.com/cottage-cheese-stuffed-peppers/#wprm-recipe-container-59383,,Vegetarian,30,450,18,yes,light,4,4||red pepper|produce;100|g|feta|dry goods;200|g|cottage cheese|dairy;1|tbsp|chives|produce;1|tbsp|parsley|produce;0.25|tsp|salt|dry goods;1|tbsp|lemon juice|produce,"Cut the peppers lengthwise and remove the seeds.||In a bowl combine 3.5 oz (100 grams) Feta cheese, 7 oz (200 grams) cottage cheese, 1 tbsp chopped chives (optional), 1 tbsp chopped parsley (optional), 1/4 tsp salt (more or less to taste) and 1 tbsp lemon juice.||Fill the peppers with the mixture. Top with chopped chives and parsley."
creamy-corn-soup-recipe,Creamy Corn Soup Recipe,https://www.themealdb.com/images/media/meals/yf5eyw1783804464.jpg,https://www.mycolombianrecipes.com/corn-soup-crema-de-mazorca/#recipe,,Vegetarian,40,450,18,yes,light,4,4||corn on the cob|produce;1440|ml|water|dry goods;2||chicken stock cube|meat and fish;2|clove|garlic|produce;0.5|tsp|salt|dry goods;0.5|tsp|pepper|produce;2|tbsp|cilantro|dry goods;120|ml|potatoes|produce;120|ml|scallions|produce;240|ml|heavy cream|dairy,"Place the corn, water, chicken or vegetable bouillon, garlic, salt, pepper, cilantro, potatoes and scallions in a large pot and bring to a boil. Reduce heat to medium low and simmer for approximately 4 minutes or until the corn is tender.||Remove from the heat. Puruée the soup in a blender and return to the pot, add the cream and heat over medium heat for 15 minutes, stirring occasionally.||Pour into bowls, garnish with cilantro and potato sticks.||*Fresh corn or frozen corn will work for this soup recipe. I usually use fresh corn, but I use organic corn kernels in the winter to make this soup.||*To store: Place cooled corn soup in an airtight container and store in the fridge for up to 3 days."
creamy-mustard-chicken,Creamy Mustard Chicken,https://www.themealdb.com/images/media/meals/4htbtm1783803558.jpg,https://www.mycolombianrecipes.com/mustard-creamy-chicken/#recipe,,Chicken,40,550,38,yes,high-protein,4,8||chicken legs|meat and fish;1|tsp|paprika|dry goods;1|tsp|salt|dry goods;1|tsp|black pepper|produce;4|tbsp|olive oil|dry goods;3|clove|garlic|produce;120|ml|onion|produce;480|ml|chicken stock|meat and fish;2|tbsp|mustard|dry goods;240|ml|heavy cream|dairy;1|tbsp|honey|dry goods;1||parsley|produce,"Pat the chicken dry and season the pieces with salt, pepper and paprika.||Heat a saucepan over medium high heat and add the oil. Let the oil heat for a few seconds. Add the chicken and cook to sear all the sides turning the pieces a couple of times until they are golden browned about 10 minutes.||Transfer the browned chicken to a plate and set a side. Add the onions and garlic to the skillet and cook for about 2 minutes or until soft. Add the chicken broth, mustard, honey and cream. Season with salt and black pepper.||Stir well and return the chicken pieces to the pan. Cover the pan and cook over medium low for about 45 minutes or until the chicken is cooked. The final temperature for chicken legs should be 170˚F.||Serve warm over white rice and garnish with chopped parsley."
crispy-eggplant,Crispy Eggplant,https://www.themealdb.com/images/media/meals/c7lzrl1683208757.jpg,https://yummyfood.ph/recipe/crispiest-fried-eggplant/,Filipino,Vegetarian,40,450,18,no,light,4,1||egg plants|dairy;240|ml|breadcrumbs|dry goods;50|g|sesame seed|dry goods;2||eggs|dairy;1||salt|dry goods;1||pepper|produce;1||vegetable oil|dry goods,"Slice eggplant into 1 cm (0.4-inch) slices. Place them in a bowl and sprinkle them with salt. allow them to sit for 30 minutes to render some of their liquid and bitterness.||2. After 30 minutes wash eggplant slices from salt and pat dry with a kitchen towel.||3. In a large bowl/plate place breadcrumbs and sesame seeds. In another bowl beat 2 eggs with pinch salt and pepper.||4. Heal oil in a large skillet over high heat.||5. Dip eggplant slices in egg, then in crumbs, and place in hot oil. Fry 2 to 3 minutes on each side, or until golden brown. Drain on a paper towel."
crispy-sausages-and-greens,Crispy Sausages and Greens,https://www.themealdb.com/images/media/meals/st1ifa1583267248.jpg,https://www.bonappetit.com/columns/cooking-without-recipes/article/kale-cabbage-sausage-weeknight-dinner,Irish,Pork,25,620,38,yes,high-protein,4,1|bunch|kale|produce;8||italian fennel sausages|meat and fish;1||cabbage|produce;8||garlic clove|produce;1||onion|produce;1||shiitake mushrooms|produce;240|ml|chicken stock|meat and fish;1||salt|dry goods;1||pepper|produce,"Preheat the oven to 350°. Remove the stems from one bunch of Tuscan kale and tear the leaves into 1"" pieces (mustard greens, collards, spinach, and chard are great, too). Coarsely chop half a head of green cabbage. Combine the greens in a large baking dish and add 4 cloves of thinly sliced garlic. Adding some sliced onions and shiitake mushrooms at this point is optional, but highly recommended (I'll sauté the onions and mushrooms in a cast iron baking dish right on the stove before adding to the greens). Coat the greens with some olive oil and pour ½ cup chicken stock or broth over everything. Cover the dish with foil and bake until the greens are wilted, about 15 minutes. Remove foil and season with salt and pepper. Continue to bake until cabbage is tender, about 20-25 minutes more.||Meanwhile, heat a little olive oil in a large skillet over medium-high. Prick four sweet Italian sausages with a fork and cook until browned on all sides and cooked through, 10 to 12 minutes. When the greens are done, slice the sausage and toss into the greens with a splash of your favorite vinegar (I like sherry or red wine)."
crispy-fried-fish-with-ginger-and-fermented-soybeans-trey-ch,Crispy fried fish with ginger and fermented soybeans (trey chien chuon),https://www.themealdb.com/images/media/meals/9q1ci41779735714.jpg,https://mitziemee.com/recipe-cambodian-fried-fish-ginger-fermented-soybeans/,,Seafood,60,500,35,yes,balanced,4,480|ml|ginger|produce;454|g|fish fillet|meat and fish;2|tbsp|tempura flour|dry goods;480|ml|oil|dry goods;4|clove|garlic|produce;800|g|soya bean|dry goods;0.5|tbsp|sugar|dry goods;120|ml|water|dry goods;3||spring onions|produce,"Fry the ginger in plenty of oil until golden and slightly crispy. Set aside for later.||Cut the fish into strips. Dredge the fish in a very thin layer of tempura flour.||Fry the fish in plenty of oil until golden brown and crispy. You can use the same oil as you were using to fry the ginger.||Crush the garlic and chop it into small pieces. Chop the spring onion.||Drain the fermented soybeans using a colander. If you are using salted beans (soybeans in a very salty brine), you need to wash the beans in water before you add them to the dish.||Add a tablespoon of oil to a deep pan or a large pot, and sauté the garlic until slightly golden.||Add the soybeans and stir fry for a few minutes. If the soybeans are very salty, add ¼- ½ tablespoon sugar to balance the flavor.||Add water and fry for a minute.||Just before serving, stir in the fried ginger, the spring onion, and the crispy fish. Serve with steamed rice."
croatian-bean-stew,Croatian Bean Stew,https://www.themealdb.com/images/media/meals/tnwy8m1628770384.jpg,https://www.visit-croatia.co.uk/croatian-cuisine/croatian-recipes/,Croatian,Beef,35,650,40,yes,high-protein,4,2|tin|cannellini beans|dry goods;3|tbsp|vegetable oil|dry goods;480|ml|tomatoes|produce;5||challots|dry goods;2|clove|garlic|produce;1|pinch|parsley|produce;0.5|kg|chorizo|meat and fish,"Heat the oil in a pan. Add the chopped vegetables and sauté until tender. Take a pot, empty the beans together with the vegetables into it, put the sausages inside and cook for further 20 minutes on a low heat. Or, put it in an oven and bake it at a temperature of 180ºC/350ºF for 30 minutes. This dish is even better reheated the next day."
croatian-lamb-peka,Croatian lamb peka,https://www.themealdb.com/images/media/meals/pn59o51628769837.jpg,https://flawlessfood.co.uk/croatian-lamb-peka/,Croatian,Beef,90,650,40,no,high-protein,4,600|g|potatoes|produce;1||courgettes|produce;1||carrots|produce;1||green pepper|produce;1||aubergine|produce;1||onion|produce;800|g|lamb shoulder|meat and fish;1|tbsp|garlic sauce|produce;1|tbsp|tomato puree|produce;80|ml|olive oil|dry goods;1||thyme|produce;250|ml|white wine|dry goods;1|pinch|pepper|produce,"Preheat oven to 200°C fan / 220°C / 425°F / Gas mark 7||If you have not bought diced lamb, cut your lamb shoulder or leg into large chunks and place to one side.||Chunks of chopped lamb of a red chopping board||Make oil marinade -||Mix 80ml of olive oil in a bowl with garlic puree, sundried tomato puree ,black pepper and salt.||olive oil, gia sundried tomato puree and gia garlic puree and black pepper mixed together in a silver bowl to make Croatian peka||Add potatoes and vegetables into a large lidded casserole dish.||Chopped up vegetables which consist of chopped up red onion, courgette, potatoes red peppers in a cast iron pan||Place diced lamb on top of the vegetables, pour the marinade and wine over the top.||Chunks of lamb covered in in a sundried tomato oil sauce which is on top of chopped red onion, aubergine, courgette and potatoes in a cast iron pan||Add the rosemary, thyme and sage, trying to keep the herbs on top.||So you can easily remove the herb stalks once cooked.||Chunks of lamb coated in a sundried tomato oil sauce and covered with thyme, rosemary and sage which is on top of chopped red onion, aubergine, courgette and potatoes in a cast iron pan||Place lid on the casserole dish and cook for 1hr 30 minute||If you do not have a lid cover very well with kitchen foil||Cast iron dish with lid on in the oven||Take the lid off, remove any thick herb stems. Stir in 2 tbsp of olive oil.||Cook for a further 20-30 mins.||Cooked Croatian Lamb Peka in a cast iron pan in the oven||Serve with fresh homemade bread to dip into the juices."
crock-pot-chicken-baked-tacos,Crock Pot Chicken Baked Tacos,https://www.themealdb.com/images/media/meals/ypxvwv1505333929.jpg,http://www.nobiggie.net/crock-pot-chicken-baked-tacos/,Mexican,Chicken,75,550,38,no,high-protein,4,4||chicken breasts|meat and fish;1||vinaigrette dressing|dry goods;1|tbsp|cumin|dry goods;1|tbsp|smoked paprika|dry goods;1|tsp|garlic|produce;1|tin|refried beans|dry goods;12||hard taco shells|dry goods;480|ml|shredded mexican cheese|dairy;1||grape tomatoes|produce;1||jalapeno|dry goods;1||avocado|produce;2|tbsp|green salsa|dry goods;3|tbsp|sour cream|dairy;1|tbsp|milk|dairy,"Put the uncooked chicken breasts in the crock pot. Pour the full bottle of salad dressing over the chicken. Sprinkle the rest of the ingredients over the top and mix them in a bit with a spoon.||Cover your crock pot with the lid and cook on high for 4 hours.||Remove all the chicken breasts from the crock pot and let cool.||Shred the chicken breasts and move to a glass bowl.||Pour most of the liquid over the shredded chicken.||FOR THE TACOS:||Make the guacamole sauce by mixing the avocado and green salsa together. Pour the guacamole mixture through a strainer until smooth and transfer to a squeeze bottle. Cut the tip off the lid of the squeeze bottle to make the opening more wide if needed.||Make the sour cream sauce by mixing the sour cream and milk together until you get a more liquid sour cream sauce. Transfer to a squeeze bottle.||In a 9x 13 glass baking dish, fill all 12+ tacos with a layer of refried beans, cooked chicken and shredded cheese.||Bake at 450 for 10-15 minutes just until the cheese is melted and bubbling.||Out of the oven top all the tacos with the sliced grape tomaotes, jalapeno and cilantro.||Finish with a drizzle of guacamole and sour cream."
cuban-sandwich,Cuban Sandwich,https://www.themealdb.com/images/media/meals/djdg8l1784578885.jpg,https://www.delish.com/cooking/recipe-ideas/a64854750/homemade-cuban-sandwiches-recipe/,,Pork,50,620,38,yes,high-protein,4,454|g|pork chops|meat and fish;1|pinch|kosher salt|dry goods;2|tbsp|vegetable oil|dry goods;1||orange|produce;1||lime|produce;2|tsp|dried oregano|dry goods;1|tsp|ground black pepper|produce;1|tsp|garlic powder|produce;2|tbsp|dijon mustard|dry goods;2|tbsp|mayonnaise|dry goods;227|g|cuban bread|dry goods;1|tbsp|unsalted butter|dairy;113|g|swiss cheese|dairy;227|g|deli ham|meat and fish;2||dill pickles|produce,"Place pork chops in a 3-qt. glass baking dish. Using a fork, poke holes into pork all over; season all over with 1 tsp. salt. Drizzle with oil and toss to coat.||In a small bowl, combine orange zest and juice, lime zest and juice, oregano, pepper, garlic powder, cumin, and onion powder. Add half of marinade to pork and let rest 10 to 15 minutes.||Meanwhile, arrange a rack in center of oven; preheat to 425°. Add mustard and mayonnaise to remaining marinade and stir until smooth.||Transfer pork to oven and roast until an instant-read thermometer inserted into thickest part registers 140°, 15 to 20 minutes.||To build sandwiches, cut loaf in half crosswise, then cut each piece in half lengthwise for 4 pieces total. Spread butter on outside of bread on the top and bottom. Spread mustard mixture on cut sides of bread. On 2 bread pieces, layer each with 2 oz. cheese, 4 oz. ham, half of roast pork, 4 pickle slices, and remaining 2 oz. cheese. Close with remaining bread pieces and wrap each sandwich in foil.||Heat a large cast-iron skillet over medium heat. Place foil-wrapped sandwiches in skillet, then place another heavy skillet on top to create a homemade sandwich press. If you don’t have another heavy skillet, weigh the pan down with another lighter skillet or baking sheet, then top with couple of canned goods.||Grill sandwiches, turning halfway through, until toasted and cheese is melted, 3 to 4 minutes per side. Cut each sandwich in half and serve."
cumberland-pie,Cumberland Pie,https://www.themealdb.com/images/media/meals/pvfkz61761595976.jpg,https://www.bbcgoodfood.com/recipes/crispy-topped-cumberland-pie,British,Beef,55,650,40,yes,high-protein,4,2||celery|produce;1||onion|produce;2||carrots|produce;5||bay leaves|dry goods;3||thyme|produce;2||vegetable oil|dry goods;1|tbsp|butter|dairy;2|tbsp|flour|dry goods;2||tomato puree|produce;2|tbsp|worcestershire sauce|dry goods;2||beef stock cubes|meat and fish;800|g|feather blade beef|meat and fish;800|g|potatoes|produce;25|g|mature cheddar|dry goods;25|g|parmesan cheese|dairy,"Heat oven to 160C/140C fan/gas 3. Soften the celery, onion, carrots, bay and 1 thyme sprig in a casserole with 1 tbsp oil and the butter for 10 mins. Stir in the flour, followed by the purée, Worcestershire sauce and stock cubes.||Gradually stir in 600ml hot water, then tip in the beef and bring to a gentle simmer. Cover and cook in the oven for 2 hrs 30 mins, then uncover and cook for 30 mins -1 hr more until the meat is really tender and sauce thickened.||Meanwhile, cook potatoes in a pan of boiling water until they’re not done but about ¾ of the way there.||Transfer meat to a baking dish. Slice spuds into 1cm thick rounds and gently toss with seasoning, the remaining oil and thyme leaves. Layer on the beef, scattering with the cheese as you layer. You can cover and chill the pie now for 1 day, or freeze for up to 3 months.||Increase oven to 200C/180C fan/gas 6 and bake for 30-40 mins until golden and crispy, and sauce bubbling if the dish went in cold. Serve with peas."
drunken-noodles-pad-kee-mao,Drunken noodles (pad kee mao),https://www.themealdb.com/images/media/meals/2wx8cm1763373419.jpg,https://www.bbcgoodfood.com/recipes/drunken-noodles-pad-kee-mao,Thai,Beef,45,650,40,no,high-protein,4,200|g|flat rice noodles|dry goods;2||vegetable oil|dry goods;3|clove|garlic|produce;3||birds-eye chillies|produce;225|g|sirloin steak|meat and fish;100|g|broccoli|produce;1|handful|basil leaves|produce;4|tbsp|soy sauce|dry goods;4|tbsp|oyster sauce|dry goods;1|tsp|fish sauce|meat and fish;1||sugar|dry goods,"Prepare the noodles following pack instructions, then drain and set aside. Combine all the ingredients for the sauce in a small bowl or jug, and set aside.||Heat the oil in a large wok or frying pan over a high heat and stir-fry the garlic and chilli for 20 seconds until just starting to turn golden. Add the steak and stir-fry for 1 minute until seared and starting to brown. Add the broccoli and stir-fry for another minute, then tip in the noodles and add the sauce. Stir-fry for another 1-2 mins until well combined and piping hot.||Stir through the basil and turn off the heat. Serve immediately to avoid overcooking."
duck-confit,Duck Confit,https://www.themealdb.com/images/media/meals/wvpvsu1511786158.jpg,https://www.bbcgoodfood.com/recipes/2085/barneys-confit-of-duck,France,Miscellaneous,35,550,28,no,balanced,4,1|handful|sea salt|dry goods;4||bay leaf|dry goods;4|clove|garlic|produce;1|handful|thyme|produce;4||duck legs|meat and fish;100|ml|white wine|dry goods,"The day before you want to make the dish, scatter half the salt, half the garlic and half of the herbs over the base of a small shallow dish. Lay the duck legs, skin-side up, on top, then scatter over the remaining salt, garlic and herbs. Cover the duck and refrigerate overnight. This can be done up to 2 days ahead.||Pour the wine into a saucepan that will snugly fit the duck legs in a single layer. Brush the salt off the duck legs and place them, skin-side down, in the wine. Cover the pan with a lid and place over a medium heat. As soon as the wine starts to bubble, turn the heat down to the lowest setting and cook for 2 hours, checking occasionally that the liquid is just barely simmering. (If you own a heat diffuser, it would be good to use it here.) After 2 hours, the duck legs should be submerged in their own fat and the meat should feel incredibly tender when prodded. Leave to cool.||The duck legs are now cooked and can be eaten immediately – or you can follow the next step if you like them crisp. If you are preparing ahead, pack the duck legs tightly into a plastic container or jar and pour over the fat, but not the liquid at the bottom of the pan. Cover and leave in the fridge for up to a month, or freeze for up to 3 months. The liquid you are left with makes a tasty gravy, which can be chilled or frozen until needed.||To reheat and crisp up the duck legs, heat oven to 220C/fan 200C/gas 7. Remove the legs from the fat and place them, skin-side down, in an ovenproof frying pan. Roast for 30-40 mins, turning halfway through, until brown and crisp. Serve with the reheated gravy, a crisp salad and some crisp golden ptoatoes."
easy-spanish-chicken,Easy Spanish chicken,https://www.themealdb.com/images/media/meals/kzxflc1763194887.jpg,https://www.bbcgoodfood.com/recipes/easy-spanish-chicken,Spanish,Chicken,35,550,38,no,high-protein,4,2|tbsp|extra virgin olive oil|dry goods;1||onion|produce;150|g|chorizo|meat and fish;1||red pepper|produce;1||yellow pepper|produce;1|tsp|sweet smoked paprika|dry goods;4|clove|garlic|produce;400|g|tinned tomatos|produce;150|g|green olives|dry goods;400|g|butter beans|dairy;8||chicken thighs|meat and fish;1||parsley|produce,"Heat the oven to 200C/180C fan/gas 6. Heat the olive oil in a large ovenproof frying pan over a medium heat and fry the onion, chorizo and peppers along with a pinch of salt and pepper for 15 mins until the veg has softened and the chorizo has released its oils. Add the paprika and garlic, and cook for another few minutes until fragrant.||Tip in the chopped tomatoes, olives and butter beans, stir to combine and season. Nestle in the chicken thighs and season well. Transfer to the oven and bake for 40 mins until the chicken skin is crisp and the meat cooked through and tender. Scatter with the parsley and serve.||Watch after ad (0.04):||3 Budget Egg Ideas"
easy-white-bean-soup,Easy White Bean Soup,https://www.themealdb.com/images/media/meals/p5nzbk1782680889.jpg,https://cookinglsl.com/bulgarian-white-bean-soup/,,Vegetarian,40,450,18,yes,light,4,454|g|cannellini beans|dry goods;2||onions|produce;2|tbsp|vegetable oil|dry goods;2||red pepper|produce;80|ml|tomato puree|produce;2||carrots|produce;1440|ml|water|dry goods;1|tsp|dried mint|produce;0.5|tsp|thyme|produce;1|tsp|summer savoury|dry goods;1|tsp|black pepper|produce;1|tsp|salt|dry goods;1||parsley|produce,"Place beans in a large pot and cover with cold water. Soak for at least 4 hours or overnight. Drain and rinse, before you use in the soup.||Chop one of the onions and leave the other one whole. Chop carrots.||Heat oil on a large pot over medium heat. Add the onion and carrots. Cook for 2 minutes. Add beans, water, peppers, head of onion, salt, pepper, summer savory, mint, thyme, Vegeta and tomato puree. Stir, bring to a boil, then reduce to a simmer and cook for 2 hours, or until the beans are tender.||Remove the peppers and whole onion. Mash the onion. Peel peppers and chop. Return to the pot.||Add more salt and pepper, if needed. Garnish with chopped parsley. Serve."
egg-drop-soup,Egg Drop Soup,https://www.themealdb.com/images/media/meals/1529446137.jpg,https://sueandgambo.com/pages/egg-drop-soup,Chinese,Vegetarian,45,450,18,yes,light,4,720|ml|chicken stock|meat and fish;0.25|tsp|salt|dry goods;0.25|tsp|sugar|dry goods;1|pinch|pepper|produce;1|tsp|sesame seed oil|dry goods;80|ml|peas|produce;80|ml|mushrooms|produce;1|tbsp|cornstarch|produce;2|tbsp|water|dry goods;60|ml|spring onions|produce,"In a wok add chicken broth and wait for it to boil.||Next add salt, sugar, white pepper, sesame seed oil.||When the chicken broth is boiling add the vegetables to the wok.||To thicken the sauce, whisk together 1 Tablespoon of cornstarch and 2 Tablespoon of water in a bowl and slowly add to your soup until it's the right thickness.||Next add 1 egg slightly beaten with a knife or fork and add it to the soup slowly and stir for 8 seconds||Serve the soup in a bowl and add the green onions on top."
egg-foo-young,Egg Foo Young,https://www.themealdb.com/images/media/meals/47y6ii1765658818.jpg,https://www.simplyrecipes.com/egg-foo-young-recipe-6890222,Chinese,Seafood,80,500,35,no,balanced,4,240|ml|unsalted beef stock|meat and fish;1|tbsp|soy sauce|dry goods;1|tbsp|shaoxing wine|dry goods;1|tbsp|oyster sauce|dry goods;0.5|tsp|pepper|produce;1|tbsp|cornstarch|produce;1|tbsp|water|dry goods;1|tbsp|cornstarch|produce;1|tbsp|water|dry goods;8||egg|dairy;0.5|tsp|kosher salt|dry goods;0.25|tsp|sugar|dry goods;1||spring onions|produce;240|ml|mung bean sprouts|produce;20||shrimp|meat and fish;720|ml|vegetable oil|dry goods;480|ml|jasmine rice|dry goods,"Make the gravy:||In a small saucepan, add the beef stock, soy sauce, Shaoxing wine, oyster sauce, and white pepper powder over medium heat. Whisk together and bring to a simmer.||Combine the cornstarch and water in a small bowl and whisk to dissolve. Add to the saucepan and whisk until the gravy thickens and coats the back of the spoon, 2 to 3 minutes. Cover the saucepan with a lid and keep it warm on the lowest possible heat.||Make the egg foo young batter:||In a medium bowl, whisk together the cornstarch and water until dissolved. Add the eggs, salt, and sugar. Whisk until well combined and there are no more egg white clumps.||Add the green onion, bean sprouts, and shrimp. Stir until everything is evenly coated.||Fry the egg foo young:||Add the vegetable oil to a large wok; it should reach about 2 inches up the sides. Heat the oil over medium-high heat to 350°F, or until vigorous bubbles form around an inserted wooden chopstick.||With a ladle, gently and slowly add 1/4 of the omelet batter. Egg foo young should immediately bubble and puff up like magic. Fry until golden brown and crispy on each side, about 2 minutes per side. If there are any light spots, use a ladle to gently baste it with hot oil.||Egg foo young can be a bit tricky to flip. The easiest method is to put a tool in each hand (a spider, slotted spoon, tongs, and large chopsticks are all good candidates) and gently coax the omelet over, pulling up on one side and pushing down and around on the other.||Remove the omelet and place it on a paper towel-lined baking sheet. Let it cool for 5 minutes. Meanwhile, repeat with the remaining batter to make 4 omelets. If needed, add more oil to the pan between batches.||Serve and enjoy:||Plate each egg foo young over a bed of rice. Spoon the warm gravy over the top and serve immediately."
eggplant-adobo,Eggplant Adobo,https://www.themealdb.com/images/media/meals/y7h0lq1683208991.jpg,https://salu-salo.com/eggplant-adobo/,Filipino,Vegetarian,50,450,18,yes,light,4,454|g|egg plants|dairy;2|tbsp|sugar|dry goods;1|tsp|salt|dry goods;1|tsp|pepper|produce;1||garlic|produce;3|tbsp|olive oil|dry goods;113|g|ground pork|meat and fish;3|tbsp|rice vinegar|dry goods;2|tbsp|soy sauce|dry goods;2||bay leaf|dry goods,"1.	Slice 1 lb. small Japanese or Italian eggplant (about 3) into quarters lengthwise, then cut crosswise into 2""-wide pieces. Place in a medium bowl. Add 1 Tbsp. sugar, 1 tsp. Diamond Crystal or ½ tsp. Morton kosher salt, and ½ tsp. freshly ground black pepper. Toss to evenly coat eggplant and let sit at room temperature at least 20 minutes and up to 2 hours.||2.	Peel and thinly slice 8 garlic cloves. Add 3 Tbsp. vegetable oil and half of garlic to a medium Dutch oven or other heavy pot. Cook over medium-high heat, stirring constantly with a wooden spoon, until light golden and crisp, about 5 minutes. Using a slotted spoon, transfer garlic chips to a plate; season lightly with salt.||3. Place 4 oz. ground pork in same pot and break up into small pieces with wooden spoon. Season with ¼ tsp. Diamond Crystal or Morton kosher salt and cook, undisturbed, until deeply browned underneath, about 5 minutes. Using a slotted spoon, transfer to another plate, leaving fat behind in the pot.||4. Place eggplant on a clean kitchen towel and blot away any moisture the salt has drawn out.||5. Working in batches and adding more oil if needed, cook eggplant in the same pot until lightly browned, about 3 minutes per side. Transfer to a plate with pork.||6. Pour 1½ cups of water into the pot and scrape up browned bits from the bottom with a wooden spoon. Add remaining garlic, 3 Tbsp. coconut vinegar or unseasoned rice vinegar, 2 Tbsp. soy sauce, 2 bay leaves, 1 tsp. freshly ground black pepper, and remaining 1 Tbsp. sugar. Bring to a simmer, then return pork and eggplant to pot. Reduce heat to medium-low, partially cover, and simmer until eggplant is tender and silky and sauce is reduced by half, 20–25 minutes. Taste and season with more salt and pepper and add a little more sugar if needed.||7. Top with garlic chips and serve with cooked white rice."
egyptian-fatteh,Egyptian Fatteh,https://www.themealdb.com/images/media/meals/rlwcc51598734603.jpg,https://www.food.com/recipe/egyptian-faatah-rice-meat-with-crispy-bread-on-bottom-194764,Egyptian,Beef,70,650,40,no,high-protein,4,454|g|beef|meat and fish;1||onion|produce;1||chicken stock cube|meat and fish;2||tomatoes|produce;4||garlic clove|produce;1|tbsp|tomato puree|produce;480|ml|rice|dry goods;60|ml|noodles|dry goods;60|ml|butter|dairy;480|ml|olive oil|dry goods;1||pita bread|dry goods;1|tbsp|cumin|dry goods;3|tbsp|white wine vinegar|dry goods;1||salt|dry goods;1||pepper|produce,"To prepare bread for bottom of dish: Take pita bread and rip into bite size pieces. In a frying pan, add about a 1/4 stick of butter, add bread pieces and fry until golden brown and crisp. Put these pieces in a glass baking dish, preferably a square sized dish. Set aside.||Then add to same pan, a little more butter, salt, approximately 2 cloves of crushed fresh garlic, and a teaspoon or so of cumin stir around a bit until you can smell aroma, then add fried bread pieces to this mixture, stir to coat bread and put back into glass baking dish. Set aside.||To prepare meat: put some butter in a pot, stir fry meat until brown, add 1 onion quartered, salt & pepper, 1 cube of chicken bouillon and water to cover meat. Bring to a boil, turn down to simmer, cover and cook until tender, approximately 2 hours. After meat has cooled, take out chunks of meat and put in a bowl, set aside. Reserve soup from the meat separately.||To prepare the rice: Put some butter into a pot, add shareya (fideo noodles) like a handful or so, keep stirring until golden brown, not too dark, but very golden. Then add two cups of rice, stir a little bit until some of the rice turns an opaque white. Add 2-1/4 cups of water and salt to taste. Bring to a boil, cover and turn down to simmer, cook until tender. Test the rice tenderness after about 35 minutes.||Now take some of the soup from meat and add to the top of the bread pieces in baking dish to saturate.Add cooked rice on top of bread pieces. Slowly spoon remainder of soup onto rice, looking at glass dish sides to see level of soup, should reach just to top of rice, don’t worry, this doesn’t have to be exact. Now you’re ready to make the sauce and fry the meat to put on top.||To prepare red sauce: In a pan, add a little oil or butter, crushed tomato, a half teaspoon of tomato paste, salt & pepper, 2 cloves of fresh crushed garlic and cumin. Add also approximately 3 tablespoons of vinegar, stir this until you smell aroma and it is a bit smooth. It should be a bit thick, not watery, but if too thick you can add a bit of water. Spread with a wooden spoon atop the rice to cover.||To fry meat: In a pan add a bit of butter or oil, the meat, just a touch of tomato paste, about a tablespoon of fresh crushed garlic, salt & pepper, a teaspoon of cumin. Cook until meat is golden fried.||Spoon this atop the rice and serve. Enjoy!"
empanadas,Empanadas,https://www.themealdb.com/images/media/meals/q99te31763075494.jpg,https://www.munchery.com/blog/the-ten-iconic-dishes-of-argentina-and-how-to-cook-them-at-home/,Argentina,Beef,60,650,40,no,high-protein,4,500|g|all purpose flour|dry goods;200|g|butter|dairy;120|ml|water|dry goods;1|tsp|salt|dry goods;500|g|ground beef|meat and fish;2||onion|produce;4||egg|dairy;100|g|green olives|dry goods;1|tsp|cumin|dry goods;1|tsp|paprika|dry goods;1||salt|dry goods;1||pepper|produce,"Make the Dough: Mix flour and salt in a large bowl. Add butter, using your fingers to blend into a crumbly texture. Gradually add water, mixing until a dough forms. Wrap and chill for 30 minutes.||Prepare the Filling: Cook onions in a pan until translucent. Add ground beef, cooking until browned. Stir in spices, then remove from heat. Once cooled, mix in eggs and olives.||Assemble: Roll out the dough and cut into circles. Place a spoonful of filling in each, fold over, and seal the edges.||Cook: Bake at 200°C (400°F) for 20-25 minutes, or until golden.||For a flakier crust, incorporate a tablespoon of vinegar into the dough mixture. This helps prevent gluten formation.||Seal the edges of the empanadas with a fork to ensure they do not open during baking or frying."
empanadas-fritas-de-queso,Empanadas Fritas de Queso,https://www.themealdb.com/images/media/meals/9tllzd1782853513.jpg,https://www.allrecipes.com/recipe/134319/empanadas-fritas-de-queso/,,Vegetarian,40,450,18,yes,light,4,720|ml|all purpose flour|dry goods;1|tsp|baking powder|dry goods;0.5|tsp|salt|dry goods;2|tbsp|lard|dry goods;240|ml|milk|dairy;1||egg|dairy;240|ml|swiss cheese|dairy,"Sift the flour, baking powder, and salt into a large mixing bowl. Combine the lard and milk in a saucepan, and heat until the milk is hot. Pour the hot milk into the flour mixture, and stir until a dough forms. Turn out onto a floured surface, and knead until smooth and elastic. Cover, and allow to rest for 15 minutes.||Preheat oven to 375 degrees F (190 degrees C).||Roll the dough out on a floured surface 1/4-inch thick. Cut into 4-inch rounds. Brush the outer edges of each circle with beaten egg, and fill with a small mound of cheese. Fold each circle in half to form a half-moon; press the edges with your fingers or a fork to seal. Place the empanadas onto a parchment paper-lined baking sheet. Brush the tops with remaining egg.||Bake in preheated oven until golden-brown, about 20 minutes.||Alternatively, the empanadas may be deep fried in 375 degrees F (190 degrees C) oil. If deep frying, do not brush the outsides of the empanadas with egg. Drain on paper towels."
extra-crispy-chicken-wings,Extra crispy chicken wings,https://www.themealdb.com/images/media/meals/feh9k21784665694.jpg,https://dominicagourmet.com/extra-crispy-chicken-wings/,,Chicken,60,550,38,yes,high-protein,4,907|g|chicken wings|meat and fish;1||salt|dry goods;1|tbsp|black pepper|produce;1|tbsp|garlic powder|produce;1|tsp|turmeric|dry goods;1||oil|dry goods;360|ml|cassava|dry goods,"Wash chicken and pat dry||Place in a large bowl||Season with garlic, salt, pepper and turmeric (you can expand your seasoning options if you'd like.||Marinate for at least an hour||Pour some tapioca flour on a plate||Coat the wings with the cassava flour and place them on a rack or plater to set. Leave them for at least 30minutes to an hour.||Heat the oil in the saucepan until it’s hot.||Place wings in pan on medium heat, until light brown.||Drain on a paper towel, and let the wings rest for at least 10 minutes, then return the wings to the hot pan on high heat and fry until golden brown."
falafel,Falafel,https://www.themealdb.com/images/media/meals/u5e9qq1763795441.jpg,https://www.bbcgoodfood.com/recipes/spicy-falafels,Turkish,Vegetarian,25,450,18,yes,light,4,2|tbsp|sunflower oil|dry goods;1||onion|produce;1|clove|garlic|produce;400|g|chickpeas|produce;1|tsp|ground cumin|dry goods;1|tsp|ground coriander|produce;1|handful|parsley|produce;1||egg|dairy,"Heat 1 tbsp oil in a large pan, then fry the onion and garlic over a low heat for 5 mins until softened. Tip into a large mixing bowl with the chickpeas and spices, then mash together with a fork or potato masher until the chickpeas are totally broken down. Stir in the parsley or dried herbs, with seasoning to taste. Add the egg, then squish the mixture together with your hands.||Mould the mix into 6 balls, then flatten into patties. Heat the remaining oil in the pan, then fry the falafels on a medium heat for 3 mins on each side, until golden brown and firm. Serve hot or cold with couscous, pitta bread or salad."
fasoliyyeh-bi-z-zayt-syrian-green-beans-with-olive-oil,Fasoliyyeh Bi Z-Zayt (Syrian Green Beans with Olive Oil),https://www.themealdb.com/images/media/meals/21yc5s1760524759.jpg,https://www.allrecipes.com/recipe/56161/fasoliyyeh-bi-z-zayt-syrian-green-beans-with-olive-oil/,Syrian,Vegan,25,420,15,yes,light,4,454|g|green beans|dry goods;60|ml|olive oil|dry goods;1|pinch|salt|dry goods;1|clove|garlic|produce;60|ml|cilantro|dry goods,"Place the green beans into a large pot, and drizzle with olive oil. Season with salt to taste, and put the lid on the pot. Cook over medium-high heat, stirring occasionally, until beans are cooked to your desired doneness. Syrians like it cooked until the green beans are turning brownish in color. The idea is not to saute them, but to let them steam in the moisture released by the ice crystals.||Add cilantro and garlic to the beans, and continue to cook just until the cilantro has started to wilt. Eat as a main course by scooping up with warm pita bread or serve as a side dish."
fa-rky,Fašírky,https://www.themealdb.com/images/media/meals/gtpvwp1763363947.jpg,https://www.slovakia-foods.co.uk/blog/post/fasirky-recipe-how-to-make-authentic-slovak-meat-patties.html,Slovakia,Pork,90,620,38,no,high-protein,4,500|g|ground pork|meat and fish;1||onion|produce;2|clove|garlic|produce;2||bread|dry goods;1||milk|dairy;1||egg|dairy;1|tsp|salt|dry goods;0.5|tsp|black pepper|produce;1|tsp|marjoram|dry goods;1|tsp|mustard|dry goods;1|tbsp|parsley|produce;120|ml|flour|dry goods;1||egg|dairy;240|ml|breadcrumbs|dry goods;1||vegetable oil|dry goods,"1. Prepare the Bread Mixture||Soak the bread slices in milk or water until soft.||Squeeze out excess liquid and mash into small crumbs.||2. Mix the Ingredients||In a large bowl, combine ground meat, chopped onions, garlic, soaked bread, egg, and seasonings.||Mix well until evenly combined.||3. Shape the Meat Patties||Take portions of the mixture and shape them into palm-sized patties.||Flatten slightly to help with even cooking.||4. Coat the Patties||Lightly dust each patty with flour.||Dip into beaten egg, then coat with breadcrumbs for a crispy finish.||5. Fry the Fašírky||Heat vegetable oil in a pan over medium heat.||Fry the patties for 4-5 minutes per side until golden brown and fully cooked.||Transfer to a paper towel-lined plate to drain excess oil.||6. Serve and Enjoy||Serve Fašírky hot with mashed potatoes, cabbage salad, or fresh bread.||Enjoy with mustard, pickles, or garlic sauce for extra flavor."
fettucine-alfredo,Fettucine alfredo,https://www.themealdb.com/images/media/meals/uquqtu1511178042.jpg,https://www.bbcgoodfood.com/recipes/fettucine-alfredo,Italian,Pasta,35,600,25,yes,balanced,4,227|g|clotted cream|dairy;25|g|butter|dairy;1|tsp|corn flour|produce;100|g|parmesan cheese|dairy;1||nutmeg|dry goods;250|g|fettuccine|dry goods;1||parsley|produce,"In a medium saucepan, stir the clotted cream, butter and cornflour over a low-ish heat and bring to a low simmer. Turn off the heat and keep warm.||Meanwhile, put the cheese and nutmeg in a small bowl and add a good grinding of black pepper, then stir everything together (don’t add any salt at this stage).||Put the pasta in another pan with 2 tsp salt, pour over some boiling water and cook following pack instructions (usually 3-4 mins). When cooked, scoop some of the cooking water into a heatproof jug or mug and drain the pasta, but not too thoroughly.||Add the pasta to the pan with the clotted cream mixture, then sprinkle over the cheese and gently fold everything together over a low heat using a rubber spatula. When combined, splash in 3 tbsp of the cooking water. At first, the pasta will look wet and sloppy: keep stirring until the water is absorbed and the sauce is glossy. Check the seasoning before transferring to heated bowls. Sprinkle over some chives or parsley, then serve immediately."
fish-soup-ukha,Fish Soup (Ukha),https://www.themealdb.com/images/media/meals/7n8su21699013057.jpg,https://www.curiouscuisiniere.com/ukha-russian-fish-soup/,Russian,Seafood,35,500,35,yes,balanced,4,2|tbsp|olive oil|dry goods;1||onion|produce;2||carrots|produce;720|ml|fish stock|meat and fish;720|ml|water|dry goods;4||potatoes|produce;3||bay leaf|dry goods;1||cod|meat and fish;1||salmon|meat and fish,"In a medium pot, heat the olive oil over medium-high heat. Add the onions and cook, stirring occasionally until the onions start to caramelize. Add the carrots and cook until the carrots start to soften, about 4 more minutes.||Add the stock, water, potatoes, bay leaves, and black peppercorns. Season with salt and bring to a boil. Reduce heat, cover and cook for 10 minutes. Add the millet and cook for 15 more minutes until millet and potatoes are cooked.||Gently add the fish cubes. Stir and bring the soup to a simmer. The fish will cook through very fast, so make sure to not overcook them. They are done when the flesh is opaque and flakes easily.||Garnish the soup with chopped fresh dill or parsley before serving."
fish-stew-with-rouille,Fish Stew with Rouille,https://www.themealdb.com/images/media/meals/vptqpw1511798500.jpg,https://www.bbcgoodfood.com/recipes/532640/summer-fish-stew-with-rouille,France,Seafood,45,500,35,no,balanced,4,6||prawns|meat and fish;3|tbsp|olive oil|dry goods;150|ml|dry white wine|dry goods;200|ml|fish stock|meat and fish;1||fennel|produce;1||onion|produce;3|clove|garlic|produce;1||potatoes|produce;1||orange|produce;1||star anise|dry goods;1||bay leaf|dry goods;1.5|tsp|harissa spice|dry goods;2|tbsp|tomato puree|produce;400|g|chopped tomatoes|produce;1|handful|mussels|meat and fish;200|g|white fish|meat and fish;2||thyme|produce;1||bread|dry goods,"Twist the heads from the prawns, then peel away the legs and shells, but leave the tails intact. Devein each prawn. Fry the shells in 1 tbsp oil for 5 mins, until dark pink and golden in patches. Add the wine, boil down by two thirds, then pour in the stock. Strain into a jug, discarding the shells.||Heat the rest of the oil in a deep frying pan or casserole. Add the fennel, onion and garlic, season, then cover and gently cook for 10 mins until softened. Meanwhile, peel the potato and cut into 2cm-ish chunks. Put into a pan of cold water, bring to the boil and cook for 5 mins until almost tender. Drain in a colander.||Peel a strip of zest from the orange. Put the zest, star anise, bay and ½ tsp harissa into the pan. Fry gently, uncovered, for 5-10 mins, until the vegetables are soft, sweet and golden.||Stir in the tomato purée, cook for 2 mins, then add the tomatoes and stock. Simmer for 10 mins until the sauce thickens slightly. Season to taste. The sauce can be made ahead, then reheated later in the day. Meantime, scrub the mussels or clams and pull away any stringy beards. Any that are open should be tapped sharply on the worktop – if they don’t close after a few seconds, discard them.||Reheat the sauce if necessary, then stir the potato, chunks of fish and prawns very gently into the stew. Bring back to the boil, then cover and gently simmer for 3 mins. Scatter the mussels or clams over the stew, then cover and cook for 2 mins more or until the shells have opened wide. Discard any that remain closed. The chunks of fish should flake easily and the prawns should be pink through. Scatter with the thyme leaves.||To make the quick rouille, stir the rest of the harissa through the mayonnaise. Serve the stew in bowls, topped with spoonfuls of rouille, which will melt into the sauce and enrich it. Have some good bread ready, as you’ll definitely want to mop up the juices."
fish-fofos,Fish fofos,https://www.themealdb.com/images/media/meals/a15wsa1614349126.jpg,https://www.olivemagazine.com/recipes/fish-and-seafood/fish-fofos/,Portuguese,Seafood,35,500,35,no,balanced,4,600|g|haddock|meat and fish;300|g|potatoes|produce;1||green chilli|produce;3|tbsp|coriander|produce;1|tsp|cumin seeds|dry goods;0.5|tsp|pepper|produce;3|clove|garlic|produce;2||ginger|produce;2|tbsp|flour|dry goods;3||eggs|dairy;75|g|breadcrumbs|dry goods;1||vegetable oil|dry goods,"Put the fish into a lidded pan and pour over enough water to cover. Bring to a simmer and gently poach for 10 minutes over a low heat with the lid on. Drain and flake the fish.||Put the fish, potato, green chilli, coriander, cumin, black pepper, garlic and ginger in a large bowl. Season, add the rice flour, mix well and break in 1 egg. Stir the mixture and divide into 15, then form into small logs. Break the remaining eggs into a bowl and whisk lightly. Put the breadcrumbs into another bowl. Dip each fofo in the beaten egg followed by the breadcrumb mixture. Chill for 20 minutes.||Heat 1cm of oil in a large frying pan over a medium heat. Fry the fofos in batches for 2 minutes on each side, turning gently to get an even golden brown colour all over. Drain on kitchen paper and repeat with the remaining fofos.||For the onion salad, mix together the onion, coriander and lemon juice with a pinch of salt. Serve with the fofos and mango chutney."
fish-pie,Fish pie,https://www.themealdb.com/images/media/meals/ysxwuq1487323065.jpg,https://www.themealdb.com/meal/52802,British,Seafood,40,500,35,yes,balanced,4,900|g|floury potatoes|produce;2|tbsp|olive oil|dry goods;600|ml|semi-skimmed milk|dairy;800|g|white fish fillets|meat and fish;1|tbsp|plain flour|dry goods;1||nutmeg|dry goods;3|tbsp|double cream|dairy;200|g|jerusalem artichokes|dry goods;1||leek|produce;200|g|prawns|meat and fish;1|handful|parsley|produce;1|handful|dill|produce;1||lemon|produce;25|g|gruyère|dry goods;1||lemon|produce,"01.Put the potatoes in a large pan of cold salted water and bring to the boil. Lower the heat, cover, then simmer gently for 15 minutes until tender. Drain, then return to the pan over a low heat for 30 seconds to drive off any excess water. Mash with 1 tbsp olive oil, then season.||02.Meanwhile put the milk in a large sauté pan, add the fish and bring to the boil. Remove from the heat, cover and stand for 3 minutes. Remove the fish (reserving the milk) and pat dry with kitchen paper, then gently flake into an ovenproof dish, discarding the skin and any bones.||03.Heat the remaining oil in a pan, stir in the flour and cook for 30 seconds. Gradually stir in 200-250ml of the reserved milk (discard the rest). Grate in nutmeg, season, then bubble until thick. Stir in the cream.||04.Preheat the oven to 190°C/fan170°C/gas 5. Grate the artichokes and add to the dish with the leek, prawns and herbs. Stir the lemon zest and juice into the sauce, then pour over. Mix gently with a wooden spoon.||05.Spoon the mash onto the fish mixture, then use a fork to make peaks, which will crisp and brown as it cooks. Sprinkle over the cheese, then bake for 35-40 minutes until golden and bubbling. Serve with wilted greens."
fiskesuppe-creamy-norwegian-fish-soup,Fiskesuppe (Creamy Norwegian Fish Soup),https://www.themealdb.com/images/media/meals/raqjbj1762773035.jpg,https://scandinaviancookbook.com/fiskesuppe-creamy-norwegian-fish-soup/,Norway,Seafood,45,500,35,yes,balanced,4,454|g|fish fillet|meat and fish;1|clove|garlic|produce;2||potatoes|produce;2||carrots|produce;1||leek|produce;3|tbsp|butter|dairy;5|tbsp|flour|dry goods;960|ml|fish stock|meat and fish;240|ml|milk|dairy;300|ml|creme fraiche|dairy;240|ml|shrimp|meat and fish;1|tbsp|chives|produce,"Cut the fish fillets in cubes or strips. Crush or chop the garlic. Rinse the vegetables and cut into thin strips.||Heat the butter in a pot and add the garlic. Once the garlic starts to turn golden add the flour, whisking well.||Add the fish stock and continue to whisk until there are no lumps.||Add the vegetables and milk and bring to a boil. Cook for about 10 minutes.||Add the crème fraîche (or sour cream). Bring the soup back to a simmer and once the soup begins to bubble again turn off the heat. Keep the soup on the burner and add the fish. Let the fish cook in the hot soup for 5 minutes. If using shrimp, add right before serving.||Sprinkle with chives (or dill or parsley) before serving."
flamiche,Flamiche,https://www.themealdb.com/images/media/meals/wssvvs1511785879.jpg,http://www.deliciousmagazine.co.uk/recipes/flamiche-flemish-leek-tart/,France,Vegetarian,35,450,18,yes,light,4,75|g|butter|dairy;1|kg|leek|produce;0.5|tsp|salt|dry goods;300|ml|creme fraiche|dairy;1||egg|dairy;3||egg yolks|dairy;0.25|tsp|nutmeg|dry goods;225|g|plain flour|dry goods;0.5|tsp|salt|dry goods;60|g|butter|dairy;60|g|lard|dry goods;50|g|cheddar cheese|dairy;2|tbsp|water|dry goods,"For the pastry, sift the flour and salt into the bowl of a food processor, add the butter and lard, then whizz together briefly until the mixture looks like fine breadcrumbs. Tip the mixture into a bowl, then stir in the cheese and enough of the water for the mixture to come together. Tip out onto a lightly floured surface and knead briefly until smooth. Roll out thinly and line a 23cm x 4cm loose-?bottomed fluted flan tin. Prick the base with a fork. Chill for 20 minutes.||02.Melt the 75g butter in a saucepan over a low heat, then add the leeks and the salt. Cover and cook for ?10 minutes until soft. Uncover the pan, increase the heat and cook ?for 2 minutes, stirring occasionally, until the liquid has evaporated. Spoon onto a plate and leave to cool.||03.Preheat the oven to 200°C/fan180°C/gas 6. Line the pastry case with baking paper and baking beans or rice and blind bake for 15-20 minutes until the edges are biscuit-coloured. Remove the paper and beans/rice and return the case to the oven for 7-10 minutes until the base is crisp and lightly golden. Remove and set aside. Reduce the oven temperature to 190°C/fan170°C/gas 5.||04.Put the crème fraîche into a bowl with the whole egg, egg yolks and nutmeg. Lightly beat together, then season. Stir in the leeks. Spoon ?the mixture into the tart case and bake for 35-40 minutes until set ?and lightly golden. Remove from ?the oven and leave for 10 minutes. Take out of the tin and serve."
flemish-hutsepot,Flemish Hutsepot,https://www.themealdb.com/images/media/meals/2lywl71782496853.jpg,https://junedarville.com/hutsepot.html,,Pork,45,620,38,yes,high-protein,4,600|g|floury potatoes|produce;200|g|carrots|produce;200|g|turnips|produce;250|g|leek|produce;4||sausages|meat and fish;1||onion|produce;3|clove|garlic|produce;2||bay leaf|dry goods;4|sprig|thyme|produce;600|ml|chicken stock|meat and fish;1|tbsp|mustard|dry goods;1|tbsp|unsalted butter|dairy;1|pinch|salt|dry goods;1|pinch|pepper|produce,"1) Peel and chop the onion and garlic. Add both to a large pan with the butter and place it over medium heat.||2) Let the onion and garlic sweat for 5 minutes. Then add the chopped potatoes, bay leaves and thyme and stir well. Cook for another 5 minutes.||3) In the meantime peel and slice the carrots. Peel the turnip. Dice it into bite-size pieces. Slice the leek in half lengthwise. Rinse it well to remove any sand. Add the vegetables to the potatoes and onion. Also add the mustard and chicken stock and season with pepper and salt.||4) Stir all the ingredients well and cover the pan with a lid. Cook the hutsepot for about 20 to 25 minutes or until all the vegetables and potatoes are tender. Stir regularly. Add extra water if necessary. In the meantime pan fry the sausages in a little oil or butter until golden brown and cooked through. Keep warm.||5) Once the potatoes start to fall apart, stir and turn it all into a mushy and chunky vegetable stew. Check the seasoning and add extra pepper, salt or mustard to taste.||6) Scoop the hutsepot onto deep plates and top with the sausage. Serve hot with an extra dollop of mustard if you like."
french-lentils-with-garlic-and-thyme,French Lentils With Garlic and Thyme,https://www.themealdb.com/images/media/meals/vwwspt1487394060.jpg,https://www.themealdb.com/meal/52815,France,Miscellaneous,35,550,28,yes,balanced,4,3|tbsp|olive oil|dry goods;1||onion|produce;2|clove|garlic|produce;1||carrots|produce;540|ml|french lentils|dry goods;1|tsp|thyme|produce;3||bay leaf|dry goods;1|tbsp|salt|dry goods;2|stick|celery|produce,"Place a large saucepan over medium heat and add oil. When hot, add chopped vegetables and sauté until softened, 5 to 10 minutes.||Add 6 cups water, lentils, thyme, bay leaves and salt. Bring to a boil, then reduce to a fast simmer.||Simmer lentils until they are tender and have absorbed most of the water, 20 to 25 minutes. If necessary, drain any excess water after lentils have cooked. Serve immediately, or allow them to cool and reheat later.||For a fuller taste, use some chicken stock and reduce the water by the same amount."
french-omelette,French Omelette,https://www.themealdb.com/images/media/meals/yvpuuy1511797244.jpg,https://www.bbcgoodfood.com/recipes/1669/ultimate-french-omelette,France,Miscellaneous,30,550,28,yes,balanced,4,3||eggs|dairy;2||butter|dairy;1|tsp|parmesan|dairy;3||tarragon leaves|dry goods;1|tbsp|parsley|produce;1|tbsp|chives|produce;4|tbsp|gruyère|dry goods,"Get everything ready. Warm a 20cm (measured across the top) non-stick frying pan on a medium heat. Crack the eggs into a bowl and beat them with a fork so they break up and mix, but not as completely as you would for scrambled egg. With the heat on medium-hot, drop one knob of butter into the pan. It should bubble and sizzle, but not brown. Season the eggs with the Parmesan and a little salt and pepper, and pour into the pan.||Let the eggs bubble slightly for a couple of seconds, then take a wooden fork or spatula and gently draw the mixture in from the sides of the pan a few times, so it gathers in folds in the centre. Leave for a few seconds, then stir again to lightly combine uncooked egg with cooked. Leave briefly again, and when partly cooked, stir a bit faster, stopping while there’s some barely cooked egg left. With the pan flat on the heat, shake it back and forth a few times to settle the mixture. It should slide easily in the pan and look soft and moist on top. A quick burst of heat will brown the underside.||Grip the handle underneath. Tilt the pan down away from you and let the omelette fall to the edge. Fold the side nearest to you over by a third with your fork, and keep it rolling over, so the omelette tips onto a plate – or fold it in half, if that’s easier. For a neat finish, cover the omelette with a piece of kitchen paper and plump it up a bit with your fingers. Rub the other knob of butter over to glaze. Serve immediately."
french-onion-chicken-with-roasted-carrots-mashed-potatoes,French Onion Chicken with Roasted Carrots & Mashed Potatoes,https://www.themealdb.com/images/media/meals/b5ft861583188991.jpg,https://www.themealdb.com/meal/52996,United States,Chicken,45,550,38,yes,high-protein,4,2||chicken breasts|meat and fish;340|g|carrots|produce;5||potatoes|produce;1||onion|produce;1||beef stock|meat and fish;360|ml|mozzarella|dairy;2|tbsp|sour cream|dairy;1||butter|dairy;1||sugar|dry goods;1||vegetable oil|dry goods;1||salt|dry goods;1||pepper|produce,"Preheat oven to 425 degrees. Wash and dry all produce. Trim, peel, and cut carrots on a diagonal into ¼-inch-thick pieces. Dice potatoes into ½-inch pieces. Halve, peel, and thinly slice onion.||Toss carrots on a baking sheet with a drizzle of oil, salt, and pepper. Roast until browned and tender, 15-20 minutes.||Meanwhile, place potatoes in a medium pot with enough salted water to cover by 2 inches. Bring to a boil and cook until tender, 12-15 minutes. Drain and return potatoes to pot; cover to keep warm.||While potatoes cook, heat a drizzle of oil in a large pan over medium-high heat. Add onion and cook, stirring occasionally, until lightly browned and softened, 8-10 minutes. Sprinkle with 1 tsp sugar (2 tsp for 4 servings). Stir in stock concentrate and 2 TBSP water (¼ cup for 4); season with salt and pepper. Cook until jammy, 2-3 minutes more. Turn off heat; transfer to a small bowl. Wash out pan.||Pat chicken dry with paper towels; season all over with salt and pepper. Heat a drizzle of oil in pan used for onion over medium-high heat. Add chicken and cook until browned and cooked through, 5-6 minutes per side. In the last 1-2 minutes of cooking, top with caramelized onion and cheese. Cover pan until cheese melts. (If your pan doesn’t have a lid, cover with a baking sheet!)||Heat pot with drained potatoes over low heat; mash with sour cream, 2 TBSP butter (4 TBSP for 4 servings), salt, pepper, and a splash of water (or milk, for extra richness) until smooth. Divide chicken, roasted carrots, and mashed potatoes between plates."
fried-crab,Fried Crab,https://www.themealdb.com/images/media/meals/rprcc51782774240.jpg,https://www.ourcayman.ky/en-us/about/more-about-cayman/recipes,,Seafood,35,500,35,yes,balanced,4,454|g|crab meay|meat and fish;2||onions|produce;1||scotch bonnet|dry goods;0.5|tsp|black pepper|produce;1||salt|dry goods;60|ml|oil|dry goods,"Wash crabs and boil in large pot of water for 15 minutes, remove from boiling water and cool. Crack legs and open backs to remove all meat, set aside.||Remove seeds from scotch bonnet pepper and dice pepper and onions. Sauté onions and scotch bonnet peppers in oil over medium heat until onions begin to get transparent. Add crab meat, black pepper and salt, stirring occasionally. Cook over medium heat for an additional 5 to 10 minutes.||Serve with “bread kind”, a local dish that consists of a variety of starchy vegetables including pumpkin, squash, plantain, potato, cassava and breadfruit.||Optional: Seasoned crab meat may also be stuffed in cleaned crab backs and baked. Cover stuffed backs with foil paper and bake at 350 degrees for 30 minutes."
frikadeller-danish-meatballs,Frikadeller - Danish Meatballs,https://www.themealdb.com/images/media/meals/bnhfa71784662834.jpg,https://denmark.dk/people-and-culture/recipes/danish-meat-balls/,,Pork,40,620,38,yes,high-protein,4,1||onion|produce;1|clove|garlic|produce;500|g|minced pork|meat and fish;1|tbsp|all purpose flour|dry goods;1|tbsp|oats|dry goods;120|ml|milk|dairy;1||egg|dairy;1|tbsp|salt|dry goods;1|tsp|ground black pepper|produce;2|tbsp|butter|dairy,"Finely chop onion and garlic.||Stir salt into minced meat. Add the dry ingredients, then onion and garlic, then the egg. and lastly the milk. Stir the meat mixture until it is firm. Refrigerate for at least 30 minutes. You can also make the mixture one day in advance and refrigerate.||Heat a pan over medium heat. Add butter to the pan and use a spoon to form frikadeller (meatballs) in your preferred size. We recommend using about 2 tablespoons of mixture per frikadelle.||Fry until they develop a nice browned crust on both sides and are cooked all the way through.||Serve hot with a classic potato salad on the side."
ful-medames,Ful Medames,https://www.themealdb.com/images/media/meals/lvn2d51598732465.jpg,https://www.epicurious.com/recipes/food/views/ful-medames-352993,Egyptian,Vegetarian,75,450,18,yes,light,4,480|ml|broad beans|dry goods;80|ml|parsley|produce;1|pinch|olive oil|dry goods;3||lemons|produce;4||garlic clove|produce;1||cumin|dry goods,"As the cooking time varies depending on the quality and age of the beans, it is good to cook them in advance and to reheat them when you are ready to serve. Cook the drained beans in a fresh portion of unsalted water in a large saucepan with the lid on until tender, adding water to keep them covered, and salt when the beans have softened. They take 2–2 1/2 hours of gentle simmering. When the beans are soft, let the liquid reduce. It is usual to take out a ladle or two of the beans and to mash them with some of the cooking liquid, then stir this back into the beans. This is to thicken the sauce.||Serve the beans in soup bowls sprinkled with chopped parsley and accompanied by Arab bread.||Pass round the dressing ingredients for everyone to help themselves: a bottle of extra-virgin olive oil, the quartered lemons, salt and pepper, a little saucer with the crushed garlic, one with chili-pepper flakes, and one with ground cumin.||The beans are eaten gently crushed with the fork, so that they absorb the dressing.||Optional Garnishes||Peel hard-boiled eggs—1 per person—to cut up in the bowl with the beans.||Top the beans with a chopped cucumber-and-tomato salad and thinly sliced mild onions or scallions. Otherwise, pass round a good bunch of scallions and quartered tomatoes and cucumbers cut into sticks.||Serve with tahina cream sauce (page 65) or salad (page 67), with pickles and sliced onions soaked in vinegar for 30 minutes.||Another way of serving ful medames is smothered in a garlicky tomato sauce (see page 464).||In Syria and Lebanon, they eat ful medames with yogurt or feta cheese, olives, and small cucumbers.||A traditional way of thickening the sauce is to throw a handful of red lentils (1/4 cup) into the water at the start of the cooking.||In Iraq, large brown beans are used instead of the small Egyptian ones, in a dish called badkila, which is also sold for breakfast in the street."
f-rik-l-norwegian-national-dish,Fårikål (Norwegian National Dish),https://www.themealdb.com/images/media/meals/ttfxxn1762773067.jpg,https://scandinaviancookbook.com/farikal-national-dish-of-norway/,Norway,Lamb,60,680,40,yes,high-protein,4,1361|g|lamb|meat and fish;1||white cabbage|produce;3|tbsp|whole black peppercorns|produce;3|tsp|salt|dry goods;360|ml|water|dry goods;5|tbsp|flour|dry goods,"Cut the lamb into large pieces.||Slice the cabbage into large wedges, keeping the core attached.||Add a layer of lamb pieces to the bottom of a large pot, fatty side down. Sprinkle with peppercorns and salt. Add a layer of cabbage wedges on top. Repeat with more layers of lamb, peppercorns, and cabbage, ending with cabbage on top.||Optional: Sprinkle a couple of tablespoons on top of the lamb for a thicker stew.||Add water to the pot and bring to a boil. Cover and reduce heat. Cook on low heat for 2 – 3 hours, until the lamb gently falls away from the bone.||Serve with boiled potatoes and fresh parsley, covering generously with the fårikål broth."
gallo-pinto,Gallo pinto,https://www.themealdb.com/images/media/meals/ytogg31784397116.jpg,https://www.recipesfromcostarica.com/recipes,,Vegetarian,35,450,18,yes,light,4,160|ml|black beans|dry goods;300|ml|rice|dry goods;2|tbsp|onion|produce;2|tbsp|pepper|produce;2|tbsp|cilantro|dry goods;0.5|tsp|salsa lizano|dry goods;0.5|tsp|salt|dry goods;0.5|tsp|cumin|dry goods;0.25|tsp|pepper|produce,"Heat up a pan over medium high heat, add olive oil and let it get hot. Add onions, peppers, cilantro, garlic, cumin, salt and pepper, cook for 3 to 5 min until onion is translucent.||Mix in the beans, stir and reduce heat to medium, add the Lizano sauce, stir and cook for 5 more minutes.||Add the rice, stir and cooked for a few more minutes, to incorporate all the flavors in the rice. The time to cook it I will depend of how you like your gallo pinto, some people like it a little wet and some other like it a little toasted or dry.||I prefer it not too dry, so I cook it for about 5 to 7 min."
gambas-al-ajillo,Gambas al ajillo,https://www.themealdb.com/images/media/meals/ze8uwg1763196123.jpg,https://www.bbcgoodfood.com/recipes/gambas-al-ajillo,Spanish,Seafood,25,500,35,no,balanced,4,12||raw king prawns|meat and fish;3||garlic clove|produce;100|ml|olive oil|dry goods;3||cayenne pepper|produce;1|tbsp|parsley|produce,"Peel the prawns, leaving the tails intact, and, using a cocktail stick, remove the digestive tracts. Or, if you are using a frying pan rather than a terracotta pot, you can cook the prawns in their shells. Season with a little sea salt.||Put the garlic, olive oil and chillies in a flameproof terracotta pot or frying pan and set over a high heat. When the garlic starts to turn golden, add the prawns and cook for 1-2 mins on each side until just pink. Sprinkle over the chopped parsley and some freshly cracked black pepper, and serve immediately. If using a terracotta pot, you can take that straight to the table, but be careful with it as the oil and terracotta will remain hot for several minutes."
garides-saganaki,Garides Saganaki,https://www.themealdb.com/images/media/meals/wuvryu1468232995.jpg,https://www.themealdb.com/meal/52764,Greek,Seafood,40,500,35,no,balanced,4,500|g|raw king prawns|meat and fish;3|tbsp|olive oil|dry goods;1||chopped onion|produce;1|pinch|freshly chopped parsley|produce;250|ml|white wine|dry goods;1|g|chopped tomatoes|produce;0.5|tsp|minced garlic|meat and fish;1|g|cubed feta cheese|dairy,"Place the prawns in a pot and add enough water to cover. Boil for 5 minutes. Drain, reserving the liquid, and set aside.||Heat 2 tablespoons of oil in a saucepan. Add the onion; cook and stir until soft. Mix in the parsley, wine, tomatoes, garlic and remaining olive oil. Simmer, stirring occasionally, for about 30 minutes, or until the sauce is thickened.||While the sauce is simmering, the prawns should become cool enough to handle. First remove the legs by pinching them, and then pull off the shells, leaving the head and tail on.||When the sauce has thickened, stir in the prawns. Bring to a simmer again if the sauce has cooled with the prawns, and cook for about 5 minutes. Add the feta and remove from the heat. Let stand until the cheese starts to melt. Serve warm with slices of crusty bread.||Though completely untraditional, you can add a few tablespoons of stock or passata to this recipe to make a delicious pasta sauce. Toss with pasta after adding the feta, and serve."
garlicky-prawns-with-sherry,Garlicky prawns with sherry,https://www.themealdb.com/images/media/meals/u2lhqb1763331899.jpg,https://www.bbcgoodfood.com/recipes/garlicky-prawns-sherry,Spanish,Seafood,25,500,35,yes,balanced,4,3|tbsp|olive oil|dry goods;3|clove|garlic|produce;400|g|prawns|meat and fish;2|tbsp|dry sherry|dry goods;1|handful|parsley|produce,"Heat the olive oil in a large frying pan. Tip in the garlic slices and cook for a few secs. Then stir through the prawns and cook for a couple of mins until they start to turn pink.||Pour over the sherry and cook for a few mins more, just until the prawns are cooked through. Sprinkle with parsley before serving."
gigantes-plaki,Gigantes Plaki,https://www.themealdb.com/images/media/meals/b79r6f1585566277.jpg,https://www.bbcgoodfood.com/recipes/gigantes-plaki,Greek,Vegetarian,25,450,18,yes,light,4,400|g|butter beans|dairy;3|tbsp|olive oil|dry goods;1||onion|produce;2||garlic clove|produce;2|tbsp|tomato puree|produce;800|g|tomatoes|produce;1|tbsp|sugar|dry goods;1|tbsp|dried oregano|dry goods;1|pinch|cinnamon|dry goods;2|tbsp|chopped parsley|produce,"Soak the beans overnight in plenty of water. Drain, rinse, then place in a pan covered with water. Bring to the boil, reduce the heat, then simmer for approx 50 mins until slightly tender but not soft. Drain, then set aside.||Heat oven to 180C/160C fan/gas 4. Heat the olive oil in a large frying pan, tip in the onion and garlic, then cook over a medium heat for 10 mins until softened but not browned. Add the tomato purée, cook for a further min, add remaining ingredients, then simmer for 2-3 mins. Season generously, then stir in the beans. Tip into a large ovenproof dish, then bake for approximately 1 hr, uncovered and without stirring, until the beans are tender. The beans will absorb all the fabulous flavours and the sauce will thicken. Allow to cool, then scatter with parsley and drizzle with a little more olive oil to serve."
golabki-cabbage-roll,Golabki (cabbage roll),https://www.themealdb.com/images/media/meals/q8sp3j1593349686.jpg,https://www.allrecipes.com/recipe/234975/golabki-stuffed-cabbage-rolls/,Polish,Beef,70,650,40,yes,high-protein,4,1||cabbage|produce;2|tbsp|butter|dairy;1||onion|produce;454|g|ground beef|meat and fish;227|g|ground pork|meat and fish;360|ml|rice|dry goods;1|tsp|garlic|produce;1|tsp|salt|dry goods;0.25|tsp|black pepper|produce;3|tin|tomato puree|produce,"Bring a large pot of lightly salted water to a boil. Place cabbage head into water, cover pot, and cook until cabbage leaves are slightly softened enough to remove from head, 3 minutes. Remove cabbage from pot and let cabbage sit until leaves are cool enough to handle, about 10 minutes.||Remove 18 whole leaves from the cabbage head, cutting out any thick tough center ribs. Set whole leaves aside. Chop the remainder of the cabbage head and spread it in the bottom of a casserole dish.||Melt butter in a large skillet over medium-high heat. Cook and stir onion in hot butter until tender, 5 to 10 minutes. Cool.||Stir onion, beef, pork, rice, garlic, 1 teaspoon salt, and 1/4 teaspoon pepper together in a large bowl.||Preheat oven to 350 degrees F (175 degrees C).||Place about 1/2 cup beef mixture on a cabbage leaf. Roll cabbage around beef mixture, tucking in sides to create an envelope around the meat. Repeat with remaining leaves and meat mixture. Place cabbage rolls in a layer atop the chopped cabbage in the casserole dish; season rolls with salt and black pepper.||Whisk tomato soup, tomato juice, and ketchup together in a bowl. Pour tomato soup mixture over cabbage rolls and cover dish wish aluminum foil.||Bake in the preheated oven until cabbage is tender and meat is cooked through, about 1 hour."
griddled-aubergines-with-sesame-dressing,Griddled aubergines with sesame dressing,https://www.themealdb.com/images/media/meals/yoj48r1763817100.jpg,https://www.bbcgoodfood.com/recipes/griddled-aubergines-sesame-dressing,Turkish,Vegetarian,25,450,18,yes,light,4,2||aubergine|produce;2|tbsp|olive oil|dry goods;250|g|greek yogurt|dairy;3|tbsp|tahini paste|dry goods;1|clove|garlic|produce;1||lemon|produce;1|handful|coriander|produce;1|handful|parsley|produce;1|handful|mint|produce,"Brush each aubergine slice with some oil, then season. Heat a griddle pan or barbecue. When hot, griddle the aubergine slices for 2-3 mins on each side until golden brown and tender.||Mix the yogurt with the tahini, garlic, lemon juice and herbs, then season. Top the aubergines with the dressing and scatter over extra herb leaves."
grilled-mac-and-cheese-sandwich,Grilled Mac and Cheese Sandwich,https://www.themealdb.com/images/media/meals/xutquv1505330523.jpg,https://leitesculinaria.com/103647/recipes-grilled-mac-and-cheese-sandwich.html,United States,Pasta,80,600,25,no,balanced,4,8|g|macaroni|dry goods;80|ml|plain flour|dry goods;0.75|tsp|mustard powder|dry goods;0.5|tsp|garlic powder|produce;0.5|tsp|kosher salt|dry goods;0.5|tsp|black pepper|produce;0.125|tsp|cayenne pepper|produce;6|tbsp|butter|dairy;1.5|ml|whole milk|dairy;1|ml|heavy cream|dairy;1|g|monterey jack cheese|dairy;4|tbsp|butter|dairy;1|tsp|garlic powder|produce;16|slice|bread|dry goods;8|slice|cheddar cheese|dairy;8|slice|colby jack cheese|dairy;4|tbsp|butter|dairy,"Make the mac and cheese||1. Bring a medium saucepan of generously salted water (you want it to taste like seawater) to a boil. Add the pasta and cook, stirring occasionally, until al dente, 8 to 10 minutes, or according to the package directions. The pasta should be tender but still chewy.||2. While the pasta is cooking, in a small bowl, whisk together the flour, mustard powder, garlic powder, salt, black pepper, and cayenne pepper.||3. Drain the pasta in a colander. Place the empty pasta pan (no need to wash it) over low heat and add the butter. When the butter has melted, whisk in the flour mixture and continue to cook, whisking frequently, until the mixture is beginning to brown and has a pleasant, nutty aroma, about 1 minute. Watch carefully so it does not scorch on the bottom of the pan.||4. Slowly whisk the milk and cream into the flour mixture until everything is really well combined. Cook, whisking constantly, until the sauce is heated through and just begins to thicken, about 2 minutes. Remove from the heat. Gradually add the cheese while stirring constantly with a wooden spoon or silicone spatula and keep stirring until the cheese has melted into the sauce. Then stir in the drained cooked pasta.||5. Line a 9-by-13-inch (23-by-33-centimeter) rimmed baking sheet with parchment paper or aluminum foil. Coat the paper or foil with nonstick cooking spray or slick it with butter. Pour the warm mac and cheese onto the prepared baking sheet and spread it evenly with a spatula. Coat another piece of parchment paper with cooking spray or butter and place it, oiled or buttered side down, directly on the surface of the mac and cheese. Refrigerate until cool and firm, about 1 hour.||Make the grilled cheese||6. Heat a large cast-iron or nonstick skillet over medium-low heat.||7. In a small bowl, stir together the 4 tablespoons (55 grams) butter and garlic powder until well blended.||8. Remove the mac and cheese from the refrigerator and peel off the top layer of parchment paper. Carefully cut into 8 equal pieces. Each piece will make 1 grilled mac and cheese sandwich. (You can stash each individual portion in a double layer of resealable plastic bags and refrigerate for up to 3 days or freeze it for up to 1 month.)||9. Spread 3/4 teaspoon garlic butter on one side of each bread slice. Place half of the slices, buttered-side down, on a clean cutting board. Top each with one slice of Cheddar, then 1 piece of the mac and cheese. (Transfer from the baking sheet by scooting your hand or a spatula under each piece of mac and cheese and then flipping it over onto a sandwich.) Place 1 slice of Jack on top of each. Finish with the remaining bread slices, buttered-side up.||10. Using a wide spatula, place as many sandwiches in the pan as will fit without crowding it. Cover and cook until the bottoms are nicely browned, about 4 minutes. Turn and cook until the second sides are browned, the cheese is melted, and the mac and cheese is heated through, about 4 minutes more.||11. Repeat with the remaining ingredients. Cut the sandwiches in half, if desired, and serve."
grilled-aubergines-with-spicy-chickpeas-walnut-sauce,Grilled aubergines with spicy chickpeas & walnut sauce,https://www.themealdb.com/images/media/meals/ctw3ba1763788978.jpg,https://www.bbcgoodfood.com/recipes/grilled-aubergines-spicy-chickpeas-walnut-sauce,Turkish,Vegetarian,30,450,18,no,light,4,4|tbsp|olive oil|dry goods;1||onion|produce;1||red chilli|produce;2||ginger|produce;0.5|tsp|ground cumin|dry goods;400|g|chickpeas|produce;200|g|tomato|produce;0.5||lemon|produce;2||aubergine|produce;200|g|greek yogurt|dairy;1||garlic clove|produce;25|g|walnuts|dry goods;1|handful|coriander|produce,"Heat 2 tbsp oil in a pan, add the onion and fry until soft and lightly browned, about 10 mins. Add the chilli, ginger and spices and mix well. Stir in the chickpeas, tomatoes and 5 tbsp water, bring to the boil, then simmer for 10 mins. Add a little salt and pepper and the lemon juice.||Arrange the aubergines over a grill pan. Brush lightly with oil, sprinkle with salt and pepper, then grill until golden. Flip them over, brush again with oil, season and grill again until tender and golden.||Mix the yogurt with the garlic, most of the walnuts and coriander and a little salt and pepper. Arrange the aubergine slices over a warm platter and spoon over the chickpea mix. Drizzle with the walnut sauce and scatter with the remaining walnuts and coriander."
grilled-eggplant-with-coconut-milk,Grilled eggplant with coconut milk,https://www.themealdb.com/images/media/meals/bopa2i1683209167.jpg,https://simplybakings.com/grilled-eggplant-with-coconut-milk/,Filipino,Vegetarian,80,450,18,yes,light,4,6||egg plants|dairy;1|tin|coconut milk|dairy;1|tbsp|lemon juice|produce;1|tsp|salt|dry goods;1||red pepper flakes|produce;4|stick|onions|produce,"Prepare the eggplants for grilling by pricking them all over with a fork.||This is so it won’t burst during the grilling process as the natural water in it heats up.||Grill the eggplants, turning them over frequently to ensure even cooking.||Grill until the skins are dark brown, even black and the eggplant is soft when you touch it.||Soak the grilled eggplant in a bowl of water to cool it down.||Peel the skin off the eggplant.||Place the whole eggplants in a shallow dish (my mom actually cuts the eggplant into small, bite-sized pieces).||In a small mixing bowl, mix together the coconut milk or cream, lemon powder, salt and hot pepper.||Mix until the lemon powder and salt dissolve.||Taste, then adjust the amount of lemon powder, salt and hot pepper to your liking.||Pour the mixture over the eggplant.||Sprinkle the green onions over the eggplant and coconut milk.||Stir gently to combine."
ham-croquetas,Ham croquetas,https://www.themealdb.com/images/media/meals/6dpa7m1763331105.jpg,https://www.bbcgoodfood.com/recipes/ham-croquetas,Spanish,Pork,60,620,38,no,high-protein,4,75|g|plain flour|dry goods;2||egg|dairy;75|g|breadcrumbs|dry goods;1||sunflower oil|dry goods;4|tbsp|extra virgin olive oil|dry goods;0.5||leek|produce;70|g|jamón ibérico|dry goods;60|g|plain flour|dry goods;75|ml|vegetable stock|dry goods;330|ml|milk|dairy;1||nutmeg|dry goods,"To make the filling, heat the olive oil in a pan until it starts to shimmer. Add the leek and sauté until soft but not coloured. Stir in the ham with a wooden spoon, fry for 1 min, then stir in the flour and fry over a medium heat, stirring occasionally, until the mixture is golden but not burnt – this will take about 5 mins.||Meanwhile, combine the stock and milk in a small pan and heat until steaming but not boiling. Season with a few scrapes of nutmeg. Gradually add the liquid, a few tbsp at a time, stirring constantly.||Once you’ve incorporated all the milk stock, continue to cook the filling over a medium heat for about 10 mins or until it thickens and leaves the sides of the pan when you stir it.||Season with black pepper, taste and adjust the salt if necessary – the ham can be very salty to start with. The filling is now done: it has to be really thick because you don’t want the croquetas to turn into pancakes.||Smooth the mixture onto a baking tray (30 x 20cm is fine). Once it has stopped steaming, cover with cling film to stop it drying out. Leave to cool before putting it in the fridge for 1 hr.||When you're ready for the next stage, line up three bowls: the first filled with the flour, the second with beaten egg and the third with breadcrumbs. Take the ham mixture out of the fridge. Put a little bit of olive oil on your hands to make it easier to roll the croquetas.||Roll a spoonful of the mixture between your palms. The size and shape of the croquetas is up to you, but the easiest is a walnut-sized ball. Then begin coating as follows.||Dunk the croquetas into the flour – you want a dusting – followed by the egg, then the breadcrumbs. Put them on a tray and, when you’ve used up all the mixture, place in the fridge for 30 mins.||If you have a deep-fat fryer, heat the oil to 180C and fry for a couple of mins. If not, heat the oil in a deep, heavy-bottomed saucepan until it starts to shimmer. Then add 5-6 croquetas at a time and fry until golden all over. Once cooked, drain on kitchen paper and eat straight away."
ham-hock-colcannon,Ham hock colcannon,https://www.themealdb.com/images/media/meals/n41ny81608588066.jpg,https://www.bbcgoodfood.com/recipes/ham-hock-colcannon,Irish,Pork,35,620,38,yes,high-protein,4,800|g|floury potatoes|produce;50|g|butter|dairy;3||garlic clove|produce;1||cabbage|produce;8||spring onions|produce;100|ml|double cream|dairy;2|tbsp|mustard|dry goods;180|g|ham|meat and fish;4||eggs|dairy,"Peel and cut the potatoes into even, medium-sized chunks. Put in a large pan filled with cold salted water, bring to the boil and cook for 10-15 mins until a knife can be inserted into the potatoes easily.||Meanwhile, melt the butter in a large sauté pan over a medium heat. Add the garlic, cabbage, spring onions and some seasoning. Stir occasionally until the cabbage is wilted but still retains a little bite, then set aside.||Drain the potatoes, leave to steam-dry for a couple of mins, then mash with the cream, mustard and seasoning in the same saucepan. Stir in the cabbage and ham hock. Keep warm over a low heat.||Reheat the pan you used to cook the cabbage (no need to wash first), add a splash of oil, crack in the eggs and fry to your liking. To serve, divide the colcannon between bowls and top each with a fried egg."
hodge-podge,Hodge Podge,https://www.themealdb.com/images/media/meals/xihv0c1764447887.jpg,https://canadianfoodfocus.org/recipes/classic-canadian-dish-hodge-podge/,Canadian,Vegetarian,35,450,18,yes,light,4,454|g|new potatoes|produce;454|g|carrots|produce;240|ml|green beans|dry goods;120|ml|peas|produce;1|tbsp|dill|produce;1|tbsp|chives|produce;720|ml|milk|dairy;120|ml|heavy cream|dairy;120|ml|butter|dairy;0.5|tsp|salt|dry goods;0.25|tsp|black pepper|produce,"First, cook your vegetables. Bring a large pot of salted water to boil. Par-cook carrots and potatoes for five minutes until carrots and potatoes are fork tender, then blanch the peas and beans for about a minute in the same pot. Strain vegetables and set aside.||In a heavy-bottomed pot or Dutch oven, melt butter over medium heat, add vegetables, and cook to warm through.||Add milk and cream and bring the soup to a boil. Turn the heat down to low and season with salt and pepper.||Add dill and chives and let simmer for at least 10 minutes. Serve warm."
honey-balsamic-chicken-with-crispy-broccoli-potatoes,Honey Balsamic Chicken with Crispy Broccoli & Potatoes,https://www.themealdb.com/images/media/meals/kvbotn1581012881.jpg,https://www.themealdb.com/meal/52993,United States,Chicken,45,550,38,yes,high-protein,4,5||potatoes|produce;1||broccoli|produce;2|clove|garlic|produce;2||chicken breast|meat and fish;1||balsamic vinegar|dry goods;1||honey|dry goods;1||chicken stock|meat and fish;1|tbsp|butter|dairy;1|tbsp|vegetable oil|dry goods;1|tbsp|olive oil|dry goods,"1. Preheat oven to 425 degrees. Wash and dry all produce. Cut potatoes into 1/2-inch-thick wedges. Toss on one side of a baking sheet with a drizzle of oil, salt, and pepper. (For 4 servings, spread potatoes out across entire sheet.) Roast on top rack for 5 minutes (we'll add the broccoli then).||2. Meanwhile, cut broccoli florets into bite-size pieces, if necessary. Peel and finely chop garlic. In a small microwave-safe bowl, combine 1 TBSP olive oil (2 TBSP for 4 servings) and half the garlic. Microwave until garlic sizzles, 30 seconds.||3. Once potatoes have roasted 5 minutes, remove sheet from oven and add broccoli to empty side; carefully toss with garlic oil, salt, and pepper. (For 4 servings, add broccoli to a second sheet.) Continue roasting until potatoes and broccoli are browned and crispy, 15-20 minutes more.||4. While veggies roast, pat chicken dry with paper towels; season all over with salt and pepper. Heat a drizzle of oil in a large pan over medium-high heat. Add chicken and cook until browned and cooked through, 5-6 minutes per side. (If chicken browns too quickly, reduce heat to medium.) Turn off heat; set chicken aside to rest. Wash out pan.||5. Heat pan used for chicken over medium-high heat. Add a drizzle of oil and remaining garlic; cook until fragrant, 30 seconds. Stir in vinegar, honey, stock concentrate, and 1/4 cup water (1/3 cup for 4 servings). Simmer until thick and glossy, 2-3 minutes. Remove from heat and stir in 1 TBSP butter (2 TBSP for 4). Season with salt and pepper.||6. Return chicken to pan and turn to coat in glaze. Divide chicken, broccoli, and potatoes between plates. Spoon any remaining glaze over chicken and serve."
honey-teriyaki-salmon,Honey Teriyaki Salmon,https://www.themealdb.com/images/media/meals/xxyupu1468262513.jpg,https://www.themealdb.com/meal/52773,Japanese,Seafood,30,500,35,yes,balanced,4,454|g|salmon|meat and fish;1|tbsp|olive oil|dry goods;2|tbsp|soy sauce|dry goods;2|tbsp|sake|dry goods;4|tbsp|sesame seed|dry goods,"Mix all the ingredients in the Honey Teriyaki Glaze together. Whisk to blend well. Combine the salmon and the Glaze together.||Heat up a skillet on medium-low heat. Add the oil, Pan-fry the salmon on both sides until it’s completely cooked inside and the glaze thickens.||Garnish with sesame and serve immediately."
hot-and-sour-soup,Hot and Sour Soup,https://www.themealdb.com/images/media/meals/1529445893.jpg,https://sueandgambo.com/pages/chinese-hot-and-sour-soup,Chinese,Pork,50,620,38,yes,high-protein,4,80|ml|mushrooms|produce;80|ml|wood ear mushrooms|produce;160|ml|tofu|dry goods;120|ml|pork|meat and fish;600|ml|chicken stock|meat and fish;0.5|tsp|salt|dry goods;0.25|tsp|sugar|dry goods;1|tsp|sesame seed oil|dry goods;0.25|tsp|pepper|produce;0.5|tsp|hotsauce|dry goods;240|ml|vinegar|dry goods;1|tsp|soy sauce|dry goods;1|tbsp|cornstarch|produce;2|tbsp|water|dry goods;60|ml|spring onions|produce,"- MAKING THE SOUP||In a wok add chicken broth and wait for it to boil.||Next add salt, sugar, sesame seed oil, white pepper, hot pepper sauce, vinegar and soy sauce and stir for few seconds.||Add Tofu, mushrooms, black wood ear mushrooms to the wok.||To thicken the sauce, whisk together 1 Tablespoon of cornstarch and 2 Tablespoon of water in a bowl and slowly add to your soup until it's the right thickness.||Next add 1 egg slightly beaten with a knife or fork and add it to the soup and stir for 8 seconds||Serve the soup in a bowl and add the bbq pork and sliced green onions on top."
hot-cumin-lamb-wrap-with-crunchy-slaw-spicy-mayo,Hot cumin lamb wrap with crunchy slaw & spicy mayo,https://www.themealdb.com/images/media/meals/jyylmo1763790808.jpg,https://www.bbcgoodfood.com/recipes/hot-cumin-lamb-wrap-crunchy-slaw-spicy-mayo,Turkish,Lamb,45,680,40,no,high-protein,4,4||lamb leg|meat and fish;2|tsp|olive oil|dry goods;1|tsp|ground cumin|dry goods;1|tbsp|sugar|dry goods;3|tbsp|white wine vinegar|dry goods;2||carrots|produce;2||spring onions|produce;400|g|white cabbage|produce;5||sweet peppadew peppers|produce;3|tbsp|mayonnaise|dry goods;4||pita bread|dry goods,"Heat a griddle pan. Rub the lamb steaks with the oil, cumin and some seasoning. Griddle for about 3-4 mins on each side or until cooked to your liking. Place to one side on a plate to rest.||In a large bowl, stir the sugar into the vinegar until dissolved. Add the carrots, spring onions, cabbage and some seasoning, and toss together.||Blitz the whole peppers and the mayo in a food processor. Add a heap of the salad to each flatbread. Slice the lamb, trimming off any excess fat and lay on top of the salad, drizzling with the resting juices. Spoon over the mayo and scatter with a few of the sliced peppers. Roll up and eat. If using pitta, split and stuff. Serve any extra salad on the side."
imam-bayildi-with-bbq-lamb-tzatziki,Imam bayildi with BBQ lamb & tzatziki,https://www.themealdb.com/images/media/meals/ampz9v1763787134.jpg,https://www.bbcgoodfood.com/recipes/imam-bayildi-bbq-lamb-tzatziki,Turkish,Lamb,55,680,40,yes,high-protein,4,3||aubergine|produce;2|tbsp|olive oil|dry goods;1||onion|produce;2|clove|garlic|produce;1|tsp|cinnamon|dry goods;8||tomato|produce;1|bunch|parsley|produce;12||lamb loin chops|meat and fish;1|pinch|paprika|dry goods;1||lemon|produce;150|g|greek yogurt|dairy;0.5||cucumber|produce;2|tbsp|mint|produce,"Heat oven to 190C/170C fan/gas 5. Halve the aubergines lengthways and score the flesh side deeply, brush with a good layer of olive oil and put on a baking sheet. Roast for 20 mins or until the flesh is soft enough to scoop out.||Fry the onion in a little oil until soft, add the garlic and cinnamon and fry for 1 min. Once the aubergines are cool enough to handle, scoop out the centres. Roughly chop the flesh and add it to the onions. Halve the tomatoes, scoop the seeds and juice into a sieve set over a bowl, then chop the flesh. Add the chopped tomatoes to the pan and cook everything for 10 mins until nice and soft. Add a little more oil if you need to. Stir in the parsley, leaving a little for scattering at the end.||Lay the aubergine halves in a baking dish and divide the tomato mixture between them. Pour over the juice from the tomatoes, drizzle with more olive oil and bake for 30 mins until the aubergines have collapsed.||Meanwhile, mix the tzatziki ingredients together and put in a small serving bowl.||Season the lamb with salt, black pepper and a pinch of paprika. Griddle, grill or barbecue for 3 mins on each side or until the fat is nicely browned, then put in a serving dish and squeeze over the lemon halves. Scatter the aubergines with parsley, then serve with the lamb and tzatziki."
irish-stew,Irish stew,https://www.themealdb.com/images/media/meals/sxxpst1468569714.jpg,http://www.ottolenghi.co.uk/recipes/meat/irish-stew-shop,Irish,Beef,60,650,40,no,high-protein,4,300|g|whole wheat|dry goods;2|kg|lamb loin chops|meat and fish;120|ml|olive oil|dry goods;24||shallots|produce;4||carrots|produce;2||turnips|produce;1||celeriac|dry goods;350|g|charlotte potatoes|produce;150|ml|white wine|dry goods;1|tsp|caster sugar|dry goods;4|sprig|fresh thyme|produce;4|sprig|oregano|dry goods;450|ml|chicken stock|meat and fish,"Heat the oven to 180C/350F/gas mark 4. Drain and rinse the soaked wheat, put it in a medium pan with lots of water, bring to a boil and simmer for an hour, until cooked. Drain and set aside.||Season the lamb with a teaspoon of salt and some black pepper. Put one tablespoon of oil in a large, deep sauté pan for which you have a lid; place on a medium-high heat. Add some of the lamb – don't overcrowd the pan – and sear for four minutes on all sides. Transfer to a bowl, and repeat with the remaining lamb, adding oil as needed.||Lower the heat to medium and add a tablespoon of oil to the pan. Add the shallots and fry for four minutes, until caramelised. Tip these into the lamb bowl, and repeat with the remaining vegetables until they are all nice and brown, adding more oil as you need it.||Once all the vegetables are seared and removed from the pan, add the wine along with the sugar, herbs, a teaspoon of salt and a good grind of black pepper. Boil on a high heat for about three minutes.||Tip the lamb, vegetables and whole wheat back into the pot, and add the stock. Cover and boil for five minutes, then transfer to the oven for an hour and a half.||Remove the stew from the oven and check the liquid; if there is a lot, remove the lid and boil for a few minutes."
japanese-katsudon,Japanese Katsudon,https://www.themealdb.com/images/media/meals/d8f6qx1604182128.jpg,https://www.bbcgoodfood.com/recipes/japanese-katsudon,Japanese,Pork,25,620,38,yes,high-protein,4,1|tbsp|vegetable oil|dry goods;1||onion|produce;1||pork|meat and fish;150|ml|vegetable stock|dry goods;1|tbsp|soy sauce|dry goods;1|tsp|mirin|dry goods;1|tsp|sugar|dry goods;2||eggs|dairy;200|g|sushi rice|dry goods;1||chives|produce,"Heat the oil in a pan, fry the sliced onion until golden brown, then add the tonkatsu (see recipe here), placing it in the middle of the pan. Mix the dashi, soy, mirin and sugar together and tip three-quarters of the mixture around the tonkatsu. Sizzle for a couple of mins so the sauce thickens a little and the tonkatsu reheats.||Tip the beaten eggs around the tonkatsu and cook for 2-3 mins until the egg is cooked through but still a little runny. Divide the rice between two bowls, then top each with half the egg and tonkatsu mix, sprinkle over the chives and serve immediately, drizzling with a little more soy if you want an extra umami kick."
jiggs-dinner,Jiggs Dinner,https://www.themealdb.com/images/media/meals/z1tfnw1764443171.jpg,https://canadianfoodfocus.org/recipes/classic-canadian-dishes-jiggs-dinner/,Canadian,Beef,65,650,40,yes,high-protein,4,907|g|beef|meat and fish;240|ml|yellow split peas|produce;1||cabbage|produce;6||carrots|produce;1||turnips|produce;8||potatoes|produce;3|tbsp|butter|dairy;1||black pepper|produce,"The night before, break salt beef into big chunks and soak in water overnight, at least 8-10 hours. Put split peas into a bowl and cover with water to soak overnight.||Drain the salt beef and place it into a large stockpot. Cover with fresh water, at least 6-7 litres. Place the split peas into a pease pudding canvas bag or triple layer of cheesecloth and tie, making sure to leave room for peas to expand inside the bag.||Put the bag inside the pot, tying the strings to the outside handle so it doesn't stick to the bottom of the pot with the salt beef. Bring to a boil, then lower the heat and simmer for 2 hours.||Remove the peas pudding bag and empty contents into a bowl, mixing with butter and pepper for taste. Set aside.||Add your cabbage to the pot and boil for 20 more minutes. Then add turnip, carrots and potatoes then boil for 20 more, or until vegetables are tender.||Remove salt beef and vegetables from the pot and put them on a platter.||Use the cooking liquid in two ways; as a pot liquor which some people like to drink or reduce it to make a jus or gravy to pour over the meal."
kafteji,Kafteji,https://www.themealdb.com/images/media/meals/1bsv1q1560459826.jpg,http://allrecipes.co.uk/recipe/12294/kafteji--tunisian-fried-vegetables-.aspx,Tunisian,Vegetarian,45,450,18,yes,light,4,5||potatoes|produce;2|tbsp|olive oil|dry goods;1||green pepper|produce;5||onions|produce;1|tbsp|ras el hanout|dry goods;500|g|pumpkin|produce;24||eggs|dairy;1|pinch|salt|dry goods;1|pinch|pepper|produce,"Peel potatoes and cut into 5cm cubes.||Pour 1-2 cm of olive oil into a large pan and heat up very hot. Fry potatoes until golden brown for 20 minutes, turning from time to time. Place on kitchen paper to drain.||Cut the peppers in half and remove seeds. Rub a little olive oil on them and place the cut side down on a baking tray. Place them under the grill. Grill until the skin is dark and bubbly. While the peppers are still hot, put them into a plastic sandwich bag and seal it. Take them out after 15 minutes and remove skins.||In the meantime, heat more olive oil another pan. Peel the onions and cut into thin rings. Fry for 15 minutes until golden brown, turning them often. Add the Ras el hanout at the end.||Cut the pumpkin into 5cm cubes and fry in the same pan you used for the potatoes for 10-15 minutes until it is soft and slightly browned. Place on kitchen paper.||Pour the remaining olive oil out of the pan and put all the cooked vegetables into the pan and mix. Whisk eggs and pour them over the vegetables. Put the lid on the pan so that the eggs cook. Put the contents of the pan onto a large chopping board, add salt and pepper and chopped and mix everything with a big knife."
kapsalon,Kapsalon,https://www.themealdb.com/images/media/meals/sxysrt1468240488.jpg,https://www.themealdb.com/meal/52769,Netherlands,Lamb,60,680,40,yes,high-protein,4,250|g|fries|dry goods;500|g|doner meat|dry goods;1||garlic sauce|produce;1||hotsauce|dry goods;1||lettuce|produce;1||tomato|produce;3||cucumber|produce;100|g|gouda cheese|dairy,"Cut the meat into strips. Heat oil in a pan and fry the strips for 6 minutes until it's ready.||Bake the fries until golden brown in a deep fryrer. When ready transfer to a backing dish. Make sure the fries are spread over the whole dish.||Cover the fries with a new layer of meat and spread evenly.||Add a layer of cheese over the meat. You can also use grated cheese. When done put in the oven for a few minutes until the cheese is melted.||Chop the lettuce, tomato and cucumber in small pieces and mix together. for a basic salad. As extra you can add olives jalapenos and a red union.||Dived the salad over the dish and Serve with garlicsauce and hot sauce"
karbonader-lean-beef-patties-with-caramelized-onions,Karbonader (Lean Beef Patties) with Caramelized Onions,https://www.themealdb.com/images/media/meals/0bpjb11763075817.jpg,https://scandinaviancookbook.com/karbonader/,Norway,Beef,55,650,40,yes,high-protein,4,2||onion|produce;1|tbsp|butter|dairy;454|g|ground beef|meat and fish;0.5|tsp|salt|dry goods;0.5|tsp|pepper|produce;0.5|tsp|nutmeg|dry goods;0.5|tbsp|cornstarch|produce;50|ml|water|dry goods;2||butter|dairy,"Grate half an onion and set aside. Slice the rest of the onions and fry in butter on low/medium heat until caramelized.||In a bowl, mix together ground beef, grated onion, salt, pepper, nutmeg, potato/corn starch, and water.||Form into a sausage and cut 6 patties. Using a knife make a light grid pattern in each patty.||Brown both sides of the karbonader in butter on high heat, then turn down to low heat and fry for another 2 – 3 minutes.||Serve the karbonader and onions with potatoes, stewed peas, and brown sauce for dinner, or on a slice of bread for lunch or a snack."
kaspresskn-del-cheese-dumplings,Kaspressknödel - Cheese Dumplings,https://www.themealdb.com/images/media/meals/x26z3y1780155760.jpg,https://www.austria.info/en-gb/recipes/cheese-dumplings/,,Vegetarian,40,450,18,yes,light,4,250|g|bread|dry goods;250|g|cheese|dairy;2||eggs|dairy;1|pinch|salt|dry goods;1|pinch|parsley|produce;3||potatoes|produce;100|g|flour|dry goods;250|ml|milk|dairy;1||onion|produce;1||butter|dairy,"Mix the cubed white bread with the milk, season with salt, and let the mixture rest for a while.||Now add the shredded potatoes, the grated cheese, eggs, and parsley.||Melt the butter and fry the cubed onions until golden brown in colour and put into the mixture.||Add the flour and gently knead the dough. Shape it into round dumplings, gently press them flat and fry them on both sides in butter until golden brown.||Serve in clear broth."
katsu-chicken-curry,Katsu Chicken curry,https://www.themealdb.com/images/media/meals/vwrpps1503068729.jpg,http://allrecipes.co.uk/recipe/29578/chicken-katsu-curry.aspx,Japanese,Chicken,50,550,38,no,high-protein,4,4||chicken breast|meat and fish;2|tbsp|plain flour|dry goods;1||egg|dairy;100|g|breadcrumbs|dry goods;230|ml|vegetable oil|dry goods;2|tbsp|sunflower oil|dry goods;2||onions|produce;5|clove|garlic|produce;2||carrot|produce;2|tbsp|plain flour|dry goods;4|tsp|curry powder|dry goods;600|ml|chicken stock|meat and fish;2|tsp|honey|dry goods;4|tsp|soy sauce|dry goods;1||bay leaf|dry goods;1|tsp|garam masala|dry goods,"Prep:15min  ›  Cook:30min  ›  Ready in:45min||For the curry sauce: Heat oil in medium non-stick saucepan, add onion and garlic and cook until softened. Stir in carrots and cook over low heat for 10 to 12 minutes.||Add flour and curry powder; cook for 1 minute. Gradually stir in stock until combined; add honey, soy sauce and bay leaf. Slowly bring to the boil.||Turn down heat and simmer for 20 minutes or until sauce thickens but is still of pouring consistency. Stir in garam masala. Pour the curry sauce through a sieve; return to saucepan and keep on low heat until ready to serve.||For the chicken: Season both sides of chicken breasts with salt and pepper. Place flour, egg and breadcrumbs in separate bowls and arrange in a row. Coat the chicken breasts in flour, then dip them into the egg, then coat in breadcrumbs, making sure you cover both sides.||Heat oil in large frying pan over medium-high heat. Place chicken into hot oil and cook until golden brown, about 3 or 4 minutes each side. Once cooked, place on kitchen paper to absorb excess oil.||Pour curry sauce over chicken, serve with white rice and enjoy!"
kedgeree,Kedgeree,https://www.themealdb.com/images/media/meals/utxqpt1511639216.jpg,https://www.bbcgoodfood.com/recipes/10421/kedgeree,British,Seafood,30,500,35,no,balanced,4,300|g|smoked haddock|meat and fish;2||bay leaves|dry goods;300|ml|milk|dairy;4||eggs|dairy;1|handful|parsley|produce;1|handful|coriander|produce;2|tbsp|vegetable oil|dry goods;1||onion|produce;1|tsp|coriander|produce;2|tsp|curry powder|dry goods;300|g|rice|dry goods,"For the rice, heat the oil in a large, lidded pan, add the onion, then gently fry for 5 mins until softened but not coloured. Add the spices, season with salt, then continue to fry until the mix start to go brown and fragrant; about 3 mins.||Add the rice and stir in well. Add 600ml water, stir, then bring to the boil. Reduce to a simmer, then cover for 10 mins. Take off the heat and leave to stand, covered, for 10-15 mins more. The rice will be perfectly cooked if you do not lift the lid before the end of the cooking.||Meanwhile, put the haddock and bay leaves in a frying pan, cover with the milk, then poach for 10 mins until the flesh flakes. Remove from the milk, peel away the skin, then flake the flesh into thumbsize pieces. Place the eggs in a pan, cover with water, bring to the boil, then reduce to a simmer. Leave for 4½-5 mins, plunge into cold water, then peel and cut the eggs into quarters. Gently mix the fish, eggs, parsley, coriander and rice together in the pan. Serve hot, sprinkled with a few extra herbs."
kelem-dolmasi,Kelem dolmasi,https://www.themealdb.com/images/media/meals/7vdtqi1780160088.jpg,https://travelbystove.blogspot.com/2012/01/recipes-from-azerbaijani.html,,Lamb,90,680,40,yes,high-protein,4,500|g|lamb mince|meat and fish;1||cabbage|produce;227|g|onion|produce;1|pinch|salt|dry goods;1|pinch|pepper|produce;0.5|tsp|turmeric|dry goods;0.5|tsp|cinnamon|dry goods;2|tbsp|cilantro|dry goods;2|tbsp|dill|produce;57|g|rice|dry goods;57|g|chickpeas|produce;85|g|lamb fat|meat and fish;1|tbsp|tomato puree|produce;3|tbsp|water|dry goods,"First boil the rice for eight minutes. Meanwhile, peel and finely chop the onion. Then chop the herbs.||The recipe didn't really say what to do with the chickpeas (also known of course as garbanzo beans), beyond soaking them overnight and rinsing them. I used canned chickpeas, since I've never actually seen them dried. I decided to chop/mash them slightly so they would better incorporate into the filling.||Chickpeas (or garbanzo beans) roughly chopped||Now mince the lamb (I used my mini food processor). Here's where I ran into another problem: what to do with the lamb fat this recipe calls for? Mince it? Melt it? Does lamb fat even melt? I decided to mince mine. Thankfully, my husband doesn't actually read this blog because he'd be horrified if he knew I put fat in the dolma on purpose.||Minced lamb and its good friend, minced fat. Ew.||The ingredients for the dolma stuffing include onion, cilantro, chickpeas and turmeric.||Anyway, now get your hands into all that slimy raw meat and mix in the onion, spices, chickpeas, rice, chopped herbs and fat. Add a little salt and pepper for good measure. In fact, based on my results I would say to err on the side of a little extra salt and pepper.||Mix well with your hands until the stuffing looks something like this.||Fill the biggest saucepan you own with salted water and bring it to a boil over high heat. Now pull the outer leaves off of the cabbage (save them) and drop the rest of it, whole, into the water. Let it boil for three or four minutes, turning it if the water level isn't quite high enough to completely cover it.||The reason you are doing this is because it's difficult to get whole cabbage leaves off of an American cabbage. The cabbages you typically buy in our supermarkets come in very tight round balls, and because the leaves are crispy they will snap and crack when you try to pull them off in an un-blanched state. Blanching them for a few minutes makes it so they will come right off without tearing.||Now carefully take the cabbage out of the water (but keep the water boiling) and let it cool for a minute or two so you don't burn your fingers. Carefully pull the leaves off the cabbage, cutting them at the base if you have to do so to loosen them. Try to get them off in one piece. If the inner leaves are still crispy, return the cabbage to the boiling water for another three or four minutes. Repeat until all of the useable leaves are free.||Blanched cabbage leaves||Now put the leaves on a cutting board and cut out the tough stalks (save them). Cut the largest leaves in half.||Remove the tough inner stalk and set aside. Cut larger leaves in two.||Put a heaping tablespoon of the filling in the middle of each leaf, making a short cylinder shape. Fold the ends over the filling, then roll tightly (as if you are making a tiny burrito).||This is not much of a cylinder, but you get the idea.||Fold the edges over ...||Then roll, as if you were making a really small burrito.||Your finished dolma should look kind of like this, only without the hole in the middle.||Put all of the discarded cabbage leaves, stalks etc. into the bottom of a stockpot. I know, this seems a little strange. What you're basically going to be doing is steaming the dolma, with the discarded cabbage pieces forming the base of your steamer. Carefully place the dolma on the bed of cabbage leaves.||These dolma are resting on top of discarded cabbage leaves.||Add water to the stockpot up to about the top of the discarded leaves. Don't cover the dolma.||Now here's where you have to get a bit creative. The dolma needs to be weighted down so it doesn't unwrap during cooking. I used a metal pie pan, and then I put my mortar on top of it. You could also use a dessert plate with something heavy on top of it, but it would need to be an oven-safe one.||The dolma need to be weighted down during cooking so they don't unwrap. Just improvise.||Bring the water to a boil, then simmer for 25 minutes.You might have to use your ears to figure out if the water is actually boiling; I personally couldn't see what was in my pot after I weighted it down.||Meanwhile, make a simple tomato sauce out of the tomato paste and water. Heat it up for a few minutes over a medium flame. After the dolma have been cooking for 25 minutes, pour the sauce over them and cook for another five minutes."
keleya-zaara,Keleya Zaara,https://www.themealdb.com/images/media/meals/8x09hy1560460923.jpg,http://allrecipes.co.uk/recipe/43723/keleya-zaara-tunisian-lamb-with-saffron.aspx,Tunisian,Lamb,40,680,40,yes,high-protein,4,4|tbsp|olive oil|dry goods;750|g|lamb|meat and fish;1.5|tsp|saffron|dry goods;1||onion|produce;25|ml|water|dry goods;30|g|parsley|produce;1|tbsp|butter|dairy;1||lemon|produce,"Heat the vegetable oil in a large frying pan over medium-high heat. Add the lamb and cook until browned on all sides, about 5 minutes. Season with saffron, salt and pepper to taste; stir in all but 4 tablespoons of the onion, and pour in the water. Bring to the boil, then cover, reduce heat to medium-low, and simmer until the lamb is tender, about 15 minutes.||Uncover the pan, stir in the butter and allow the sauce reduce 5 to 10 minutes to desired consistency. Season to taste with salt and pepper, then pour into a serving dish. Sprinkle with the remaining chopped onions and parsley. Garnish with lemon wedges to serve."
kentucky-fried-chicken,Kentucky Fried Chicken,https://www.themealdb.com/images/media/meals/40r49m1763197022.jpg,http://www.tablespoon.com/recipes/copycat-kfc-original-style-chicken/97c93d14-9d8c-4bc7-96dc-1e0b37e4fcaa,United States,Chicken,45,550,38,no,high-protein,4,1||chicken|meat and fish;2||oil|dry goods;1||egg white|dairy;360|ml|flour|dry goods;1|tbsp|brown sugar|dry goods;1|tbsp|salt|dry goods;1|tbsp|paprika|dry goods;2|tsp|onion salt|produce;1|tsp|chili powder|produce;1|tsp|black pepper|produce;0.5|tsp|celery salt|produce;0.5|tsp|sage|produce;0.5|tsp|garlic powder|produce;0.5|tsp|allspice|dry goods;0.5|tsp|oregano|dry goods;0.5|tsp|basil|produce;0.5|tsp|marjoram|dry goods,"Preheat fryer to 350°F. Thoroughly mix together all the spice mix ingredients.||Combine spice mix with flour, brown sugar and salt.||Dip chicken pieces in egg white to lightly coat them, then transfer to flour mixture. Turn a few times and make sure the flour mix is really stuck to the chicken. Repeat with all the chicken pieces.||Let chicken pieces rest for 5 minutes so crust has a chance to dry a bit.||Fry chicken in batches. Breasts and wings should take 12-14 minutes, and legs and thighs will need a few more minutes. Chicken pieces are done when a meat thermometer inserted into the thickest part reads 165°F.||Let chicken drain on a few paper towels when it comes out of the fryer. Serve hot."
kidney-bean-curry,Kidney Bean Curry,https://www.themealdb.com/images/media/meals/sywrsu1511463066.jpg,https://www.bbcgoodfood.com/recipes/kidney-bean-curry,India,Vegetarian,30,450,18,yes,light,4,1||vegetable oil|dry goods;1||onion|produce;2|clove|garlic|produce;1||ginger|produce;1||coriander|produce;1|tsp|cumin|dry goods;1|tsp|paprika|dry goods;2|tsp|garam masala|dry goods;400|g|chopped tomatoes|produce;400|g|kidney beans|dry goods;1||basmati rice|dry goods,"Heat the oil in a large frying pan over a low-medium heat. Add the onion and a pinch of salt and cook slowly, stirring occasionally, until softened and just starting to colour. Add the garlic, ginger and coriander stalks and cook for a further 2 mins, until fragrant.||Add the spices to the pan and cook for another 1 min, by which point everything should smell aromatic. Tip in the chopped tomatoes and kidney beans in their water, then bring to the boil.||Turn down the heat and simmer for 15 mins until the curry is nice and thick. Season to taste, then serve with the basmati rice and the coriander leaves."
koshari,Koshari,https://www.themealdb.com/images/media/meals/4er7mj1598733193.jpg,https://www.themediterraneandish.com/egyptian-koshari-recipe/,Egyptian,Vegetarian,55,450,18,yes,light,4,360|ml|brown lentils|dry goods;360|ml|rice|dry goods;0.5|tsp|coriander|produce;480|ml|macaroni|dry goods;1|tin|chickpeas|produce;1||onion|produce;1||salt|dry goods;120|ml|vegetable oil|dry goods,"Cook the lentils. Bring lentils and 4 cups of water to a boil in a medium pot or saucepan over high heat. Reduce the heat to low and cook until lentils are just tender (15-17 minutes). Drain from water and season with a little salt. (Note: when the lentils are ready, they should not be fully cooked. They should be only par-cooked and still have a bite to them as they need to finish cooking with the rice).||Now, for the rice. Drain the rice from its soaking water. Combine the par-cooked lentils and the rice in the saucepan over medium-high heat with 1 tbsp cooking oil, salt, pepper, and coriander. Cook for 3 minutes, stirring regularly. Add warm water to cover the rice and lentil mixture by about 1 1/2 inches (you’ll probably use about 3 cups of water here). Bring to a boil; the water should reduce a bit. Now cover and cook until all the liquid has been absorbed and both the rice and lentils are well cooked through (about 20 minutes).||Keep covered and undisturbed for 5 minutes or so.||Now make the pasta. While the rice and lentils are cooking, make the pasta according to package instructions by adding the elbow pasta to boiling water with a dash of salt and a little oil. Cook until the pasta is al dente. Drain.||Cover the chickpeas and warm in the microwave briefly before serving.||Make the crispy onion topping.||Sprinkle the onion rings with salt, then toss them in the flour to coat. Shake off excess flour.||In a large skillet, heat the cooking oil over medium-high heat, cook the onion rings, stirring often, until they turn a nice caramelized brown. Onions must be crispy, but not burned (15-20 minutes)."
kung-pao-chicken,Kung Pao Chicken,https://www.themealdb.com/images/media/meals/1525872624.jpg,http://allrecipes.co.uk/recipe/1773/kung-pao-chicken.aspx,Chinese,Chicken,35,550,38,no,high-protein,4,2|tbsp|sake|dry goods;2|tbsp|soy sauce|dry goods;2|tbsp|sesame seed oil|dry goods;2|tbsp|corn flour|produce;2|tbsp|water|dry goods;500|g|chicken|meat and fish;1|tbsp|chilli powder|produce;1|tsp|rice vinegar|dry goods;1|tbsp|brown sugar|dry goods;4||spring onions|produce;6|clove|garlic clove|produce;220|g|water chestnut|dry goods;100|g|peanuts|dry goods,"Combine the sake or rice wine, soy sauce, sesame oil and cornflour dissolved in water. Divide mixture in half.||In a glass dish or bowl, combine half of the sake mixture with the chicken pieces and toss to coat. Cover dish and place in refrigerator for about 30 minutes.||In a medium frying pan, combine remaining sake mixture, chillies, vinegar and sugar. Mix together and add spring onion, garlic, water chestnuts and peanuts. Heat sauce slowly over medium heat until aromatic.||Meanwhile, remove chicken from marinade and sauté in a large frying pan until juices run clear. When sauce is aromatic, add sautéed chicken and let simmer together until sauce thickens."
kung-po-prawns,Kung Po Prawns,https://www.themealdb.com/images/media/meals/1525873040.jpg,https://www.bbcgoodfood.com/recipes/1415664/kung-po-prawns,Chinese,Seafood,30,500,35,no,balanced,4,400|g|prawns|meat and fish;2|tbsp|soy sauce|dry goods;1|tsp|tomato puree|produce;1|tsp|corn flour|produce;1|tsp|caster sugar|dry goods;1|tsp|sunflower oil|dry goods;85|g|peanuts|dry goods;3||chilli|produce;1|tbsp|brown sugar|dry goods;6|clove|garlic clove|produce;450|g|water chestnut|dry goods;1||ginger|produce,"Mix the cornflour and 1 tbsp soy sauce, toss in the prawns and set aside for 10 mins. Stir the vinegar, remaining soy sauce, tomato purée, sugar and 2 tbsp water together to make a sauce.||When you’re ready to cook, heat a large frying pan or wok until very hot, then add 1 tbsp oil. Fry the prawns until they are golden in places and have opened out– then tip them out of the pan.||Heat the remaining oil and add the peanuts, chillies and water chestnuts. Stir-fry for 2 mins or until the peanuts start to colour, then add the ginger and garlic and fry for 1 more min. Tip in the prawns and sauce and simmer for 2 mins until thickened slightly. Serve with rice."
lakra-me-mish-cabbage-and-meat-stew,Lakra me Mish Cabbage and Meat Stew,https://www.themealdb.com/images/media/meals/mobh1l1779648766.jpg,https://www.myalbanianfood.com/recipe/lakra-me-mish/,,Beef,60,650,40,no,high-protein,4,500|g|beef|meat and fish;1||cabbage|produce;2|tsp|paprika|dry goods;3|tsp|tomato puree|produce;2||red pepper|produce;1||onion|produce;0.25|tsp|chilli flakes|produce;1|pinch|salt|dry goods;1|pinch|pepper|produce;1||olive oil|dry goods;1|l|boiling water|dry goods,"Add some olive oil to a saute pan or saucepan (one with a lid). One heated add in the onions, diced beef, red peppers and fry for 5 minutes stirring occasionally. The meat should be fully browned.||Add the paprika, tomato puree, chilli flakes and season with salt and pepper. Mix together and continue to fry for 2 minutes.||Add the cabbage and stir the mixture together. Fry the mixture while stirring occasionally for 3-5 minutes. Most of the oil should have burned away.||Pour the boiling water into the pan, ensuring that the water level completely covers the cabbage, plus about 1 inch above it. Put on the lid and bring to the boil.||Leave to simmer for 2.5 hours. The stew is ready when the cabbage is soft and meat tender.||Serve into wide bowls and leave to cool for 5 minutes."
lakror-me-kungull-summer-squash-pie,Lakror me Kungull Summer Squash Pie,https://www.themealdb.com/images/media/meals/ae4rwb1779645576.jpg,https://www.myalbanianfood.com/recipe/summer-squash-pie/,,Vegetarian,40,450,18,yes,light,4,2||squash|produce;2||eggs|dairy;300|g|flour|dry goods;0.25|tsp|baking powder|dry goods;1||olive oil|dry goods,"In a mixing bowl mix together the summer squash, sugar, eggs and baking soda. Add the flour and continue to mix, you are looking for a thick sticky mixture. Add a bit more flour if the mixture is still thin and slightly runny.||In a large round baking tray (about 2 inches deep) rub some olive oil over the base and edges.||Scoop the mixture onto the tray and spread out evenly, then pour a small amount of olive oil onto you hand and rub it in circles gently over the top of the mixture. This should flatten it and leave it with a slightly shiny glossing.||Bake in the oven for 40 minutes on 180 degrees – the top should be a golden brown once cooked.||Leave to cool before slicing into squares and serving."
laksa-king-prawn-noodles,Laksa King Prawn Noodles,https://www.themealdb.com/images/media/meals/rvypwy1503069308.jpg,https://www.bbcgoodfood.com/recipes/prawn-laksa-curry-bowl,Malaysian,Seafood,30,500,35,no,balanced,4,1|tbsp|olive oil|dry goods;1||red chilli|produce;2|tbsp|thai red curry paste|dry goods;1||vegetable stock cube|dry goods;400|ml|coconut milk|dairy;2|tsp|fish sauce|meat and fish;100|g|rice noodles|dry goods;2||lime|produce;150|g|king prawns|meat and fish;0.5||coriander|produce,"Heat the oil in a medium saucepan and add the chilli. Cook for 1 min, then add the curry paste, stir and cook for 1 min more. Dissolve the stock cube in a large jug in 700ml boiling water, then pour into the pan and stir to combine. Tip in the coconut milk and bring to the boil.||Add the fish sauce and a little seasoning. Toss in the noodles and cook for a further 3-4 mins until softening. Squeeze in the lime juice, add the prawns and cook through until warm, about 2-3 mins. Scatter over some of the coriander.||Serve in bowls with the remaining coriander and lime wedges on top for squeezing over."
lamb-apricot-meatballs,Lamb & apricot meatballs,https://www.themealdb.com/images/media/meals/72fgzj1764109947.jpg,https://www.bbcgoodfood.com/recipes/lamb-apricot-meatballs,Turkish,Lamb,45,680,40,no,high-protein,4,2|tbsp|olive oil|dry goods;2||red onions|produce;4|clove|garlic|produce;2|tsp|ground cumin|dry goods;2|tsp|ground coriander|produce;400|g|tinned tomatos|produce;0.5|tsp|sugar|dry goods;10|g|mint|produce;500|g|lamb mince|meat and fish;8||dried apricots|dry goods;50|g|breadcrumbs|dry goods;1||pita bread|dry goods,"Heat 2 tsp oil in a pan and soften the onions for 5 mins. Add the garlic and spices and cook for a few mins more. Spoon half the onion mixture into a bowl and set aside to cool. Add the tomatoes, sugar and seasoning to the remaining onions in the pan and simmer for about 10 mins until reduced.||Meanwhile, add the mint, lamb, apricots and breadcrumbs to the cooled onions, season and mix well with your hands. Shape into little meatballs.||Heat the rest of the oil in a non-stick pan and fry the meatballs until golden (in batches if you need to). Stir in the sauce with a splash of water and gently cook everything for a few mins until the meatballs are cooked through. Serve with pitta bread and salad."
lamb-pilaf-plov,Lamb Pilaf (Plov),https://www.themealdb.com/images/media/meals/kos9av1699014767.jpg,https://www.thespruceeats.com/russian-lamb-pilaf-plov-recipe-1137309,Russian,Lamb,55,680,40,yes,high-protein,4,50|g|lamb|meat and fish;120|g|prunes|dry goods;1|tbsp|lemon juice|produce;2|tbsp|butter|dairy;1||onion|produce;450|g|lamb|meat and fish;2|clove|garlic|produce;600|ml|vegetable stock|dry goods;480|ml|rice|dry goods;1|pinch|saffron|dry goods;1||parsley|produce,"Place the raisins and prunes into a small bowl and pour over enough water to cover. Add lemon juice and let soak for at least 1 hour. Drain. Roughly chop the prunes.||Meanwhile, heat the butter in a large pan, add the onion, and cook for 5 minutes. Add cubed lamb, ground lamb, and crushed garlic cloves. Fry for 5 minutes, stirring constantly until browned.||Pour 2/3 cup (150 milliliters) of stock into the pan. Bring to a boil, then lower the heat, cover, and simmer for 1 hour, or until the lamb is tender.||Add the remaining stock and bring to a boil. Add rinsed long-grain white rice and a large pinch of saffron. Stir, then cover, and simmer for 15 minutes, or until the rice is tender.||Add the drained raisins, drained chopped prunes, and salt and pepper to taste. Heat through for a few minutes, then turn out onto a warmed serving dish and garnish with sprigs of flat-leaf parsley."
lamb-rogan-josh,Lamb Rogan josh,https://www.themealdb.com/images/media/meals/vvstvq1487342592.jpg,http://www.bbcgoodfood.com/recipes/9643/onepan-rogan-josh,India,Lamb,45,680,40,yes,high-protein,4,2||onion|produce;4|tbsp|sunflower oil|dry goods;4|clove|garlic|produce;1||ginger|produce;2|tbsp|madras paste|dry goods;2|tsp|paprika|dry goods;1||cinnamon stick|dry goods;6||cardamom|dry goods;4||cloves|dry goods;2||bay leaf|dry goods;1|tbsp|tomato purée|produce;1|kg|lamb|meat and fish;150|ml|greek yogurt|dairy;1||coriander|produce,"Put the onions in a food processor and whizz until very finely chopped. Heat the oil in a large heavy-based pan, then fry the onion with the lid on, stirring every now and then, until it is really golden and soft. Add the garlic and ginger, then fry for 5 mins more.||Tip the curry paste, all the spices and the bay leaves into the pan, with the tomato purée. Stir well over the heat for about 30 secs, then add the meat and 300ml water. Stir to mix, turn down the heat, then add the yogurt.||Cover the pan, then gently simmer for 40-60 mins until the meat is tender and the sauce nice and thick. Serve scattered with coriander, with plain basmati or pilau rice."
lamb-tagine,Lamb Tagine,https://www.themealdb.com/images/media/meals/yuwtuu1511295751.jpg,https://www.bbcgoodfood.com/recipes/2303638/family-meals-easy-lamb-tagine-,Moroccan,Lamb,50,680,40,yes,high-protein,4,2||olive oil|dry goods;1||onion|produce;2||carrots|produce;500|g|lamb leg|meat and fish;2|clove|garlic|produce;0.5|tsp|cumin|dry goods;0.5|tsp|ginger|produce;0.25|tsp|saffron|dry goods;1|tsp|cinnamon|dry goods;1||honey|dry goods;100|g|apricot|dry goods;1||vegetable stock cube|dry goods;1||butternut squash|dairy;1||couscous|dry goods;1||parsley|produce,"Heat the olive oil in a heavy-based pan and add the onion and carrot. Cook for 3- 4 mins until softened.||Add the diced lamb and brown all over. Stir in the garlic and all the spices and cook for a few mins more or until the aromas are released.||Add the honey and apricots, crumble in the stock cube and pour over roughly 500ml boiling water or enough to cover the meat. Give it a good stir and bring to the boil. Turn down to a simmer, put the lid on and cook for 1 hour.||Remove the lid and cook for a further 30 mins, then stir in the squash. Cook for 20 – 30 mins more until the squash is soft and the lamb is tender. Serve alongside rice or couscous and sprinkle with parsley and pine nuts, if using."
lamb-tzatziki-burgers,Lamb Tzatziki Burgers,https://www.themealdb.com/images/media/meals/k420tj1585565244.jpg,https://www.bbcgoodfood.com/recipes/lamb-burgers-tzatziki,Greek,Lamb,45,680,40,yes,high-protein,4,25|g|bulgur wheat|dry goods;500|g|lamb mince|meat and fish;1|tsp|cumin|dry goods;1|tsp|coriander|produce;1|tsp|paprika|dry goods;1|clove|garlic|produce;1||olive oil|dry goods;4||bun|dry goods;1||cucumber|produce;200|g|greek yogurt|dairy;2|tbsp|mint|produce,"Tip the bulghar into a pan, cover with water and boil for 10 mins. Drain really well in a sieve, pressing out any excess water.||To make the tzatziki, squeeze and discard the juice from the cucumber, then mix into the yogurt with the chopped mint and a little salt.||Work the bulghar into the lamb with the spices, garlic (if using) and seasoning, then shape into 4 burgers. Brush with a little oil and fry or barbecue for about 5 mins each side until cooked all the way through. Serve in the buns (toasted if you like) with the tzatziki, tomatoes, onion and a few mint leaves."
lamb-and-lemon-souvlaki,Lamb and Lemon Souvlaki,https://www.themealdb.com/images/media/meals/rjhf741585564676.jpg,https://www.bbcgoodfood.com/recipes/lamb-lemon-dill-souvlaki,Greek,Lamb,40,680,40,yes,high-protein,4,2|clove|garlic|produce;2|tsp|sea salt|dry goods;4|tbsp|olive oil|dry goods;1||lemon|produce;1|tbsp|dill|produce;750|g|lamb leg|meat and fish;1||pita bread|dry goods,"Pound the garlic with sea salt in a pestle and mortar (or use a small food processor), until the garlic forms a paste. Whisk together the oil, lemon juice, zest, dill and garlic. Mix in the lamb and combine well. Cover and marinate for at least 2 hrs or overnight in the fridge. If you’re going to use bamboo skewers, soak them in cold water.||If you’ve prepared the lamb the previous day, take it out of the fridge 30 mins before cooking. Thread the meat onto the soaked or metal skewers. Heat the grill to high or have a hot griddle pan or barbecue ready. Cook the skewers for 2-3 mins on each side, basting with the remaining marinade. Heat the pitta or flatbreads briefly, then stuff with the souvlaki. Add Greek salad (see 'Goes well with', right) and Tzatziki (below), if you like."
lamb-and-potato-pie,Lamb and Potato pie,https://www.themealdb.com/images/media/meals/sxrpws1511555907.jpg,https://www.bbc.co.uk/food/recipes/lambandpotatopie_83913,British,Lamb,70,680,40,yes,high-protein,4,500|g|lamb shoulder|meat and fish;1||flour|dry goods;1|pinch|vegetable oil|dry goods;1||onion|produce;2||carrots|produce;350|ml|vegetable stock|dry goods;500|g|potatoes|produce;450|g|shortcrust pastry|dry goods;1||eggs|dairy,"Dust the meat with flour to lightly coat.||Heat enough vegetable oil in a large saucepan to fill the base, and fry the onion and meat until lightly browned. Season with salt and pepper.||Add the carrots, stock and more seasoning to taste.||Bring to the boil, cover and reduce the heat to a simmer. Simmer for at least an hour or until the meat is tender. Take your time cooking the meat, the longer you leave it to cook, the better the flavour will be.||Preheat the oven to 180C/350F/Gas 4.||Add the drained potato cubes to the lamb.||Turn the mixture into a pie dish or casserole and cover with the shortcrust pastry. Make three slits in the top of the pastry to release any steam while cooking.||Brush with beaten egg and bake for about 40 minutes, until the pastry is golden brown."
lancashire-hotpot,Lancashire hotpot,https://www.themealdb.com/images/media/meals/uttrxw1511637813.jpg,https://www.bbcgoodfood.com/recipes/9099/lancashire-hotpot,British,Lamb,45,680,40,yes,high-protein,4,100|g|butter|dairy;900|g|lamb|meat and fish;3||lamb kidney|meat and fish;2||onions|produce;4||carrots|produce;25|g|plain flour|dry goods;2|tsp|worcestershire sauce|dry goods;500|ml|chicken stock|meat and fish;2||bay leaves|dry goods;900|g|potatoes|produce,"Heat oven to 160C/fan 140C/gas 3. Heat some dripping or butter in a large shallow casserole dish, brown the lamb in batches, lift to a plate, then repeat with the kidneys.||Fry the onions and carrots in the pan with a little more dripping until golden. Sprinkle over the flour, allow to cook for a couple of mins, shake over the Worcestershire sauce, pour in the stock, then bring to the boil. Stir in the meat and bay leaves, then turn off the heat. Arrange the sliced potatoes on top of the meat, then drizzle with a little more dripping. Cover, then place in the oven for about 1½ hrs until the potatoes are cooked.||Remove the lid, brush the potatoes with a little more dripping, then turn the oven up to brown the potatoes, or finish under the grill for 5-8 mins until brown."
lao-naem-khao,Lao Naem Khao,https://www.themealdb.com/images/media/meals/0dypw51779817467.jpg,https://cookingwithlane.com/naem-khao-crispy-coconut-rice-salad/,,Pork,90,620,38,yes,high-protein,4,720|ml|jasmine rice|dry goods;1||coconut|dry goods;1||oil|dry goods;480|ml|sour pork sausage|meat and fish;2||pickled garlics|produce;1||lime|produce;2|tbsp|fish sauce|meat and fish;1|tbsp|sugar|dry goods;1||onion|produce;1||shallots|produce;3||spring onions|produce;240|ml|cilantro|dry goods;120|ml|hot mint|produce;120|ml|mint|produce;60|ml|roasted peanut|dry goods;1||vegetables|dry goods;1||lettuce|produce,"Slice the onion and shallots thinly. Let them soak in a ice water bath while preparing the rest of the meal.||Grate the coconut. Put in a large bowl.||Add the coconut in a large bowl. Add the rice. Using your hands, mix the coconut and rice together.||Roll the mixture to form 2-inch rice ball croquettes.||Heat up the cooking oil in a pot or pan.||Beat two eggs and a large bowl. Dip the balls into the egg mixture. Then, drop the balls into the cooking oil.||Allow the balls to turn a dark amber brown color. Deep fry until crispy, crunchy, and golden. Remove and set on paper towel to drain excess oil.||Once cooled, break apart the rice balls and add into a larger bowl.||Drain the onion and the shallots.||Make sure you tear the pork sausage up into small pieces. You can use a knife too, but the traditional method is tearing.||In the large bowl, add in the onion, shallots, sour pork sausage, pickled garlic, lime juice, fish sauce, sugar, cilantro, hot mint, regular mint.||Top with peanuts. Serve with Lettuce, dry chilli, and other fresh vegetables.||Preserving Naem Khao Recipe||Naem Khao can be kept in the refrigerator for 4 days. It can then be served chilled.||It should not be frozen.||Serving Naem Khao||Nam Khao is generally served with lettuce leaves and a variety of different herbs like hot mint, mint, basil, and perilla."
lasagna-sandwiches,Lasagna Sandwiches,https://www.themealdb.com/images/media/meals/xr0n4r1576788363.jpg,https://www.themealdb.com/meal/52987,United States,Pasta,35,600,25,yes,balanced,4,60|ml|sour cream|dairy;2|tbsp|chopped onion|produce;0.5|tbsp|dried oregano|dry goods;0.25|tsp|salt|dry goods;8|slice|bread|dry goods;8|slice|bacon|meat and fish;8|slice|tomato|produce;4|slice|mozzarella|dairy;2.5|tbsp|butter|dairy,"1. In a small bowl, combine the first four ingredients; spread on four slices of bread. Layer with bacon, tomato and cheese; top with remaining bread.||2. In a large skillet or griddle, melt 2 tablespoons butter. Toast sandwiches until lightly browned on both sides and cheese is melted, adding butter if necessary.||Nutrition Facts||1 sandwich: 445 calories, 24g fat (12g saturated fat), 66mg cholesterol, 1094mg sodium, 35g carbohydrate (3g sugars, 2g fiber), 21g protein."
lasagne,Lasagne,https://www.themealdb.com/images/media/meals/wtsvxx1511296896.jpg,https://www.bbcgoodfood.com/recipes/classic-lasagne,Italian,Pasta,40,600,25,yes,balanced,4,1||olive oil|dry goods;2||bacon|meat and fish;1||onion|produce;1|stick|celery|produce;1||carrots|produce;2|clove|garlic|produce;500|g|minced beef|meat and fish;1||tomato puree|produce;800|g|chopped tomatoes|produce;1||honey|dry goods;500|g|lasagne sheets|dry goods;400|ml|creme fraiche|dairy;125|g|mozzarella balls|dairy;50|g|parmesan cheese|dairy;1||basil leaves|produce,"Heat the oil in a large saucepan. Use kitchen scissors to snip the bacon into small pieces, or use a sharp knife to chop it on a chopping board. Add the bacon to the pan and cook for just a few mins until starting to turn golden. Add the onion, celery and carrot, and cook over a medium heat for 5 mins, stirring occasionally, until softened.||Add the garlic and cook for 1 min, then tip in the mince and cook, stirring and breaking it up with a wooden spoon, for about 6 mins until browned all over.||Stir in the tomato purée and cook for 1 min, mixing in well with the beef and vegetables. Tip in the chopped tomatoes. Fill each can half full with water to rinse out any tomatoes left in the can, and add to the pan. Add the honey and season to taste. Simmer for 20 mins.||Heat oven to 200C/180C fan/gas 6. To assemble the lasagne, ladle a little of the ragu sauce into the bottom of the roasting tin or casserole dish, spreading the sauce all over the base. Place 2 sheets of lasagne on top of the sauce overlapping to make it fit, then repeat with more sauce and another layer of pasta. Repeat with a further 2 layers of sauce and pasta, finishing with a layer of pasta.||Put the crème fraîche in a bowl and mix with 2 tbsp water to loosen it and make a smooth pourable sauce. Pour this over the top of the pasta, then top with the mozzarella. Sprinkle Parmesan over the top and bake for 25–30 mins until golden and bubbling. Serve scattered with basil, if you like."
leblebi-soup,Leblebi Soup,https://www.themealdb.com/images/media/meals/x2fw9e1560460636.jpg,http://allrecipes.co.uk/recipe/43419/leblebi--tunisian-chickpea-soup-.aspx,Tunisian,Vegetarian,40,450,18,no,light,4,2|tbsp|olive oil|dry goods;1||onion|produce;250|g|chickpeas|produce;1.5|l|vegetable stock|dry goods;1|tsp|cumin|dry goods;5|clove|garlic|produce;0.5|tsp|salt|dry goods;1|tsp|harissa spice|dry goods;1|pinch|pepper|produce;0.5||lime|produce,"Heat the oil in a large pot. Add the onion and cook until translucent.||Drain the soaked chickpeas and add them to the pot together with the vegetable stock. Bring to the boil, then reduce the heat and cover. Simmer for 30 minutes.||In the meantime toast the cumin in a small ungreased frying pan, then grind them in a mortar. Add the garlic and salt and pound to a fine paste.||Add the paste and the harissa to the soup and simmer until the chickpeas are tender, about 30 minutes.||Season to taste with salt, pepper and lemon juice and serve hot."
leg-of-lamb-armenian-style,Leg of Lamb Armenian-Style,https://www.themealdb.com/images/media/meals/vy6k391780090969.jpg,https://www.armenianmuseum.org/armenian-recipes/leg-of-lamb-armenian-style,,Lamb,45,680,40,yes,high-protein,4,1||lamb leg|meat and fish;1||garlic|produce;1||garlic|produce;360|ml|parsley|produce;240|ml|onion|produce;1|tbsp|black pepper|produce;240|ml|balsamic vinegar|dry goods;120|ml|olive oil|dry goods;60|ml|mint|produce;1||salt|dry goods,Place all of the above ingredients into your roaster pan at least two days before you want to eat.||Stir occasionally throughout the days to distribute marinade evenly. Bake at a 350-degree oven for 1 hour to 1 1/2 hours or until meat is not red when sliced.||You can also make these on skewers if you wish to go through the process of spearing the meat with other veggies to grill. Freezes well.
lemongrass-beef-stew-with-noodles,Lemongrass beef stew with noodles,https://www.themealdb.com/images/media/meals/ntafxw1763586291.jpg,https://www.bbcgoodfood.com/recipes/lemongrass-beef-stew-noodles,Thai,Beef,40,650,40,no,high-protein,4,1|tbsp|ginger|produce;2||garlic clove|produce;3||lemongrass stalks|produce;2||coriander leaves|produce;2||red chilli|produce;2||vegetable oil|dry goods;250|g|beef|meat and fish;2||soy sauce|dry goods;1|tsp|five spice powder|dry goods;1|tsp|brown sugar|dry goods;400|ml|beef stock|meat and fish;100|g|rice noodles|dry goods;1||lime|produce,"Put the ginger, garlic, lemongrass, coriander and 1 chilli in a food processor, then pulse until puréed. Heat the oil in a pan over a low heat. Add the purée and cook for 5 mins. Stir in the beef, soy, five-spice, sugar and stock. Put on a lid and bring to the boil, then lower heat and simmer for 1 hr 15 mins. Remove the lid and cook for a further 15 mins until the beef is tender.||Just before serving, prepare noodles following pack instructions. Drain well, then divide between 2 bowls and spoon over the beef stew. Serve sprinkled with the remaining chilli and coriander leaves, with lime wedges for squeezing over."
liegeoise-salad,Liegeoise Salad,https://www.themealdb.com/images/media/meals/ji3mho1782499823.jpg,https://junedarville.com/salade-liegeoise.html,,Vegetarian,40,450,18,no,light,4,350|g|potatoes|produce;200|g|green beans|dry goods;2||eggs|dairy;125|g|bacon|meat and fish;2|tbsp|onion|produce;3|tbsp|olive oil|dry goods;2|tbsp|white wine vinegar|dry goods;1|tsp|mustard|dry goods;2|tbsp|parsley|produce;1|pinch|pepper|produce;1|pinch|salt|dry goods,"Scrub the potatoes well but don't peel them. Cut them into bite-size pieces. Add them to a large pan water and a pinch of salt. Bring it to a good boil. Cook the potatoes until tender and then remove them using a slotted spoon. Keep the potatoes at room temperature.||Trim and clean the green beans. Add them to the pan of hot water you boiled the potatoes in. Cook the green beans until nearly tender (keep them crunchy). Strain and refresh them immediately under cold running tap water to stop the cooking process.||Add the bacon to a large non-stick pan and place it over medium heat. Cook the bacon for a couple of minutes until cooked through. Then take the pan off the heat and let the bacon cool down a little.||Combine the olive oil, vinegar and mustard. Transfer the cooked potatoes, green beans, bacon, chopped onion, parsley and vinaigrette. Season with pepper and salt.||Stir well. Check the seasoning and add extra vinegar, pepper or salt to taste. Transfer the salad to a large serving bowl or 2 deep plates and garnish with the boiled eggs. Serve lukewarm."
locro,Locro,https://www.themealdb.com/images/media/meals/5sgsob1763196284.jpg,https://www.munchery.com/blog/the-ten-iconic-dishes-of-argentina-and-how-to-cook-them-at-home/,Argentina,Miscellaneous,45,550,28,yes,balanced,4,500|g|dried white corn|produce;200|g|dried white beans|dry goods;300|g|pumpkin|produce;200|g|potatoes|produce;300|g|beef|meat and fish;200|g|pork|meat and fish;1||chorizo|meat and fish;1||onion|produce;1|tsp|paprika|dry goods;1||salt|dry goods;1||pepper|produce,"Soak: Soak corn and beans overnight in water.||Cook Meats: In a large pot, brown the beef and pork. Add onions and spices, cooking until translucent.||Simmer the Stew: Add soaked corn and beans, pumpkin, potato, and enough water to cover. Simmer for 2-3 hours, until thick.||Serve: Enjoy hot, with bread on the side.||Toasting the corn slightly before adding it to the stew enhances its flavor.||Add a spoonful of paprika or a dash of cumin for an extra layer of warmth and complexity"
ma-po-tofu,Ma Po Tofu,https://www.themealdb.com/images/media/meals/1525874812.jpg,https://www.chinasichuanfood.com/mapo-tofu-recipe/,Chinese,Beef,75,650,40,yes,high-protein,4,450|g|tofu|dry goods;100|g|minced beef|meat and fish;0.5|tbsp|sesame seed oil|dry goods;1.5|tsp|doubanjiang|dry goods;0.5|tsp|fermented black beans|dry goods;1|tbsp|pepper|produce;0.5|tsp|salt|dry goods;0.5|tsp|sichuan pepper|produce;1|tbsp|soy sauce|dry goods;400|ml|water|dry goods;2|tbsp|olive oil|dry goods;2||scallions|produce;4||spring onions|produce;2|clove|garlic|produce;4||ginger|produce;2.5|tbsp|water|dry goods;1|tbsp|cornstarch|produce,"Add a small pinch of salt and sesame oil to minced beef. Mix well and set aside.||Mix 1 tablespoon of cornstarch with 2 and ½ tablespoons of water in a small bowl to make water starch.||Cut tofu into square cubes (around 2cms). Bring a large amount of water to a boil and then add a pinch of salt. Slide the tofu in and cook for 1 minute. Move out and drain.||Get a wok and heat up around 2 tablespoons of oil, fry the minced meat until crispy. Transfer out beef out and leave the oil in.||Fry doubanjiang for 1 minute over slow fire and then add garlic, scallion white, ginger and fermented black beans to cook for 30 seconds until aroma. Then mix pepper flakes in.||Add water to the seasonings and bring to boil over high fire. Gently slide the tofu cubes. Add light soy sauce and beef.Slow the heat after boiling and then simmer for 6-8 minutes. Then add chopped garlic greens.||Stir the water starch and then pour half of the mixture to the simmering pot. Wait for around 30 seconds and then pour the other half. You can slightly taste the tofu and add pinch of salt if not salty enough. By the way, if you feel it is too spicy, add some sugar can milder the taste. But be carefully as the broth is very hot at this point.||Transfer out when almost all the seasonings stick to tofu cubes. Sprinkle Szechuan peppercorn powder (to taste)and chopped garlic greens if using.||Serve immediately with steamed rice."
massaman-beef-curry,Massaman Beef curry,https://www.themealdb.com/images/media/meals/tvttqv1504640475.jpg,https://www.bbcgoodfood.com/recipes/420631/beef-massaman-curry,Thai,Beef,45,650,40,no,high-protein,4,85|g|peanuts|dry goods;400|ml|coconut cream|dairy;4|tbsp|massaman curry paste|dry goods;600|g|beef|meat and fish;450|g|potatoes|produce;1||onion|produce;4||lime|produce;1||cinnamon stick|dry goods;1|tbsp|tamarind paste|dry goods;1|tbsp|brown sugar|dry goods;1|tbsp|fish sauce|meat and fish;1||chilli|produce;1||jasmine rice|dry goods,"Heat oven to 200C/180C fan/gas 6, then roast the peanuts on a baking tray for 5 mins until golden brown. When cool enough to handle, roughly chop. Reduce oven to 180C/160C fan/gas 4.||Heat 2 tbsp coconut cream in a large casserole dish with a lid. Add the curry paste and fry for 1 min, then stir in the beef and fry until well coated and sealed. Stir in the rest of the coconut with half a can of water, the potatoes, onion, lime leaves, cinnamon, tamarind, sugar, fish sauce and most of the peanuts. Bring to a simmer, then cover and cook for 2 hrs in the oven until the beef is tender.||Sprinkle with sliced chilli and the remaining peanuts, then serve straight from the dish with jasmine rice."
mastawa-lamb-and-rice,Mastawa Lamb and Rice,https://www.themealdb.com/images/media/meals/4kzx4d1779554755.jpg,https://www.afghanaid.org.uk/mastawa-recipe,,Lamb,65,680,40,yes,high-protein,4,700|g|lamb|meat and fish;3||onion|produce;1|tsp|turmeric|dry goods;1||orange|produce;150|g|rice|dry goods;500|g|natural yoghurt|dairy;4|clove|garlic clove|produce;1||vegetable oil|dry goods;1|tbsp|dried dill|produce;1|tbsp|black pepper|produce;1|tin|chickpeas|produce;1||salt|dry goods,"1. Place the meat cut into pieces, in a large pan with the onions. Add the turmeric and enough water to cover. Bring to the boil then cook gently until the meat is very tender and can easily be removed from the bones.||2. While the meat is cooking, cut the orange peel into thin match style pieces, removing as much pith as possible. Leave to soak in a bowl of water.||3. When the meat is tender, remove from the pan and when cool enough, remove the meat from the bones and shred the meat into strips with your hands. Return the meat to the pan.||4. Wash the short grain rice and then add to the pan with salt according to taste. The juices should cover the rice by about 2cm, add more water if necessary. Bring back to the boil, then reduce the heat to medium and cook with the lid off, stirring from time to time until the rice is ""al dente"" and the liquid is absorbed.||5. Add the natural yoghurt, and stir in well but carefully. Fry the crushed cloves of garlic in the oil and add to the dish along with the dill, black pepper, the chickpeas and extra salt to taste.||6. Mix in well, then cover the top of the pan with a clean thick cloth and the lid. Leave on a low heat for about half an hour to allow the flavours to absorb.||Enjoy with some warm nan bread for extra comfort."
matambre-a-la-pizza,Matambre a la Pizza,https://www.themealdb.com/images/media/meals/wf49qs1763075222.jpg,https://www.munchery.com/blog/the-ten-iconic-dishes-of-argentina-and-how-to-cook-them-at-home/,Argentina,Beef,60,650,40,no,high-protein,4,1|kg|beef flank steak|meat and fish;200|g|tomato sauce|produce;200|g|mozzarella|dairy;1|tbsp|oregano|dry goods;100|g|green olives|dry goods;1||salt|dry goods;1||pepper|produce,"Prepare the Steak: Season the steak with salt and pepper. Grill one side until half-cooked.||Add Toppings: Spread tomato sauce over the cooked side, then add cheese, oregano, and olives.||Finish Grilling: Grill until the cheese is melted and bubbly.||Serve: Slice and serve hot.||Tenderize the matambre by scoring it lightly on both sides. This helps it cook more evenly and absorb the flavors.||Precook the matambre on the grill before adding the toppings to ensure it's fully cooked without burning the cheese."
matar-paneer,Matar Paneer,https://www.themealdb.com/images/media/meals/xxpqsy1511452222.jpg,https://www.bbcgoodfood.com/recipes/matar-paneer,India,Vegetarian,25,450,18,no,light,4,1||sunflower oil|dry goods;225|g|paneer|dry goods;2||ginger|produce;1|tsp|cumin|dry goods;1|tsp|turmeric|dry goods;1|tsp|coriander|produce;1||green chilli|produce;4||tomato|produce;150|g|peas|produce;1|tsp|garam masala|dry goods;1|bunch|coriander|produce;1||naan bread|dry goods,"Heat the oil in a frying pan over high heat until it’s shimmering hot. Add the paneer, then turn the heat down a little. Fry until it starts to brown at the edges, then turn it over and brown on each side – the paneer will brown faster than you think, so don’t walk away. Remove the paneer from the pan and drain on kitchen paper.||Put the ginger, cumin, turmeric, ground coriander and chilli in the pan, and fry everything for 1 min. Add the tomatoes, mashing them with the back of a spoon and simmer everything for 5 mins until the sauce smells fragrant. Add a splash of water if it’s too thick. Season well. Add the peas and simmer for a further 2 mins, then stir in the paneer and sprinkle over the garam masala. Divide between two bowls, top with coriander leaves and serve with naan bread, roti or rice."
mcsinghs-scotch-pie,McSinghs Scotch pie,https://www.themealdb.com/images/media/meals/vssrtx1511557680.jpg,https://www.bbc.co.uk/food/recipes/mcsinghs_scotch_pie_98356,British,Lamb,80,680,40,no,high-protein,4,2|tsp|cumin|dry goods;1|tbsp|rapeseed oil|dry goods;2||red onions|produce;6||garlic clove|produce;3||green chilli|produce;1||red pepper|produce;1|tsp|nutmeg|dry goods;2|tsp|coriander|produce;1|kg|lamb mince|meat and fish;1|tsp|pepper|produce;3|tbsp|coriander|produce;340|g|plain flour|dry goods;0.5|tsp|salt|dry goods;90|ml|milk|dairy;150|g|lard|dry goods;1||egg yolks|dairy,"Heat a large frying pan and toast the cumin seeds for a few minutes, then set aside. Heat the oil in the same pan and fry the onion, garlic, chilli, pepper and a good pinch of salt for around eight minutes, until there is no moisture left. Remove from the heat, stir in the toasted cumin seeds, ground mace (or nutmeg) and ground coriander. Leave to cool.||In a large bowl mix together the minced lamb, white pepper, fresh coriander, and the cooled spiced onion mixture until combined. Set aside, covered, in the fridge.||Preheat the oven to 200C/400F/Gas 6 and generously grease a 20cm/8in diameter loose-bottomed or springform round cake tin with lard.||To make the pastry, sift the flour and salt in a large bowl and make a well in the centre.||Put the milk, lard and 90ml/3fl oz of water in a saucepan and heat gently. When the lard has melted, increase the heat and bring to the boil.||Pour the boiling liquid into the flour, and use a wooden spoon to combine until cool enough to handle. Bring together into a ball.||Dust a work surface with flour and, working quickly, knead the dough briefly – it will be soft and moist. Set aside a third of the pastry and roll the rest out on a well-floured surface. Line the pie dish with the pastry, pressing it right up the sides until it pokes just over the top of the tin.||Add the filling into the pastry-lined tin bit by bit. As you reach the top, form a slight peak. Roll out the reserved pastry and top the pie with it. Pinch the edges to seal and trim the excess. Poke a hole in the top of the pie and insert a small tube made from aluminium foil to allow steam to escape.||Brush the top of the pie with a little beaten egg yolk, and bake in the preheated oven for 30 minutes (put a tray on the shelf below to catch any drips). Then reduce the temperature to 160C/325F/Gas 3 and cook for a further 1¼ hours until golden-brown. Leave to cool completely before refrigerating for two hours, or overnight.||Run a knife around the edge of the pie, remove from the tin and serve with chutneys, salads or pickles."
meang-nem,Meang Nem,https://www.themealdb.com/images/media/meals/5rk8vc1779740302.jpg,https://www.chefnak.com/meang-nem,,Seafood,45,500,35,no,balanced,4,50|g|dried shrimp|meat and fish;40|g|rice|dry goods;100|g|coconut|dry goods;20|g|orange zest|produce;3||chilli|produce;50|g|peanuts|dry goods;100|g|pickled scallion heads|produce;30|ml|pickled scallion head brine|produce;25|g|galangal|dry goods;30|g|shallots|produce;20|ml|orange juice|produce;50|ml|lime juice|produce;50|ml|fish sauce|meat and fish;50|g|palm sugar|dry goods,"Rinse the rice, soak in water for about 10 minutes, then drain well. Heat a wok or large skillet over medium heat. Add the rice and stir constantly until evenly dark golden brown and very fragrant, about 5 minutes. Transfer to a bowl to cool. Grind finely using a spice grinder or mortar and pestle, then sift through a fine mesh strainer to remove any large pieces. Set aside.||Thinly slice the shallots lengthwise. Finely chop the galangal, pickled scallion heads, chili peppers, and bitter orange zest. Coarsely grind the roasted peanuts. Heat a frying pan over low heat, add shredded coconut, and toast, stirring, for 2–3 minutes. Set aside.||In a large bowl, combine lime juice, bitter orange juice, palm sugar, pickled scallion brine, and fish sauce. Stir until fully dissolved and well mixed.||In a mixing bowl, combine dried shrimp, toasted coconut, chopped aromatics, and dressing. Mix well. Add roasted rice powder and stir again. Top with coarsely ground roasted peanuts.||Place the salad on a large plate. Let each guest spoon a little onto their own small plate, wrap in leafy greens with vegetables, and enjoy in bite-size portions.||For a vegetarian version, omit the dried shrimp and fish sauce. Season to taste with soy sauce and a pinch of sea salt, keeping the sweet-sour balance."
mediterranean-pasta-salad,Mediterranean Pasta Salad,https://www.themealdb.com/images/media/meals/wvqpwt1468339226.jpg,https://thelemonsqueezy.com/recipe/mediterranean-pasta-salad/,Italian,Seafood,55,500,35,no,balanced,4,200|g|mozzarella balls|dairy;250|g|baby plum tomatoes|produce;1|bunch|fresh basil|produce;350|g|farfalle|dry goods;3|tbsp|extra virgin olive oil|dry goods;40|g|green olives|dry goods;200|g|tuna|meat and fish;1||salt|dry goods;1||pepper|produce,"Bring a large saucepan of salted water to the boil||Add the pasta, stir once and cook for about 10 minutes or as directed on the packet.||Meanwhile, wash the tomatoes and cut into quarters. Slice the olives. Wash the basil.||Put the tomatoes into a salad bowl and tear the basil leaves over them. Add a tablespoon of olive oil and mix.||When the pasta is ready, drain into a colander and run cold water over it to cool it quickly.||Toss the pasta into the salad bowl with the tomatoes and basil.||Add the sliced olives, drained mozzarella balls, and chunks of tuna. Mix well and let the salad rest for at least half an hour to allow the flavours to mingle.||Sprinkle the pasta with a generous grind of black pepper and drizzle with the remaining olive oil just before serving."
mee-goreng-mamak,Mee goreng mamak,https://www.themealdb.com/images/media/meals/xquakq1619787532.jpg,https://www.nyonyacooking.com/recipes/mee-goreng-mamak~BkTLRjTuX,Malaysian,Seafood,50,500,35,no,balanced,4,50|g|peanuts|dry goods;15|g|chilli|produce;10|g|prawns|meat and fish;5|tbsp|oil|dry goods;750|ml|water|dry goods;0.5|tbsp|tamarind paste|dry goods;250|g|potatoes|produce;2||red onions|produce;4||garlic clove|produce;30|g|cabbage|produce;30|g|chinese broccoli|produce;1||tofu|dry goods;1|tbsp|soy sauce|dry goods;4||noodles|dry goods;1||egg|dairy,"Heat oil in a pan at medium heat. Then, add peanuts, dried chilies, dried shrimps and dhal. Fry the aromatics until fragrant. Remove from pan and leave aside.||Blend fried ingredients with tamarind paste and water until fine. Then, sauté the blended ingredients in oil heated over low heat. Continue cooking until the oil separates from the paste and turns a darker shade.||Skin and cut potatoes into small chunks and boil them in a pot of water until knife-tender. Once ready, remove them from the pot and leave aside. Discard water.||Slice onion and fried tofu, mince garlic, cut some cabbage and Chinese flowering cabbage (choi sam). Prepare prawn fritters and cut them. Boil noodles to soften them if bought dried. Also mix black soy sauce with water.||To fry one portion of mee goreng mamak, heat oil and add 1/4 of the following ingredients in this order: garlic, onion, paste. Sauté until fragrant. Optionally, add prawns.||Add in 1/4 amount of tofu, boiled potatoes, cabbage, Chinese flowering cabbage and prawn fritters. Sauté for another 30 seconds.||Add noodles to the wok. Add 3 tablespoons of dark soy sauce mixture. Mix evenly for the next 1 minute. Then, move the noodles to the side of the wok. Stir in an egg. Garnish with a slice of lime and slices of green chilies. To cook another plate of noodles, repeat from step 5 onwards."
migas,Migas,https://www.themealdb.com/images/media/meals/xd9aj21740432378.jpg,https://www.ibericafood.com/Recipes/post/migas-with-pork,Spanish,Miscellaneous,35,550,28,yes,balanced,4,1||bread|dry goods;1.5|l|olive oil|dry goods;1||garlic|produce;1||pork|meat and fish,"Crumble the bread into small pieces. Sprinkle with cold water, cover with a damp cloth and leave for 30 minutes.||Heat 2 tsp of olive oil in a deep pan. Add the garlic cloves separated, skins on; just make a small cut with a knife to open them and keep frying for 5 minutes. Set the garlic aside.||In the same oil, where we fried everything, simmer the bread, stirring constantly for 15 minutes and add a grinding of black pepper.||Add the garlic, continue stirring for about 20 minutes. It will be ready when the bread is soft and golden."
milanesa,Milanesa,https://www.themealdb.com/images/media/meals/wdfa171763065079.jpg,https://www.munchery.com/blog/the-ten-iconic-dishes-of-argentina-and-how-to-cook-them-at-home/,Argentina,Beef,60,650,40,no,high-protein,4,4||beef cutlet|meat and fish;2||egg|dairy;200|g|breadcrumbs|dry goods;2|tbsp|parsley|produce;2|clove|garlic|produce;1||salt|dry goods;1||pepper|produce,"Season the Cutlets: Salt and pepper the cutlets.||Bread the Cutlets: Dip each cutlet in egg, then coat with a mixture of breadcrumbs, parsley, and garlic.||Fry: Heat oil in a large pan over medium heat. Fry the cutlets until golden and cooked through, about 3-4 minutes per side.||Serve: Serve hot with lemon wedges or a side salad.||For an extra crispy crust, use panko breadcrumbs mixed with finely grated Parmesan cheese.||Gently pound the cutlets to an even thickness for uniform cooking."
minced-beef-pie,Minced Beef Pie,https://www.themealdb.com/images/media/meals/xwutvy1511555540.jpg,https://www.bbc.co.uk/food/recipes/mincedbeefpie_89198,British,Beef,65,650,40,yes,high-protein,4,2|tbsp|vegetable oil|dry goods;500|g|minced beef|meat and fish;1||onion|produce;1||tomato puree|produce;1|tbsp|plain flour|dry goods;75|g|mushrooms|produce;250|ml|beef stock|meat and fish;1|pinch|worcestershire sauce|dry goods;400|g|shortcrust pastry|dry goods;1||egg yolks|dairy,"Preheat the oven to 200C/400F/Gas 6.||Heat the oil in a deep frying pan and fry the beef mince for 4-5 minutes, breaking it up with a wooden spoon as it browns.||Add the onion and cook for 2-3 minutes, then stir in the tomato purée and cook for 2-3 more minutes. Stir in the flour and cook for a further minute, then add the chopped mushrooms, the stout or beef stock and a couple of dashes of Worcestershire sauce. Bring to the boil, then reduce the heat, cover the pan with a lid and leave to simmer for 20 minutes. Set aside and leave to cool, then turn the meat mixture into a one litre pie dish.||Roll out the pastry on a floured work surface until it is slightly larger than the pie dish. Gently drape the pastry over the dish, pressing firmly onto the edges. Trim, then shape the edges into a fluted shape.||Cut some leaf shapes out of the pastry trimmings and decorate the top of the pie, sticking them to the pastry with the beaten egg yolk.||Make three or four slits in the pastry to allow the steam to escape, then brush the pie with the rest of the beaten egg yolk and bake in the oven for 20-25 minutes, or until golden-brown.||To serve, slice into wedges."
mini-chilli-beef-pies,Mini chilli beef pies,https://www.themealdb.com/images/media/meals/6sarfo1762340107.jpg,https://www.bbcgoodfood.com/recipes/mini-chilli-beef-pies,Australian,Beef,45,650,40,no,high-protein,4,450|g|ready rolled shortcrust pastry|dry goods;1|tbsp|sunflower oil|dry goods;1||onion|produce;2|tsp|hot chilli powder|produce;2|tsp|ground cumin|dry goods;250|g|minced beef|meat and fish;85|g|tomato puree|produce;150|ml|beef stock|meat and fish;1|pinch|ground cinnamon|dry goods;200|g|kidney beans|dry goods;1||potatoes|produce;3|tbsp|sour cream|dairy;2|tbsp|chopped chive|produce,"To make chilli, heat oil in a pan and fry onion for 5 mins until soft. Add spices; fry for 1 min. Stir in beef and cook for a few mins. Add tomato purée, stock and cinnamon. Give it a stir, bring to the boil, then simmer for 15-20 mins until very little liquid is left. Add beans 5 mins before the end of cooking. Check seasoning and cool.||Heat oven to 200C/fan 180C/gas 6. Using a 7cm pastry cutter, stamp out 12 circles from the pastry. Use to line a 12-hole mini muffin tray, prick the base of the pastry with a fork, and bake for 10 mins. Remove from oven and cool on a wire tray. Repeat with remaining pastry.||Meanwhile, cook the potato in boiling water until tender. Drain, mash with soured cream and seasoning, then stir through chives. Spoon 1-2 tsp of chilli mix into the pastry cases and top with a tsp of mash. Ruffle mash with a fork; return to the oven for 15 mins or until golden."
molasses-baked-beans,Molasses Baked Beans,https://www.themealdb.com/images/media/meals/9tddhg1764443699.jpg,https://canadianfoodfocus.org/recipes/classic-canadian-dishes-molasses-baked-beans/,Canadian,Vegetarian,45,450,18,yes,light,4,480|ml|dried white navy beans|dry goods;227|g|bacon|meat and fish;1||onion|produce;120|ml|molasses|dry goods;60|ml|brown sugar|dry goods;2|tbsp|cider vinegar|dry goods;1||mustard|dry goods;1||salt|dry goods;1||pepper|produce,"Place the dried beans into a Dutch oven with 6 cups (1.5 L) of water. Soak overnight.||Drain and pour beans back into the pot with enough water to cover the beans by a couple of inches, cook for 30 minutes until they are tender but still firm. Drain beans, making sure to reserve cooking liquid, set aside.||Preheat the oven to 325 °F (160 °C). While the oven is preheating, cook pork over medium-high heat in the Dutch Oven until fat is rendered and pork is beginning to brown, then add the onion cooking until tender.||Add the beans back to the pot, along with molasses, brown sugar, apple cider vinegar, ground mustard, salt and pepper and 3 cups (750 mL) of reserved bean water.||Bake uncovered for 3 to 5 hours until the beans are tender, and the sauce has thickened, and the edges of the pot get sticky.||(Note: if beans get dry, add another cup of water.)"
montreal-smoked-meat,Montreal Smoked Meat,https://www.themealdb.com/images/media/meals/uttupv1511815050.jpg,http://www.meatwave.com/blog/montreal-smoked-meat-recipe,Canadian,Beef,60,650,40,yes,high-protein,4,1||beef brisket|meat and fish;3|tbsp|salt|dry goods;3|tbsp|black pepper|produce;1|tbsp|coriander|produce;1|tbsp|sugar|dry goods;1|tsp|bay leaf|dry goods;1|tsp|cloves|dry goods;3|tbsp|black pepper|produce;1|tbsp|coriander|produce;1|tbsp|paprika|dry goods;1|tbsp|garlic|produce;1|tbsp|onion|produce;1|tbsp|dill|produce;1|tsp|english mustard|dry goods;1|tbsp|celery salt|produce;1|tsp|red pepper flakes|produce,"To make the cure, in a small bowl mix together salt, pink salt, black pepper, coriander, sugar, bay leaf, and cloves. Coat entire brisket with the cure and place in an extra-large resealable plastic bag. Place in the coldest part of the refrigerator and cure for 4 days, flipping brisket twice a day.||Remove brisket from bag and wash as much cure off as possible under cold running water. Place brisket in a large container and fill with water and let soak for 2 hours, replacing water every 30 minutes. Remove from water and pat dry with paper towels.||To make the rub, mix together black pepper, coriander, paprika, garlic powder, onion powder, dill weed, mustard, celery seed, and crushed red papper in a small bowl. Coat entire brisket with the rub.||Fire up smoker or grill to 225 degrees, adding chunks of smoking wood chunks when at temperature. When wood is ignited and producing smoke, place brisket in, fat side up, and smoke until an instant read thermometer registers 165 degrees when inserted into thickest part of the brisket, about 6 hours.||Transfer brisket to large roasting pan with V-rack. Place roasting pan over two burners on stovetop and fill with 1-inch of water. Bring water to a boil over high heat, reduce heat to medium, cover roasting pan with aluminum foil, and steam brisket until an instant read thermometer registers 180 degrees when inserted into thickest part of the meat, 1 to 2 hours, adding more hot water as needed.||Transfer brisket to cutting board and let cool slightly. Slice and serve, preferably on rye with mustard."
moussaka,Moussaka,https://www.themealdb.com/images/media/meals/ctg8jd1585563097.jpg,https://www.bbcgoodfood.com/recipes/must-make-moussaka,Greek,Beef,40,650,40,yes,high-protein,4,500|g|beef|meat and fish;1||aubergine|produce;150|g|greek yogurt|dairy;1||egg|dairy;3|tbsp|parmesan|dairy;400|g|tomato|produce;4|tbsp|tomato puree|produce;350|g|potatoes|produce,"Heat the grill to high. Brown the beef in a deep ovenproof frying pan over a high heat for 5 mins. Meanwhile, prick the aubergine with a fork, then microwave on High for 3-5 mins until soft. Mix the yogurt, egg and parmesan together, then add a little seasoning.||Stir the tomatoes, purée and potatoes in with the beef with some seasoning and heat through. Smooth the surface of the beef mixture with the back of a spoon, then slice the cooked aubergine and arrange on top. Pour the yogurt mixture over the aubergines, smooth out evenly, then grill until the topping has set and turned golden."
mulukhiyah,Mulukhiyah,https://www.themealdb.com/images/media/meals/x372ug1598733932.jpg,https://chefindisguise.com/2017/05/15/mulukhiyah-a-stew-fit-for-royals/,Egyptian,Beef,80,650,40,yes,high-protein,4,800|g|mulukhiyah|dry goods;1||onion|produce;300|g|beef|meat and fish;1|tsp|salt|dry goods;1|l|water|dry goods;1||garlic clove|produce;120|ml|olive oil|dry goods,"Saute the onions in the 3-4 tablespoons olive oil||Add the beef cubes or the chicken cutlets, sear for 3-4 min on each side||Add 1 liter of water or just enough to cover the meat||Cook over medium heat until the meat is done (I usually do this in the pressure cooker and press them for 5 min)||Add the frozen mulukhyia and stir until it thaws completely and then comes to a boil||In another pan add the 1/4 to 1/2 cup of olive oil and the cloves of garlic and cook over medium low heat until you can smell the garlic (don’t brown it, it will become bitter)||Add the oil and garlic to the mulukhyia and lower the heat and simmer for 5-10 minutes||Add salt to taste||Serve with a generous amount of lemon juice.||You can serve it with some short grain rice or some pita bread"
mushroom-chestnut-rotolo,Mushroom & Chestnut Rotolo,https://www.themealdb.com/images/media/meals/ssyqwr1511451678.jpg,https://www.bbcgoodfood.com/recipes/mushroom-chestnut-rotolo,British,Vegetarian,45,450,18,no,light,4,30|g|mushrooms|produce;240|g|chestnuts|dry goods;3||challots|dry goods;3|clove|garlic|produce;3|sprig|rosemary|produce;500|g|wild mushrooms|produce;2||soy sauce|dry goods;125|ml|white wine|dry goods;350|g|lasagne sheets|dry goods;4|tbsp|breadcrumbs|dry goods;0.5|handful|sage|produce;1||truffle oil|dry goods,"Soak the dried mushrooms in 350ml boiling water and set aside until needed. Blitz ¾ of the chestnuts with 150ml water until creamy. Roughly chop the remaining chestnuts.||Heat 2 tbsp olive oil in a large non-stick frying pan. Fry the shallots with a pinch of salt until softened, then add the garlic, chopped chestnuts and rosemary, and fry for 2 mins more. Add the wild mushrooms, 2 tbsp oil and some seasoning. Cook for 3 mins until they begin to soften. Drain and roughly chop the dried mushrooms (reserve the soaking liquid), then add those too, along with the soy sauce, and fry for 2 mins more.||Whisk the wine, reserved mushroom liquid and chestnut cream together to create a sauce. Season, then add half to the mushroom mixture in the pan and cook for 1 min until the sauce becomes glossy. Remove and discard the rosemary sprigs, then set the mixture aside.||Heat oven to 180C/160C fan/gas 4. Bring a large pan of salted water to the boil and get a large bowl of ice water ready. Drop the lasagne sheets into the boiling water for 2 mins or until pliable and a little cooked, then immediately plunge them into the cold water. Using your fingers, carefully separate the sheets and transfer to a clean tea towel. Spread a good spoonful of the sauce on the bottom two thirds of each sheet, then, rolling away from yourself, roll up the shorter ends. Cut each roll in half, then position the rolls of pasta cut-side up in a pie dish that you are happy to serve from at the table. If you have any mushroom sauce remaining after you’ve rolled up all the sheets, simply push it into some of the exposed rolls of pasta.||Pour the rest of the sauce over the top of the pasta, then bake for 10 mins or until the pasta no longer has any resistance when tested with a skewer.||Meanwhile, put the breadcrumbs, the last 2 tbsp olive oil, sage leaves and some seasoning in a bowl, and toss everything together. Scatter the rotolo with the crumbs and sage, then bake for another 10 mins, until the top is golden and the sage leaves are crispy. Leave to cool for 10 mins to allow the pasta to absorb the sauce, then drizzle with a little truffle oil, if you like, before taking your dish to the table."
mutabbaq,Mutabbaq,https://www.themealdb.com/images/media/meals/i5o2b61763739053.jpg,https://cookpad.com/eng/recipes/14701273?ref=search&search_term=saudi+arabia,Saudi Arabian,Miscellaneous,35,550,28,yes,balanced,4,500|g|mincemeat|meat and fish;1.5|tbsp|garlic|produce;1.5|tbsp|ginger|produce;1||egg|dairy;1||tomato|produce;4||spring onions|produce;12||filo pastry|freezer;360|ml|melted butter|dairy;1|tsp|salt|dry goods;1|tsp|paprika|dry goods;1|tsp|cumin|dry goods;1|tsp|allspice|dry goods;1|tsp|turmeric|dry goods;1|tsp|black pepper|produce;1|tsp|sugar|dry goods,"Heat the frying pan and add in some oil. Fry the mashed garlic and ginger first and then add in the minced meat and all seasoning. When the meat is cooked, set aside to cool down.||Get another big bowl. Add in egg, chopped tomato, chopped spring onion and minced meat.||Get one 2 sheets of filo pastry or 1 sheet spring roll wrap. Brush it with some butter and then put some filling in the middle. Fold the pastry and brush more butter on the seal part.||Heat a frying pan and add in some oil to cook the parcel until its both sides and 4 edges all turn into golden brown. (Or brush melted butter all over the parcel and bake it in 180°C oven for 10-15 minutes)"
napa-cabbage-with-dried-shrimp,Napa Cabbage with Dried Shrimp,https://www.themealdb.com/images/media/meals/9nh4dl1766435484.jpg,https://www.simplyrecipes.com/napa-cabbage-dried-shrimp-recipe-5208805,Chinese,Seafood,90,500,35,yes,balanced,4,2|tbsp|dried shrimp|meat and fish;180|ml|boiling water|dry goods;1||napa cabbage|produce;2|tbsp|peanut oil|dry goods;4||scallions|produce;1|tbsp|ginger|produce;1|tbsp|soy sauce|dry goods;1|tbsp|water|dry goods;2|tsp|cornstarch|produce;1|tsp|kosher salt|dry goods;0.5|tsp|pepper|produce,"Dried shrimp gives this Chinese dish a punch of salty umami flavor. You can find it at an Asian grocery store in the frozen or refrigerated section. Look for small-sized dried shrimp, about a 1/4-inch in size. If you use medium or large dried shrimp, hydrate the shrimp with more water (1 cup for medium-sized shrimp, 1 1/4 cup for large) and for longer time (45 to 60 minutes), then chop it up into smaller 1/4-inch chunks. To make this recipe vegetarian, omit the dried shrimp and use four or five dried shiitake mushrooms, rehydrated, and sliced thin.||Rehydrate the dried shrimp:||Place the dried shrimp in a small bowl and pour the boiling water over it. Cover with a small plate and let sit for 30 minutes so the shrimp can rehydrate. The shrimp will be lighter in color and plump up slightly.||Prep the cabbage:||Meanwhile, split the napa cabbage in half lengthwise. Rinse the cabbage and shake it dry. Cut out the core of the cabbage and discard.||Set out two large bowls. Cut the remaining cabbage into 1-inch pieces, putting the thicker white pieces at the bottom of the cabbage into one bowl and the top thinner leafy green pieces into the other bowl.||Drain the shrimp:||Once the shrimp has rehydrated, drain it and discard the liquid.||Cook the shrimp and cabbage:||In a large wok or skillet over high heat add the peanut oil, swirling it around to coat the pan.||Heat until the oil looks shimmering hot, then carefully add the scallions, ginger, and rehydrated shrimp, paying specially attention as the wet ingredients may cause the hot oil to splatter. Toss with a spatula until the scallions are bright green and the entire mixture is fragrant, about 1 minute.||Add the thicker white part of the napa cabbage to the pan and lower the heat to medium high. Continue to cook and stir for 3 to 4 minutes, or until the edges of the cabbage pieces start to look slightly translucent but the center of the cabbage pieces are still opaque white.||Reduce the heat to medium low and add the leafy green pieces of cabbage into the pan. Cook until the leaves are wilted, about 2 minutes.||Make a cornstarch slurry:||In a small bowl, combine the soy sauce, cold water, and cornstarch, stirring to make a slurry. Then pour over the cabbage and continue to cook and stir until a sauce has thickened slightly to the consistency of whole milk.||Season the stir fry:||Season the stir fry with salt and pepper, then taste and add more salt and pepper if you wish. The cabbage will be translucent and silky looking, with specks of dried shrimp all over."
nasi-lemak,Nasi lemak,https://www.themealdb.com/images/media/meals/wai9bw1619788844.jpg,https://www.allrecipes.com/recipe/78938/malaysian-nasi-lemak/,Malaysian,Seafood,40,500,35,no,balanced,4,480|ml|coconut milk|dairy;480|ml|water|dry goods;0.25|tsp|ginger paste|produce;1||ginger|produce;1||bay leaf|dry goods;480|ml|rice|dry goods;4||eggs|dairy;1||cucumber|produce;240|ml|peanuts|dry goods;113|g|anchovy fillet|meat and fish;2|tbsp|vegetable oil|dry goods;1||onion|produce;3|clove|garlic|produce;3||shallots|produce;2|tsp|chilli powder|produce;113|g|anchovy fillet|meat and fish;3|tbsp|sugar|dry goods;80|ml|tamarind paste|dry goods,"In a medium saucepan over medium heat, stir together coconut milk, water, ground ginger, ginger root, salt, bay leaf, and rice. Cover, and bring to a boil. Reduce heat, and simmer for 20 to 30 minutes, or until done.||Place eggs in a saucepan, and cover with cold water. Bring water to a boil, and immediately remove from heat. Cover, and let eggs stand in hot water for 10 to 12 minutes. Remove eggs from hot water, cool, peel and slice in half. Slice cucumber.||Meanwhile, in a large skillet or wok, heat 1 cup vegetable oil over medium-high heat. Stir in peanuts and cook briefly, until lightly browned. Remove peanuts with a slotted spoon and place on paper towels to soak up excess grease. Return skillet to stove. Stir in the contents of one package anchovies; cook briefly, turning, until crisp. Remove with a slotted spoon and place on paper towels. Discard oil. Wipe out skillet.||Heat 2 tablespoons oil in the skillet. Stir in the onion, garlic, and shallots; cook until fragrant, about 1 or 2 minutes. Mix in the chile paste, and cook for 10 minutes, stirring occasionally. If the chile paste is too dry, add a small amount of water. Stir in remaining anchovies; cook for 5 minutes. Stir in salt, sugar, and tamarind juice; simmer until sauce is thick, about 5 minutes.||Serve the onion and garlic sauce over the warm rice, and top with peanuts, fried anchovies, cucumbers, and eggs."
nom-banh-chok-cambodian-noodle-soup,Nom Banh Chok – Cambodian Noodle Soup,https://www.themealdb.com/images/media/meals/6g9gif1782688663.jpg,https://recipes-for-life.com/cambodian-recipes/,,Chicken,65,550,38,no,high-protein,4,1920|ml|water|dry goods;454|g|chicken thighs|meat and fish;4|clove|garlic|produce;2|tbsp|vegetable oil|dry goods;1|tbsp|fish sauce|meat and fish;1|tsp|salt|dry goods;1|tsp|sugar|dry goods;227|g|rice noodles|dry goods;480|ml|bean sprouts|produce;240|ml|mint|produce;1||lime|produce;1||red chilli|produce,"1. Heat the vegetable oil in a large pot over medium heat until it shimmers, about 2 minutes.||2. Add the minced garlic and sauté until fragrant and lightly golden, about 1 minute, stirring constantly to prevent burning.||3. Add the chicken pieces and cook until they turn opaque on all sides, about 5 minutes, stirring occasionally.||4. Pour in the 8 cups of water and bring to a boil over high heat, which should take about 8 minutes.||5. Reduce the heat to low, stir in the fish sauce, salt, and sugar, and simmer uncovered for 20 minutes to develop the flavors.||6. While the broth simmers, cook the rice noodles according to package instructions until al dente, then drain and rinse under cold water to stop the cooking.||7. Divide the cooked noodles evenly among four bowls.||8. Ladle the hot broth and chicken over the noodles in each bowl.||9. Top each bowl with bean sprouts, chopped mint leaves, and optional red chili slices.||10. Serve immediately with lime wedges on the side for squeezing over the soup."
nordic-sm-rrebr-d-with-asparagus-and-horseradish-cream,Nordic smørrebrød with asparagus and horseradish cream,https://www.themealdb.com/images/media/meals/8a8fu01762772651.jpg,https://www.bbc.co.uk/food/recipes/nordic_smorrebrod_69435,Norway,Vegetarian,50,450,18,no,light,4,150|ml|creme fraiche|dairy;2||horseradish|produce;1|tsp|lemon juice|produce;1|pinch|salt|dry goods;1|pinch|pepper|produce;1|pinch|vegetable oil|dry goods;2||shallots|produce;1|pinch|salt|dry goods;8||white asparagus|produce;8||asparagus|produce;4|slice|rye bread|dry goods;1||butter|dairy;100|g|västerbottensost cheese|dairy;1||dill|produce;1|pinch|salt|dry goods;1|pinch|black pepper|produce,"To make the horseradish cream, mix the crème fraîche, grated horseradish, lemon juice, salt and white pepper in a bowl. Refrigerate until serving.||To make the crispy shallots, heat some vegetable oil in a frying pan over a medium heat. Add the sliced shallots and fry until golden brown and crispy.||Remove with a slotted spoon and drain on a plate lined with kitchen paper. Season with a pinch of salt.||To make the open sandwich, bring a large saucepan of salted water to the boil, then blanch half of the asparagus (four white and four green) until tender-crisp, about 2–3 minutes.||Add ice to a bowl of cold water. Use a slotted spoon to remove the asparagus from the boiling water and immediately transfer to the iced water to stop cooking. Thinly slice the remaining asparagus lengthwise to serve raw.||Pre-heat the grill until hot. Spread the rye bread with butter and grill until golden and crisp.||To serve, place the grilled bread slices on serving plates. Arrange both the blanched and raw asparagus on the bread. Drizzle with horseradish cream, then sprinkle grated cheese over the top. Garnish with the crispy shallots and some fresh dill to finish."
num-pang-cambodian-baguette-sandwich,Num Pang – Cambodian Baguette Sandwich,https://www.themealdb.com/images/media/meals/o93jur1782769321.jpg,https://recipes-for-life.com/cambodian-recipes/,,Chicken,75,550,38,no,high-protein,4,4||baguette|dry goods;454|g|chicken thighs|meat and fish;60|ml|soy sauce|dry goods;2|tbsp|honey|dry goods;2|tbsp|vegetable oil|dry goods;120|ml|carrots|produce;120|ml|daikon radish|produce;60|ml|rice vinegar|dry goods;1|tbsp|sugar|dry goods;60|ml|mayonnaise|dry goods;1|tbsp|sriracha|dry goods;120|ml|cilantro leaves|dry goods;60|ml|cucumber|produce,"1. In a medium bowl, whisk together the soy sauce and honey to create a marinade.||2. Add the chicken thigh strips to the marinade, ensuring each piece is fully coated, and let it sit for 20 minutes at room temperature.||3. While the chicken marinates, combine the julienned carrots, daikon radish, rice vinegar, and granulated sugar in a separate bowl, stirring until the sugar dissolves to pickle the vegetables.||4. In a small bowl, mix the mayonnaise and sriracha sauce thoroughly to make a spicy aioli.||5. Heat the vegetable oil in a large skillet or wok over medium-high heat until it shimmers, about 2 minutes.||6. Add the marinated chicken strips to the hot skillet in a single layer, cooking for 4-5 minutes per side until they reach an internal temperature of 165°F and develop a golden-brown crust.||7. While the chicken cooks, lightly toast the split baguettes in a toaster oven or under a broiler for 2-3 minutes until just crisp on the edges.||8. Spread a generous layer of the spicy aioli on the inside of each toasted baguette.||9. Drain the pickled carrots and daikon radish from their liquid, then layer them onto the bottom half of each baguette.||10. Place the cooked chicken strips evenly over the pickled vegetables in each sandwich.||11. Top the chicken with fresh cilantro leaves and thinly sliced cucumber.||12. Close the sandwiches by pressing the top half of each baguette down gently."
nutty-chicken-curry,Nutty Chicken Curry,https://www.themealdb.com/images/media/meals/yxsurp1511304301.jpg,https://www.bbcgoodfood.com/recipes/11753/nutty-chicken-curry,India,Chicken,25,550,38,no,high-protein,4,1||red chilli|produce;0.5||ginger|produce;1||garlic|produce;1|bunch|coriander|produce;1|tbsp|sunflower oil|dry goods;4||chicken breasts|meat and fish;5||peanut butter|dairy;150|ml|chicken stock|meat and fish;200|g|greek yogurt|dairy,"Finely slice a quarter of the chilli, then put the rest in a food processor with the ginger, garlic, coriander stalks and one-third of the leaves. Whizz to a rough paste with a splash of water if needed.||Heat the oil in a frying pan, then quickly brown the chicken chunks for 1 min. Stir in the paste for another min, then add the peanut butter, stock and yogurt. When the sauce is gently bubbling, cook for 10 mins until the chicken is just cooked through and sauce thickened. Stir in most of the remaining coriander, then scatter the rest on top with the chilli, if using. Eat with rice or mashed sweet potato."
open-faced-sandwich-with-potato,Open-faced Sandwich With Potato,https://www.themealdb.com/images/media/meals/wooxjq1784663522.jpg,https://denmark.dk/people-and-culture/recipes/open-sandwich-with-potato/,,Pork,55,620,38,yes,high-protein,4,500|g|new potatoes|produce;4|slice|bacon|meat and fish;4|tbsp|mayonnaise|dry goods;1|handful|chives|produce;8|slice|rye bread|dry goods;2||red onions|produce;120|ml|all purpose flour|dry goods;300|ml|vegetable oil|dry goods;1|pinch|sea salt|dry goods,"Scrub the potatoes clean and place in a small saucepan with water and 1 tablespoon of salt. Bring to a boil and simmer the potatoes for about 10 minutes. Turn off the heat and let the potatoes stand in the water for 5 minutes. Drain the potatoes and allow to cool slightly. Remember that potatoes come in various sizes, so the cooking time may vary – if they do not easily glide off of a fork when speared and lifted out of the water, they are not done yet.||Fry bacon slices and transfer to a dish lined with paper towels.||Peel the red onion and slice in thin rings.||Transfer the flour to a bowl and toss the onions in the flour. Remove onions and shake off excess flour.||Heat the oil in a saucepan over medium heat. You can test whether the oil is hot enough by adding a small piece of onion to the saucepan. If the oil bubbles around the onion, the oil is ready.||Transfer as many onion rings to the saucepan as can fit in one layer. Do not add too many onion rings at once.||Fry the onions for a couple of minutes until they are golden brown. Transfer onions to a dish lined with paper towels and sprinkle with salt. Repeat the process until all onions are fried.||Butter a slice of dark rye bread and arrange round potato slices (or, if the potatoes are very small, halved potatoes) on top. Top your open potato sandwich with a good mayonnaise, crispy fried onions, fried bacon and sliced chives."
osso-buco-alla-milanese,Osso Buco alla Milanese,https://www.themealdb.com/images/media/meals/wwuqvt1487345467.jpg,https://www.cookstr.com/Meat/Osso-Buco-alla-Milanese,Italian,Miscellaneous,75,550,28,no,balanced,4,4||veal|meat and fish;120|ml|flour|dry goods;2|tbsp|olive oil|dry goods;3|tbsp|butter|dairy;1||onion|produce;1||carrots|produce;1||celery|produce;1||fennel|produce;3|clove|garlic|produce;2||orange zest|produce;1|tsp|marjoram|dry goods;1||bay leaf|dry goods;240|ml|dry white wine|dry goods;120|ml|chicken stock|meat and fish;240|ml|tomatoes|produce;2|tbsp|parsley|produce;1|tsp|garlic|produce;1|tsp|lemon zest|produce,"Heat the oven to 300 degrees.||Dredging the shanks: pour the flour into a shallow dish (a pie plate works nicely). Season the veal shanks on all sides with salt and pepper. One at a time, roll the shanks around in the flour coat, and shake and pat the shank to remove any excuses flour. Discard the remaining flour.||Browning the shanks: put the oil and 1 tablespoon of the butter in a wide Dutch oven or heavy braising pot (6 to 7 quart) and heat over medium-high heat. When the butter has melted and the oil is shimmering, lower the shanks into the pot, flat side down; if the shanks won’t fit without touching one another, do this in batches. Brown the shanks, turning once with tongs, until both flat sides are well caramelized, about 5 minutes per side. If the butter-oil mixture starts to burn, lower the heat just a bit. Transfer the shanks to a large platter or tray and set aside.||The aromatics: pour off and discard the fat from the pot. Wipe out any burnt bits with a damp paper towel, being careful not to remove any delicious little caramelized bits. Ad the remaining 2 tablespoons butter to the pot and melt it over medium heat. When the butter has stopped foaming, add the onion, carrot, celery, and fennel. Season with salt and pepper, stir, and cook the vegetables until they begin to soften but do not brown, about 6 minutes. Stir in the garlic, orange zest, marjoram, and bay leaf, and stew for another minute or two.||The braising liquid: add the wine, increase the heat to high, and bring to a boil. Boil, stirring occasionally, to reduce the wine by about half, 5 minutes. Add the stock and tomatoes, with their juice, and boil again to reduce the liquid to about 1 cup total, about 10 minutes.||The braise: Place the shanks in the pot so that they are sitting with the exposed bone facing up, and pour over any juices that accumulated as they sat. Cover with parchment paper, pressing down so the parchment nearly touches the veal and the edges hang over the sides of the pot by about an inch. Cover tightly with the lid, and slide into the lower part of the oven to braise at a gentle simmer. Check the pot after the first 15 minutes, and if the liquid is simmering too aggressively, lower the oven heat by 10 or 15 degrees. Continue braising, turning the shanks and spooning some pan juices over the top after the first 40 minutes, until the meat is completely tender and pulling away from the bone, about 2 hours.||The gremolata: While the shanks are braising, stir together the garlic, parsley, and lemon zest in a small bowl. Cover with plastic wrap and set aside in a cool place (or the refrigerator, if your kitchen is very warm.)||The finish: When the veal is fork-tender and falling away from the bone, remove the lid and sprinkle over half of the gremolata. Return the veal to the oven, uncovered, for another 15 minutes to caramelize it some.||Using a slotted spatula or spoon, carefully lift the shanks from the braising liquid, doing your best to keep them intact. The shanks will be very tender and threatening to fall into pieces, and the marrow will be wobbly inside the bones, so this can be a bit tricky. But if they do break apart, don’t worry, the flavor won’t suffer at all. Arrange the shanks on a serving platter or other large plate, without stacking, and cover with foil to keep warm.||Finishing the sauce: Set the braising pot on top of the stove and evaluate the sauce: if there is a visible layer of fat floating on the surface, use a large spoon to skim it off and discard it. Taste the sauce for concentration of flavor. If it tastes a bit weak or flat, bring it to a boil over high heat, and boil to reduce the volume and intensify the flavor for 5 to 10 minutes. Taste again for salt and pepper. If the sauce wants more zip, stir in a teaspoon or two of the remaining gremolata.||Portioning the veal shanks: if the shanks are reasonably sized, serve one per person. If the shanks are gargantuan or you’re dealing with modest appetites, pull apart the larger shanks, separating them at their natural seams, and serve smaller amounts. Be sure to give the marrow bones to whomever prizes them most.||Serving: Arrange the veal shanks on warm dinner plates accompanied by the risotto, if serving. Just before carrying the plates to the table, sprinkle on the remaining gremolata and then spoon over a generous amount of sauce – the contact with the hot liquid will aromatize the gremolata and perk up everyone’s appetite with the whiff of garlic and lemon."
oxtail-with-broad-beans,Oxtail with broad beans,https://www.themealdb.com/images/media/meals/1520083578.jpg,http://allrecipes.co.uk/recipe/5392/jamaican-oxtail-with-broad-beans.aspx,Jamaican,Beef,40,650,40,yes,high-protein,4,450|g|oxtail|dry goods;1||onion|produce;1||spring onions|produce;2|clove|garlic|produce;1|tsp|ginger|produce;1||scotch bonnet|dry goods;2|tbsp|soy sauce|dry goods;1||fresh thyme|produce;2|tbsp|vegetable oil|dry goods;350|ml|water|dry goods;200|g|broad beans|dry goods;1|tbsp|corn flour|produce;2|tbsp|water|dry goods,"Toss the oxtail with the onion, spring onion, garlic, ginger, chilli, soy sauce, thyme, salt and pepper. Heat the vegetable oil in a large frying pan over medium-high heat. Brown the oxtail in the pan until browned all over, about 10 minutes. Place into a pressure cooker, and pour in 375ml water. Cook at pressure for 25 minutes, then remove from heat, and remove the lid according to manufacturer's directions.||Add the broad beans and pimento berries, and bring to a simmer over medium-high heat. Dissolve the cornflour in 2 tablespoons water, and stir into the simmering oxtail. Cook and stir a few minutes until the sauce has thickened, and the broad beans are tender."
pad-see-ew,Pad See Ew,https://www.themealdb.com/images/media/meals/uuuspp1468263334.jpg,https://www.themealdb.com/meal/52774,Thai,Chicken,35,550,38,yes,high-protein,4,6|g|rice stick noodles|dry goods;2|tbsp|dark soy sauce|dry goods;2|tbsp|oyster sauce|dry goods;2|tsp|soy sauce|dry goods;2|tsp|white vinegar|dry goods;2|tsp|sugar|dry goods;2|tbsp|water|dry goods;2|tbsp|peanut oil|dry goods;2|clove|garlic|produce;240|ml|chicken|meat and fish;1||egg|dairy;960|ml|chinese broccoli|produce,"Mix Sauce in small bowl.||Mince garlic into wok with oil. Place over high heat, when hot, add chicken and Chinese broccoli stems, cook until chicken is light golden.||Push to the side of the wok, crack egg in and scramble. Don't worry if it sticks to the bottom of the wok - it will char and which adds authentic flavour.||Add noodles, Chinese broccoli leaves and sauce. Gently mix together until the noodles are stained dark and leaves are wilted. Serve immediately!"
pad-thai,Pad Thai,https://www.themealdb.com/images/media/meals/rg9ze01763479093.jpg,https://www.bbcgoodfood.com/recipes/easy-pad-thai,Thai,Seafood,35,500,35,no,balanced,4,125|g|rice noodles|dry goods;3||lime|produce;0.5|tsp|cayenne pepper|produce;2|tsp|muscovado sugar|dry goods;2|tbsp|fish sauce|meat and fish;2|tbsp|vegetable oil|dry goods;200|g|tiger prawns|meat and fish;4||spring onions|produce;140|g|bean sprouts|produce;25|g|peanuts|dry goods;1|handful|coriander|produce;2||lime|produce;1||sweet chilli sauce|produce,"Put the noodles in a large heatproof bowl, pour boiling water over them and leave for 4 minutes, then drain and refresh under cold running water.||Put the lime juice, cayenne, sugar and fish sauce in a bowl and mix well. Have all the other ingredients ready by the cooker.||Heat the oil and fry the prawns until warmed through. Add the spring onions and noodles and toss around. Tip in the lime juice mixture, then stir in the beansprouts and half the peanuts and coriander. Cook for 1 minute until everything is heated through.||Pile into a large dish, scatter with the rest of the peanuts and coriander, and serve with lime wedges and sweet chilli sauce."
paella,Paella,https://www.themealdb.com/images/media/meals/9bl20p1763248192.jpg,https://www.bbcgoodfood.com/recipes/next-level-paella,Spanish,Seafood,40,500,35,yes,balanced,4,3|tbsp|olive oil|dry goods;10||raw tiger prawns|meat and fish;1|bunch|parsley|produce;100|ml|dry sherry|dry goods;500|g|mussels|meat and fish;1|pinch|saffron|dry goods;150|g|chorizo|meat and fish;1||onion|produce;3|clove|garlic|produce;1||squid|meat and fish;2||tomato|produce;250|g|paella rice|dry goods;100|g|broad beans|dry goods;1||lemon zest|produce,"Heat 1 tbsp of the oil in a wide, shallow pan. Add the prawn heads and parsley stalks and sizzle until the heads turn pink, then mash with a potato masher. Pour over the sherry or wine and 300ml water, season with salt and simmer for 10 mins to make a stock, mashing the prawn heads as they cook.||Scatter the mussels into the pan, cover the pan loosely with a lid or tea towel, then put over a high heat for 3-4 mins until the mussels just open. Stir to release the mussel juices, then pour the contents of the pan into a colander set over a large bowl containing the saffron. Let the saffron steep in the stock – you will need 700ml in total, so top up with water if needed and give everything a good stir. Pick the mussels out from the colander, then set aside.||Wipe out the pan and add the rest of the olive oil. Sizzle the chorizo until it releases its oil, then add the onion and garlic and cook until softened. Add the squid and turn over until it turns white. Add the tomatoes and cook down for a minute, then pour over most of the stock, give everything a good stir and bring to the boil. Scatter the rice over the stock, stir well once, then boil vigorously for 5 mins. Reduce the heat to the lowest setting and slowly simmer for 10 mins without stirring until the rice has absorbed most of the liquid.||Tuck the prawn tails into the rice and simmer for 5 mins, turning them over until cooked through. Stir through the mussels and broad beans or peas. Taste the rice – if it is still a little raw but the pan is dry, add a splash more stock and continue to cook; if it’s too soupy, then increase the heat to cook off the last of the stock.||Once the rice is just cooked, turn off the heat and cover with a tea towel for a few minutes. Scatter over the parsley leaves and lemon zest, then season with smoked salt if you like. Stir everything once, then serve straight from the pan, with lemon wedges on the side."
pan-fried-hake-white-bean-chorizo-broth,"Pan-fried hake, white bean & chorizo broth",https://www.themealdb.com/images/media/meals/4yjart1763248459.jpg,https://www.bbcgoodfood.com/recipes/pan-fried-hake-white-bean-chorizo-broth,Spanish,Seafood,35,500,35,yes,balanced,4,450|g|dried white beans|dry goods;4|clove|garlic|produce;2||bay leaves|dry goods;1|tsp|thyme|produce;6|tbsp|olive oil|dry goods;100|g|bread|dry goods;100|g|chorizo|meat and fish;1||onion|produce;3|tsp|paprika|dry goods;1|l|chicken stock|meat and fish;1|handful|parsley|produce;6||hake|dry goods,"Drain the beans, then tip into a large pan with 2 litres of water. Simmer with the whole garlic cloves, bay leaves and thyme for 30 mins or until cooked and tender. Remove from the heat and set aside.||Meanwhile, heat 2 tbsp oil in a frying pan. Fry the bread with the remaining garlic clove. When golden and crisp, scoop out and drain on kitchen paper. Add the chorizo to the pan, fry until crisp, tip out and keep warm with the bread.||Add another 2 tbsp oil and the onion to the pan, and cook for 5 mins until softened. Stir in the paprika. Drain the beans and add to the onions with the chicken stock and 2 tsp salt. Cook for 5-10 mins. Stir through the parsley and keep warm.||Season the hake and heat the remaining 2 tbsp oil in the frying pan. Put the hake, skin-side down, in the pan and cook for 3-5 mins over a mediumhigh heat to crisp up the skin. Flip the fish over and cook for a further 3-5 mins until cooked through. Spoon the white bean mix into bowls, place the hake on top and finish with the fried bread, chorizo and a little more thyme."
papas-chorreadas-recipe-potatoes-with-cream-and-cheese-sauce,Papas Chorreadas Recipe (Potatoes with Cream and Cheese Sauce),https://www.themealdb.com/images/media/meals/v1n3cj1783805938.jpg,https://www.mycolombianrecipes.com/potatoes-with-cheese-sauce-papas/#recipe,,Miscellaneous,35,550,28,yes,balanced,4,8||red potatoes|produce;1||chicken stock cube|meat and fish;1||water|dry goods;1|tbsp|butter|dairy;1|tbsp|vegetable oil|dry goods;360|ml|tomato|produce;3||scallions|produce;0.25|tsp|garlic powder|produce;0.25|tsp|cumin|dry goods;0.25|tsp|salt|dry goods;1||pepper|produce;240|ml|whipping cream|dairy;1|tbsp|cilantro|dry goods;240|ml|mozzarella|dairy,"Place the potatoes and chicken bouillon in a medium saucepan. Cover with water and bring to a boil and cook about 30 minutes until tender. Drain and set a side.||While the potatoes are cooking, heat the oil and butter in a frying pan over medium heat. Add onion and tomatoes, stir and cook about 7 minutes. Add garlic powder, cumin, salt and pepper. Stir and cook 2 minutes more.||Add cream, cilantro and cheese. Mix well and turn down the heat and cook for 3 minutes or until cheese has melted.||In a serving dish place the potatoes and pour the sauce on top. Serve them hot."
pastel-de-choclo,Pastel de Choclo,https://www.themealdb.com/images/media/meals/47abic1782854326.jpg,https://www.allrecipes.com/recipe/268354/pastel-de-choclo/,,Chicken,50,550,38,no,high-protein,4,2||eggs|dairy;2||onions|produce;2|clove|garlic|produce;1|tsp|salt|dry goods;0.5|tsp|paprika|dry goods;1||black pepper|produce;454|g|ground beef|meat and fish;0.5||chicken|meat and fish;2|tbsp|raisins|dry goods;2|tbsp|green olives|dry goods;3|tin|sweetcorn|produce;2|tsp|basil|produce;1|tbsp|butter|dairy;240|ml|milk|dairy;2|tsp|sugar|dry goods;1||salt|dry goods,"Place eggs in a saucepan and cover with water. Bring to a boil, remove from heat, and let eggs stand in hot water for 15 minutes.||Meanwhile, heat oil in a skillet over medium heat. Add onions, garlic, 1 pinch salt, ¼ teaspoon paprika, and black pepper; cook until fragrant, about 2 minutes. Add beef, remaining 1 teaspoon salt, remaining ¼ teaspoon paprika, and black pepper; cook and stir until beef mostly browned, about 5 minutes. Add chicken, raisins, and olives.||Remove eggs from hot water, cool under cold running water, and peel. Roughly chop; add to beef mixture. Keep pino warm.||Combine corn and basil in a blender or the bowl of a food processor; blend until smooth. Pour into a saucepan over medium heat. Add butter; cook and stir until thickened, 7 to 10 minutes. Stir in milk, 2 teaspoons sugar, and salt; cook until thickened to a paste, about 15 minutes more.||Preheat the oven to 350 degrees F (175 degrees C).||Spread pino into a baking dish. Cover with corn paste; sprinkle a little sugar on top.||Bake in the preheated oven until golden brown on top, about 20 minutes."
pastel-de-papas-chilean-potato-pie,Pastel de Papas (Chilean Potato Pie),https://www.themealdb.com/images/media/meals/h031jy1782853081.jpg,https://www.allrecipes.com/recipe/210774/chilean-potato-pie-pastel-de-papas/,,Beef,65,650,40,no,high-protein,4,1200|ml|potatoes|produce;2|tbsp|butter|dairy;1||salt|dry goods;2||eggs|dairy;120|ml|vegetable oil|dry goods;1||onion|produce;1|clove|garlic|produce;2||tomato|produce;1|tbsp|tomato puree|produce;454|g|ground beef|meat and fish;2|tbsp|panquehue cheese|dairy;0.5|tsp|parsley|produce;1|pinch|cayenne pepper|produce;1||salt|dry goods;1||black pepper|produce,"Place potatoes into a large pot and cover with salted water; bring to a boil. Reduce the heat to medium-low and simmer until tender, about 20 minutes.||While the potatoes are cooking, heat oil in a large skillet over medium heat. Add onion; cook and stir until translucent, about 5 minutes, adding garlic for the last minute. Stir in diced tomatoes and tomato paste; cook until tomatoes soften and begin to lose their shape, 3 to 5 minutes.||Add ground beef to the skillet; cook and stir until browned and crumbly, about 10 minutes. Stir in Panquehue cheese, parsley, and cayenne pepper; season with salt and pepper. Turn off the heat and let sit until needed.||Preheat the oven to 350 degrees F (175 degrees C). Grease a 2-quart baking dish.||Drain potatoes in a colander, then allow to steam dry for 1 to 2 minutes. Transfer potatoes back to the pot, add butter and salt, and mash until smooth. Let cool until just warm, 5 to 10 minutes, then stir in beaten egg.||Spread 1/2 of the mashed potatoes over the bottom of the prepared baking dish. Layer ground beef mixture over top, then completely cover with remaining potatoes.||Bake in the preheated oven until potatoes are hot and lightly browned on top, about 40 minutes."
paszteciki-polish-pasties,Paszteciki (Polish Pasties),https://www.themealdb.com/images/media/meals/c9a3l31593261890.jpg,https://www.food.com/recipe/paszteciki-polish-pasties-117909,Polish,Beef,90,650,40,yes,high-protein,4,240|ml|flour|dry goods;0.25|tsp|salt|dry goods;1||egg|dairy;1||egg|dairy;5|tbsp|butter|dairy;6||butter|dairy;80|ml|onion|produce;120|ml|swede|dry goods;227|g|beef brisket|meat and fish;2||eggs|dairy;1|tsp|salt|dry goods;0.25|tsp|pepper|produce,"Sift flour and salt into a large mixing bowl.||Use a spoon to push the egg yolk through a fine sieve into the flour.||Add the raw egg and mix well.||Beat in butter 1 tablespoon at a time.||Place dough on a floured surface and knead until smooth and elastic, then wrap in waxed paper and refrigerate until firm (at least 30 minutes).||In a heavy skillet, melt 2 tablespoons butter over medium heat; saute the onion and rutabaga until the onion is soft and transparent (5 minutes).||Put the onions, rutabaga, and beef through a meat grinder twice if you have one, if not just chop them up as fine as possible.||Melt the remaining 4 tablespoons butter over medium heat, and add the meat mixture.||Cook over low heat, stirring occasionally, until all of the liquid has evaporated and the mixture is thick enough to hold its shape.||Remove from heat and let cool, then stir in 1 egg, and season with salt and pepper.||Preheat oven to 350°F.||On a lightly floured surface, roll the dough out into a 13x8"" rectangle (1/8"" thick).||Spoon the filling down the center of the rectangle lengthwise, leaving about an inch of space on each end.||Lightly brush the long sides with cold water, then fold one of the long sides over the filling and the other side over the top of that.||Brush the short ends with cold water and fold them over the top, enclosing the filling.||Place pastry seam side down on a baking sheet and brush the top evenly with the remaining scrambled egg.||Bake in preheated oven until rich golden brown (30 minutes).||Slice pastry diagonally into 1.5"" long pieces and serve as an appetizer or with soup."
patatas-bravas,Patatas bravas,https://www.themealdb.com/images/media/meals/bvg8sn1763298713.jpg,https://www.bbcgoodfood.com/recipes/patatas-bravas-0,Spanish,Vegetarian,25,450,18,no,light,4,3|tbsp|olive oil|dry goods;1||onion|produce;2|clove|garlic|produce;225|g|tinned tomatos|produce;1|tbsp|tomato puree|produce;2|tsp|paprika|dry goods;1|pinch|chilli powder|produce;1|pinch|sugar|dry goods;1||parsley|produce;900|g|potatoes|produce;2|tbsp|olive oil|dry goods,"Heat the oil in a pan and fry the onion for about 5 mins until softened. Add the garlic, chopped tomatoes, tomato purée, sweet paprika, chilli powder, sugar and a pinch of salt, then bring to the boil, stirring occasionally. Lower to a simmer and cook for 10 mins until pulpy. Can be kept chilled for up to 24 hrs.||Heat oven to 200C/180C fan/gas 6. Pat the potatoes dry with kitchen paper, then tip into a roasting tin and toss in the olive oil and some seasoning. Roast for 40-50 mins until crisp and golden. Tip the potatoes into serving dishes and spoon over the tomato sauce. Sprinkle with some fresh parsley to serve."
pate-chinois,Pate Chinois,https://www.themealdb.com/images/media/meals/yyrrxr1511816289.jpg,https://www.ricardocuisine.com/en/recipes/5541-pate-chinois-shepherd--s-pie-,Canadian,Beef,60,650,40,yes,high-protein,4,960|ml|potatoes|produce;60|ml|butter|dairy;120|ml|milk|dairy;450|g|minced beef|meat and fish;1||onion|produce;500|ml|creamed corn|dairy;1||paprika|dry goods;1||parsley|produce;1|pinch|salt|dry goods;1|pinch|pepper|produce,"In a large pot of salted water, cook the potatoes until they are very tender. Drain.||With a masher, coarsely crush the potatoes with at least 30 ml (2 tablespoons) of butter. With an electric mixer, purée with the milk. Season with salt and pepper. Set aside.||With the rack in the middle position, preheat the oven to 190 °C (375 °F).||In a large skillet, brown the onion in the remaining butter. Add the meat and cook until golden brown. Season with salt and pepper. Remove from the heat.||Lightly press the meat at the bottom of a 20-cm (8-inch) square baking dish. Cover with the corn and the mashed potatoes. Sprinkle with paprika and parsley.||Bake for about 30 minutes. Finish cooking under the broiler. Let cool for 10 minutes."
picadillo-de-vainicas-green-beans-picadillo,Picadillo de Vainicas (Green Beans Picadillo),https://www.themealdb.com/images/media/meals/2ncui81784396094.jpg,https://www.recipesfromcostarica.com/recipes,,Beef,45,650,40,yes,high-protein,4,454|g|green beans|dry goods;480|ml|flank steak|meat and fish;120|ml|onion|produce;120|ml|pepper|produce;3|clove|garlic|produce;1|tsp|thyme|produce;1|tsp|salt|dry goods;0.5|tsp|black pepper|produce;120|ml|water|dry goods,"In a medium-size pot over medium heat add some olive oil, onions, pepper, and garlic and cook until onion is translucent.||In the meantime, finely chopped the green beans.||Add to the pot, the shredded meat, green beans, thyme, salt and pepper, and mix well. Add the water, cover and cook for 15 minutes, uncover and cook for 5 more minutes or until the green beans are soft."
pilchard-puttanesca,Pilchard puttanesca,https://www.themealdb.com/images/media/meals/vvtvtr1511180578.jpg,https://www.bbcgoodfood.com/recipes/pilchard-puttanesca,Italian,Pasta,25,600,25,no,balanced,4,300|g|spaghetti|dry goods;1||olive oil|dry goods;1||onion|produce;2|clove|garlic|produce;1||red chilli|produce;1||tomato puree|produce;425|g|pilchards|dry goods;70|g|black olives|dry goods;1||parmesan|dairy,"Cook the pasta following pack instructions. Heat the oil in a non-stick frying pan and cook the onion, garlic and chilli for 3-4 mins to soften. Stir in the tomato purée and cook for 1 min, then add the pilchards with their sauce. Cook, breaking up the fish with a wooden spoon, then add the olives and continue to cook for a few more mins.||Drain the pasta and add to the pan with 2-3 tbsp of the cooking water. Toss everything together well, then divide between plates and serve, scattered with Parmesan."
piri-piri-chicken-and-slaw,Piri-piri chicken and slaw,https://www.themealdb.com/images/media/meals/hglsbl1614346998.jpg,https://www.olivemagazine.com/recipes/family/piri-piri-chicken-and-winter-slaw/,Portuguese,Chicken,25,550,38,no,high-protein,4,1.5|kg|chicken|meat and fish;3||red chilli|produce;2|clove|garlic|produce;1|tsp|ginger|produce;1|tsp|dried oregano|dry goods;1|tsp|coriander|produce;1|tsp|paprika|dry goods;2|tbsp|red wine vinegar|dry goods;2|tbsp|oil|dry goods;1||red onions|produce;2||carrots|produce;1||beetroot|produce;4||cabbage|produce;2|tbsp|mayonnaise|dry goods;2|tbsp|greek yogurt|dairy;2|tbsp|red wine vinegar|dry goods;1|tsp|cumin seeds|dry goods,"Whizz together all of the marinade ingredients in a small food processor. Rub the marinade onto the chicken and leave for 1 hour at room temperature.||Heat the oven to 190C/fan 170C/gas 5. Put the chicken in a roasting tray and cook for 1 hour 20 minutes. Rest under loose foil for 20 minutes. While the chicken is resting, mix together the slaw ingredients and season. Serve the chicken with slaw, fries and condiments."
pisto-con-huevos,Pisto con huevos,https://www.themealdb.com/images/media/meals/0nswfe1763279040.jpg,https://www.bbcgoodfood.com/recipes/pisto-con-huevos,Spanish,Vegetarian,35,450,18,yes,light,4,2||olive oil|dry goods;2||onion|produce;4||garlic clove|produce;5||mixed peppers|produce;1|tsp|oregano|dry goods;1|sprig|thyme|produce;4||bay leaves|dry goods;2||courgettes|produce;1||aubergine|produce;4||tomato|produce;4||egg|dairy;1|handful|parsley|produce,"Heat the oil in a large flameproof casserole dish or a cast-iron skillet over a low heat. Add the onions and a sprinkle of salt, cover and cook gently for 15 mins, stirring occasionally. Add the garlic and cook for another 2 mins.||Next, throw in the peppers and cook over a medium heat, covered, for about 5 mins, stirring every so often, until the peppers are just tender.||Mix in the oregano, thyme, bay leaves, some black pepper and a little salt, if needed. Tip in the courgettes and aubergine, combine thoroughly, and cook over a medium heat, covered, for 10 mins. Stir in the tomatoes, cover and cook for 20 mins, stirring occasionally.||Carefully crack the eggs over the pisto – try not to break the yolks. Cook in the sauce on a medium heat for 5-6 mins until the eggs are cooked through but still a little soft, then scatter with parsley before serving"
pollo-en-salsa,Pollo en Salsa,https://www.themealdb.com/images/media/meals/4o13oe1784396585.jpg,https://www.recipesfromcostarica.com/recipes,,Chicken,25,550,38,yes,high-protein,4,4||chicken thighs|meat and fish;1|tsp|oregano|dry goods;1|tsp|cumin|dry goods;1|tsp|salt|dry goods;1|tsp|pepper|produce;1.5|tsp|achiote paste|dry goods;4|clove|garlic|produce;1||onion|produce;1||tomato|produce;0.5||red pepper|produce;480|ml|chicken stock|meat and fish,"Chopped pepper, onion and tomato and set aside. Turn on Instant Pot in sauteed setting for 8 minutes. Add a little bit of olive oil and add, onion, garlic, tomato, bell pepper, cumin, oregano salt and pepper and sauteed for 4 minutes.||Add the chicken and cook for 2 minutes on each side often, mixing often. Add the chicken stock , cover and set the pressure cooker on high for 20 minutes. When done release the pressure and if need it, add a little bit more salt. I like to serve it with some of the juice over rice and beans."
pollo-en-pepitoria,Pollo en pepitoria,https://www.themealdb.com/images/media/meals/li30ck1763281992.jpg,https://www.bbcgoodfood.com/recipes/pollo-en-pepitoria,Spanish,Chicken,40,550,38,yes,high-protein,4,1|pinch|saffron|dry goods;4|tbsp|extra virgin olive oil|dry goods;6||garlic clove|produce;35|g|almonds|dry goods;30|g|stale bread|dry goods;2|tbsp|parsley|produce;8||chicken thighs|meat and fish;1||onion|produce;1||carrots|produce;1||celery|produce;250|ml|dry sherry|dry goods;350|ml|chicken stock|meat and fish;1||cinnamon stick|dry goods;1|pinch|cloves|dry goods;2||bay leaves|dry goods;2||egg|dairy;2||almonds|dry goods,"Put the saffron in a small bowl with 75ml of just-boiled water. Stir and set aside. Heat 2 tbsp of the oil in a broad, shallow casserole dish. Cook the garlic until pale gold in colour, then add the blanched almonds and bread, and continue to fry until everything is golden. Tip into a food processor with some salt and pepper and the parsley, and whizz together.||Heat 2 more tbsp of the oil in the pan and brown the chicken all over, seasoning as you cook. Put in a bowl and set aside.||Remove all but about 2 tbsp of chicken fat from the pan and cook the onion, carrot and celery until golden. Add the sherry, stirring to dislodge any brown bits that have stuck to the pan. Pour in the stock and the saffron (with its water), and bring to the boil, then turn the heat down to a simmer. Add the spices and bay leaves, and put the chicken back in the pan with any juices. Season and gently cook the chicken for about 40 mins with the lid on.||Transfer the chicken to a bowl again, leaving the sauce in the pan, and cover with foil to keep warm. Remove the yolks from the eggs and roughly chop the whites. Mash the egg yolks in a small bowl and gradually mix in a couple of tbsp of the sauce. Bring the remaining sauce to the boil to reduce a bit (you want it to just coat the chicken), then turn the heat down. Remove the bay and cinnamon stick. Add the egg yolks and cook for a few mins until the mixture has thickened. Stir in the almond mixture that you made earlier (this will thicken the sauce, too). Put the chicken back in the pan and heat it for about 3 mins, spooning the sauce over it. Season to taste.||Scatter over the extra parsley, the almonds pieces and the chopped egg whites (if you’re going to use them). You can serve this straight from the dish with some rice, if you like."
pork-sauerkraut-goulash,Pork & sauerkraut goulash,https://www.themealdb.com/images/media/meals/cyuhwp1764362103.jpg,https://www.bbcgoodfood.com/recipes/pork-sauerkraut-goulash,Polish,Pork,35,620,38,yes,high-protein,4,3|tbsp|lard|dry goods;4||onion|produce;1|tbsp|cumin seeds|dry goods;800|g|pork shoulder|meat and fish;4|clove|garlic|produce;2|tbsp|plain flour|dry goods;2|tbsp|paprika|dry goods;1.5|l|beef stock|meat and fish;4||bay leaves|dry goods;400|g|white sauerkraut|dry goods;200|ml|whipping cream|dairy;4|tbsp|sour cream|dairy,"Heat the lard in a saucepan over a medium heat and fry the finely chopped onion until golden, around 5-8 mins. Tip in the cumin and pork, and fry for 10 mins all over until browned. Add the garlic, season well and scatter over the flour. Cook for about a minute, then add the paprika and cook for 1 min more.||Pour in half of the stock, add the bay leaves, and simmer with the lid on over a low heat for 30 mins.||Add the sauerkraut, remaining stock and a drizzle of the sauerkraut pickling juices. Simmer with the lid for 30 mins, stirring occasionally, until the meat is tender. Stir in the cream and simmer for 5 mins to combine the flavours. Season to taste, the serve garnished with a spoonful of soured cream.||This recipe has been provided by Apetit Online and not been re-tested by us."
pork-cassoulet,Pork Cassoulet,https://www.themealdb.com/images/media/meals/wxuvuv1511299147.jpg,https://www.bbcgoodfood.com/recipes/jacks-pork-cassoulet,France,Pork,30,620,38,no,high-protein,4,4|tbsp|goose fat|dry goods;350|g|pork|meat and fish;1||onion|produce;10||garlic|produce;1||carrots|produce;1|tsp|fennel seeds|produce;2||red wine vinegar|dry goods;600|ml|vegetable stock|dry goods;1||tomato puree|produce;2|stick|rosemary|produce;1|handful|parsley|produce;400|g|haricot beans|dry goods;2||breadcrumbs|dry goods;1||oil|dry goods;1||bread|dry goods;1||broccoli|produce,"Heat oven to 140C/120C fan/gas 1. Put a large ovenproof pan (with a tight-fitting lid) on a high heat. Add your fat and diced meat, cook for a few mins to seal the edges, giving it a quick stir to cook evenly. Reduce the heat to low, add the sliced onion, whole garlic cloves, carrot and fennel seeds, and cook gently to soften the veg for a few mins.||Pour over the red wine vinegar, scraping any meaty bits off the bottom of the pan. Add the stock, tomato purée, and half the rosemary and parsley. Bring to the boil and simmer for 10 mins, then season, cover with a lid and put into the oven for 2 hrs, removing the lid for the final hour of cooking. Stir occasionally and add the beans with 30 mins to go.||Remove the pan from the oven and heat the grill. Scatter the top with the remaining herbs and breadcrumbs, drizzle a little oil over the top, and return to the oven for 5-10 mins, until the breadcrumbs are golden. Serve with crusty bread and green veg."
pork-rib-bortsch,Pork rib bortsch,https://www.themealdb.com/images/media/meals/om5hsl1764364721.jpg,https://www.bbcgoodfood.com/recipes/pork-rib-bortsch,Polish,Pork,30,620,38,no,high-protein,4,1|kg|pork back ribs|meat and fish;2||bay leaves|dry goods;1|tbsp|dried white beans|dry goods;1||carrots|produce;1||onion|produce;3||garlic clove|produce;1||red pepper|produce;2||red chilli|produce;2||beetroot|produce;3||potatoes|produce;3|tbsp|tomato puree|produce;0.5||white cabbage|produce;1|handful|parsley|produce;1|handful|dill|produce;300|g|sour cream|dairy,"Cut the meat into large pieces, put in your largest saucepan and cover with 5 litres water. Bring to the boil over a high heat, skimming away any foam that rises to the surface. Add the bay leaves. Season. Turn the heat down to a simmer and cook for 1 hr, or until the meat is soft and falls off the bone. Add the beans if using dried.||Turn the heat up. Bring back to the boil, then reduce the heat and simmer for another 20 mins – the beans should still be slightly raw. Add the carrots, onions, garlic and pepper. Stir well, then add the chillies, if using. Cook for 15 mins more.||Stir in the beetroot and cook for 10 mins before adding the potatoes. After 15 mins, add the tomato purée to taste and beans, if using canned, and bring to the boil. Cook for 5 mins, add the cabbage and cook for 5 mins more. Season, then garnish with the parsley and dill. Turn off the heat and leave to stand for 5 mins. Serve with soured cream on the side."
porotos-granados-chilean-bean-stew,Porotos Granados (Chilean Bean Stew),https://www.themealdb.com/images/media/meals/nimml81782855200.jpg,https://www.allrecipes.com/recipe/188282/porotos-granados-chilean-bean-stew/,,Miscellaneous,25,550,28,yes,balanced,4,1|tbsp|olive oil|dry goods;1||onion|produce;480|ml|butternut squash|dairy;1|tin|great northern beans|dry goods;240|ml|lima beans|dry goods;720|ml|chicken stock|meat and fish;480|ml|sweetcorn|produce;2|tbsp|basil|produce;1||banana pepper|produce,"Heat the olive oil in a stock pot over medium heat; add the onion and cover. Cook the onions until soft and translucent, about 5 minutes. Stir the squash, great Northern beans, and lima beans into the pot; pour the chicken stock over the mixture. Cover and cook until the squash is tender and beginning to break apart, 30 to 45 minutes.||Stir the corn and basil into the stew; cook until the stew reaches the consistency of pancake batter, about 10 minutes more. Sprinkle the chopped banana pepper over individual portions to serve."
portuguese-barbecued-pork-febras-assadas,Portuguese barbecued pork (Febras assadas),https://www.themealdb.com/images/media/meals/cybyue1614349443.jpg,https://www.olivemagazine.com/recipes/meat-and-poultry/febras-assadas-portuguese-barbecued-pork-served-with-lemon-and-mayo-on-chips/,Portuguese,Pork,45,620,38,no,high-protein,4,2||pork|meat and fish;200|ml|white wine|dry goods;0.5|tsp|paprika|dry goods;2||lemon|produce;0.5||lemon juice|produce;1|pinch|olive oil|dry goods;1||mayonnaise|dry goods;1|kg|potatoes|produce;1||vegetable oil|dry goods,"Cut the tenderloins into 5 equal-size pieces leaving the tail ends a little longer. Take a clear plastic bag and slip one of the pieces in. Bash it into an escalope the size of a side-plate with a rolling pin and repeat with the remaining pieces.||Put the wine, paprika, some salt and pepper and the juice of ½ a lemon in a bowl and add the pork. Leave to marinate for 20-30 minutes, while you get your barbecue to the stage where the coals are glowing but there are no flames.||To make the chips, fill a basin with cool water and cut the potatoes into 3cm-thick chips. Soak them in the water for 5 minutes and then change the water. Leave for 5 more minutes. Drain and then pat dry on a towel or with kitchen paper.||Heat the oil in a deep fryer or a deep heavy-based pan with a lid to 130C and lower the chips into the oil (in batches). Blanch for 8-10 minutes. Remove from the oil and drain well. Place on a tray to cool. Reheat the oil to 180C (make sure it’s hot or your chips will be soggy) and lower the basket of chips into the oil (again, do this in batches). Leave to cook for 2 minutes and then give them a little shake. Cook for another minute or so until they are well coloured and crisp to the touch. Drain well for a few minutes, tip into a bowl and sprinkle with sea salt.||The pork will cook quickly so do it in 2 batches. Take the pieces out of the marinade, rub them with oil, and drop them onto the barbecue (you could also use a chargrill). Cook for 1 minute on each side – they may flare up as you do so. This should really be enough time as they will keep on cooking. Take them off the barbecue and pile onto a plate. Repeat with the remaining batch.||Serve by piling a plate with chips, drop the pork on top of each pile and pouring the juices from the plate over so the chips take up the flavours. Top with a spoon of mayonnaise and a wedge of lemon."
portuguese-fish-stew-caldeirada-de-peixe,Portuguese fish stew (Caldeirada de peixe),https://www.themealdb.com/images/media/meals/do7zps1614349775.jpg,https://www.olivemagazine.com/recipes/one-pots/portuguese-fish-stew-caldeirada-de-peixe/,Portuguese,Seafood,30,500,35,no,balanced,4,2||onions|produce;1||red pepper|produce;1|bunch|coriander|produce;1||red chilli|produce;3|clove|garlic|produce;400|ml|dry white wine|dry goods;1|pinch|saffron|dry goods;1||bay leaf|dry goods;300|g|potatoes|produce;400|g|plum tomatoes|produce;600|g|cod|meat and fish;300|g|squid|meat and fish;8||tiger prawns|meat and fish;500|g|clams|dry goods;500|g|mussels|meat and fish;1||baguette|dry goods,"Heat a drizzle of oil in a large, deep-sided frying pan, and fry the onion and pepper on a medium heat until softened but not browned. Finely chop the coriander stalks (keep the leaves for later), and add to the pan with the chilli and chopped garlic. Fry for another few minutes. Add the wine, saffron and bay leaf and let it simmer until reduced by half.||Add the potatoes, tomatoes, and 300ml water and bring to a gentle boil. Break up the tomatoes with a spoon on the side of the pan and simmer for 20-25 minutes until the potatoes are just tender, and the tomatoes have broken down.||Season well, then gently push the fish into the sauce, and arrange the squid, prawns, clams and mussels on the surface. Put the lid on and cook for 6-8 minutes until the mussel and clam shells have opened, the prawns are cooked and the fish is flaky. Toast the bread, rub lightly with the halved garlic clove and drizzle with olive oil. Serve the stew scatted with chopped coriander leaves, and the toasts for dunking."
portuguese-prego-with-green-piri-piri,Portuguese prego with green piri-piri,https://www.themealdb.com/images/media/meals/ewcikl1614348364.jpg,https://www.olivemagazine.com/recipes/meat-and-poultry/portuguese-prego-with-green-piri-piri/,Portuguese,Beef,50,650,40,no,high-protein,4,1|clove|garlic|produce;2||beef fillet|meat and fish;2|tbsp|olive oil|dry goods;1|tbsp|vinegar|dry goods;1||parsley|produce;2||ciabatta|dry goods;2||rocket|dry goods;1|bunch|basil leaves|produce;1|bunch|parsley|produce;1||jalapeno|dry goods;1|tbsp|vinegar|dry goods;2||spring onions|produce;0.5||garlic|produce;0.5|tsp|caster sugar|dry goods,"Rub the garlic over the steaks then put in a sandwich bag and tip in the olive oil, sherry vinegar and parsley stalks. Smoosh everything together, then use a rolling pin to bash the steaks a few times. Leave for 1-2 hours.||To make the sauce, put all the ingredients into a blender with 1 tbsp water and whizz until as smooth as possible. This will make more than you’ll need for the recipe but will keep for a week in an airtight jar.||Heat a griddle or frying pan to high. Brush away the garlic and parsley stalks from the steaks and season well. Sear the steaks for 2 minutes on each side then rest on a plate. Put the ciabatta halves onto the plate, toasted-side down, to soak up any juices.||Slice the steaks then stuff into the rolls with the green sauce and rocket."
potato-gratin-with-chicken,Potato Gratin with Chicken,https://www.themealdb.com/images/media/meals/qwrtut1468418027.jpg,https://www.instagram.com/p/BHxR7hYBJ6P,Italian,Chicken,20,550,38,yes,high-protein,4,800|g|potatoes|produce;3||onions|produce;2||olive oil|dry goods;100|ml|chicken stock|meat and fish;1||creme fraiche|dairy;1||parmesan|dairy;4||chicken breasts|meat and fish;4||bacon|meat and fish;1||spinach|produce;1||peas|produce,"15 minute potato gratin with chicken and bacon greens: a gratin always seems more effort and more indulgent than ordinary boiled or roasts, but it doesn't have to take 45mins, it's nice for a change and you can control the calorie content by going with full fat to low fat creme fraiche. (It's always tastes better full fat though obviously!) to serve 4: use 800g of potatoes, finely slice and boil in a pan for about 5-8 mins till firmish, not soft. Finely slice 3 onions and place in an oven dish with 2 tblsp of olive oil and 100ml of chicken stock. Cook till the onions are soft then drain the potatoes and pour onto the onions. Season and spoon over cream or creme fraiche till all is covered but not swimming. Grate Parmesan over the top then finish under the grill till nicely golden. serve with chicken and bacon, peas and spinach."
potato-salad-olivier-salad,Potato Salad (Olivier Salad),https://www.themealdb.com/images/media/meals/ebvuir1699013665.jpg,https://www.sweetandsavorybyshinee.com/russian-potato-salad/,Russian,Vegetarian,60,450,18,no,light,4,4||potatoes|produce;3||carrots|produce;1|tbsp|salt|dry goods;0.5|tbsp|white wine vinegar|dry goods;4||eggs|dairy;198|g|sausages|meat and fish;113|g|dill|produce;1|tin|peas|produce;4||onions|produce;240|ml|mayonnaise|dry goods,"Cut the potatoes and carrots into small uniform cubes.||Place them in a large pot and fill with water.||Add salt and vinegar. Bring it to a boil over medium high heat, and then reduce the heat to medium and continue to cook until the potatoes are cooked through, about 15 minutes. Drain the potatoes and let it cool to room temperature.||Meanwhile, cut the sausage and pickles into small cubes, and chop the green onions.||Cut the hard-boiled eggs into small cubes as well.||If using fresh dill, chop them as well.||In a large bowl, combine potatoes, carrots, sausage, pickles, peas and green onions.||Add mayo and dill and mix until well combined.||Salt and pepper to taste. Cover with a plastic wrap and refrigerate for at least 1 hour before serving."
poulet-roti-a-l-algerienne-algerian-roast-chicken,Poulet Roti a l'Algerienne (Algerian Roast Chicken),https://www.themealdb.com/images/media/meals/nlxald1764112200.jpg,https://www.allrecipes.com/recipe/258886/poulet-roti-a-lalgerienne-algerian-roast-chicken/,Algerian,Chicken,30,550,38,no,high-protein,4,240|ml|water|dry goods;1||onion|produce;5|tbsp|olive oil|dry goods;2|tbsp|balsamic vinegar|dry goods;1|tbsp|dijon mustard|dry goods;3|clove|garlic|produce;1|tsp|black pepper|produce;1|tsp|cayenne pepper|produce;1||salt|dry goods;1||chicken|meat and fish,"Preheat oven to 350 degrees F (175 degrees C).||Mix water, onion, olive oil, balsamic vinegar, Dijon mustard, garlic, black pepper, cayenne pepper, and salt together in a roasting dish. Add chicken; turn until well coated with mixture.||Bake in the preheated oven until an instant-read thermometer inserted into the thickest part of the thigh, near the bone, reads 165 degrees F (74 degrees C), about 1 hour 30 minutes."
poutine,Poutine,https://www.themealdb.com/images/media/meals/uuyrrx1487327597.jpg,http://www.food.com/recipe/real-canadian-poutine-113388,Canadian,Miscellaneous,45,550,28,yes,balanced,4,1|pinch|vegetable oil|dry goods;1|tin|beef gravy|meat and fish;5||potatoes|produce;480|ml|cheese curds|dairy,"Heat oil in a deep fryer or deep heavy skillet to 365°F (185°C).||Warm gravy in saucepan or microwave.||Place the fries into the hot oil, and cook until light brown, about 5 minutes.||Remove to a paper towel lined plate to drain.||Place the fries on a serving platter, and sprinkle the cheese over them.||Ladle gravy over the fries and cheese, and serve immediately."
prahok-ktis-pork-and-coconut-dip,Prahok Ktis – Pork and Coconut Dip,https://www.themealdb.com/images/media/meals/g80f4t1782690273.jpg,https://recipes-for-life.com/cambodian-recipes/,,Pork,75,620,38,no,high-protein,4,454|g|ground pork|meat and fish;240|ml|coconut milk|dairy;3|tbsp|prahok|dry goods;2|tbsp|vegetable oil|dry goods;4|clove|garlic|produce;2||shallots|produce;2||chilli|produce;1|tbsp|brown sugar|dry goods;2|tbsp|fish sauce|meat and fish;1||lime|produce;1||cilantro|dry goods,"1. Heat 2 tbsp vegetable oil in a large skillet over medium-high heat until shimmering, about 1 minute.||2. Add 4 cloves minced garlic and 2 finely chopped shallots to the skillet, stirring constantly until fragrant and lightly golden, 2-3 minutes.||3. Tip: Keep the heat medium to prevent burning—garlic can turn bitter if overcooked.||4. Add 1 lb ground pork to the skillet, breaking it up with a spoon, and cook until no pink remains, 5-7 minutes.||5. Stir in 3 tbsp prahok and cook for 1 minute to blend the flavors, mashing it slightly into the pork.||6. Pour in 1 cup coconut milk, stirring to combine, then reduce heat to medium-low and simmer for 10 minutes until the mixture thickens slightly.||7. Tip: Simmer gently to avoid curdling the coconut milk—a steady bubble is ideal.||8. Add 2 tbsp fish sauce, 1 tbsp palm sugar, and 2 minced Thai chilies, stirring until the sugar dissolves, about 2 minutes.||9. Remove the skillet from heat and stir in 2 tbsp lime juice, mixing thoroughly.||10. Tip: Add lime juice off the heat to preserve its fresh, tangy flavor without cooking it out.||11. Transfer the dip to a serving bowl and garnish with ¼ cup chopped fresh cilantro.||12. Let the dip cool for 5 minutes before serving to allow the flavors to meld."
prawn-noodle-salad-with-crispy-shallots,Prawn & noodle salad with crispy shallots,https://www.themealdb.com/images/media/meals/0iryz91763778419.jpg,https://www.bbcgoodfood.com/recipes/vietnamese-prawn-noodle-salad-crispy-shallots,Vietnamese,Seafood,25,500,35,no,balanced,4,200|g|rice noodles|dry goods;200|g|prawns|meat and fish;1||red onions|produce;1||red chilli|produce;1||cucumber|produce;1|handful|coriander|produce;1|handful|mint|produce;2|tbsp|roasted peanut|dry goods;3||lime|produce;1|tbsp|brown sugar|dry goods;2|tsp|fish sauce|meat and fish;1|clove|garlic|produce;5|slice|shallots|produce;1||vegetable oil|dry goods;1||flour|dry goods,"For the crispy shallots, heat 5cm of oil until hot in a wok. You will know the oil is hot enough when one piece of shallot sizzles as soon as it’s dropped in. Toss the shallot slices with flour, shake off excess and fry in the oil until golden. They fry quickly, about 1 min. Drain on kitchen paper, sprinkle with salt and set aside.||To make the dressing, mix the lime juice, sugar, fish sauce and garlic and set aside. In a large mixing bowl, pour boiling water over the noodles. Leave them for 2 mins or until they are just cooked, then rinse under cold water. Drain well, shaking the sieve numerous times to get out the excess water, then place back in the bowl. Add prawns, onion, chilli, cucumber and herbs. Pour the dressing over, mix, then sprinkle with the shallots and peanuts."
prawn-stir-fry,Prawn stir-fry,https://www.themealdb.com/images/media/meals/96lt871763480970.jpg,https://www.bbcgoodfood.com/recipes/thai-prawn-ginger-spring-onion-stir-fry,Thai,Seafood,30,500,35,no,balanced,4,200|g|raw tiger prawns|meat and fish;1||green chilli|produce;3|clove|garlic|produce;1|bunch|coriander|produce;1||caster sugar|dry goods;1||lime|produce;3|tbsp|fish sauce|meat and fish;2|tbsp|ground nut oil|dry goods;3||ginger|produce;8|slice|spring onions|produce;1||red pepper|produce;85|g|water chestnut|dry goods;100|g|bean sprouts|produce;1|tbsp|soy sauce|dry goods;1||rice noodles|dry goods;1||lime|produce,"Put the prawns in a bowl. Put the chilli, garlic, coriander stalks (snip these up using scissors first) and caster sugar in a spice grinder or small food processor and whizz together. Add half of the lime juice and the fish sauce, then pour this over the prawns.||Heat 1 tbsp oil in a wok, add the ginger and spring onions and fry for 1 min. Add the red pepper and fry for 1 min, until the pepper starts to soften. Add the water chestnuts and bean sprouts, and toss together until the bean sprouts start to wilt. Add the soy sauce and a really good grind of black pepper, then tip the lot into a serving dish.||Heat the remaining oil in the wok and add the prawns, lifting them out of their juices. Toss for 1-2 mins until they turn pink, add the marinade and swirl the wok quickly, then tip the lot onto the veg. Snip over the coriander leaves and sprinkle on the remaining lime. Serves over noodles with extra lime for squeezing over."
prawns-with-romesco-sauce,Prawns with Romesco sauce,https://www.themealdb.com/images/media/meals/u03xhi1763308917.jpg,https://www.bbcgoodfood.com/recipes/prawns-romesco-sauce,Spanish,Seafood,40,500,35,no,balanced,4,1||red pepper|produce;3||garlic clove|produce;1||red chilli|produce;1||tomato|produce;10||shelled hazelnuts|dry goods;10||almonds|dry goods;3|sprig|parsley|produce;1||bread|dry goods;120|ml|olive oil|dry goods;2||red wine vinegar|dry goods;400|g|tiger prawns|meat and fish,"Prepare ahead - halve the pepper lengthways and remove the seeds and stalk. Line a grill pan with foil and put the pepper halves, skin side up, on the grill pan with the whole garlic cloves, chilli and tomato. Grill for 2 minutes, turn the tomato, then grill for a further 2 minutes. Remove the tomato with a large spoon, then peel, quarter and remove the seeds. Then chop the tomato roughly.||Continue grilling the pepper, chilli and garlic for 4-5 minutes, until the pepper and chilli skins have blackened and the garlic is starting to soften (the garlic skin will start to split when it is ready). When cool enough to handle, peel and halve the chilli, and scrape out and discard the seeds. Peel the pepper and roughly chop both the pepper and chilli.||Spread nuts over the foil and grill until toasted. Finely chop the nuts and parsley in a food processor. Tip into a small bowl.||Heat 3 tablespoons of oil in a frying pan, add the pepper, garlic and chilli and fry for 3 minutes. Tear up the bread and add to the pan, turning it in the oil until lightly browned. Pulse in food processor with the tomatoes, salt, vinegar and oil until roughly chopped. Tip into a bowl. Leave to cool and store in fridge for up to 3 days.||On the day add the nuts and parsley to the sauce and mix. Serve in a small bowl on a plate with the peeled prawns. Supply cocktail sticks for spearing the prawns."
presh-me-oriz-leek-and-rice-bake,Presh me Oriz Leek and Rice Bake,https://www.themealdb.com/images/media/meals/sjfgbc1779647169.jpg,https://www.myalbanianfood.com/recipe/albanian-leek-and-rice-bake/#google_vignette,,Lamb,60,680,40,yes,high-protein,4,500|g|leek|produce;400|g|lamb mince|meat and fish;1||onion|produce;200|g|rice|dry goods;1|l|lamb stock|meat and fish;1|pinch|salt|dry goods;1|pinch|pepper|produce;1||olive oil|dry goods,"Fry the leeks in a small dash of olive oil for a few minutes until they start to brown.||Add the onions and mince and fry until everything is browned. Ensure you keep stirring to prevent the leeks catching and burning.||Add the rice and stir together for a few minutes ensuring the rice is well blended and coated in any juices.||Add the lamb stock, salt and pepper. Give it a good stir and leave it to come to the boil. Leave to boil for 2 minutes.||Pour the mixture into a large baking tray, place on the bottom self of a preheated oven at 180 degrees. Leave to bake for up to 1 hour. The dish is ready when all the liquid is evaporated and the rice is soft.||Once cooked turn off the oven and keeping the door open leave the leek and rice bake to cool for 10 minutes before serving."
purple-sprouting-broccoli-tempura-with-nuoc-cham,Purple sprouting broccoli tempura with nuoc cham,https://www.themealdb.com/images/media/meals/xnv4wf1763756529.jpg,https://www.bbcgoodfood.com/recipes/purple-sprouting-broccoli-tempura-with-nuoc-cham,Vietnamese,Miscellaneous,30,550,28,no,balanced,4,50|g|corn flour|produce;100|g|plain flour|dry goods;1|tbsp|sesame seed|dry goods;1||vegetable oil|dry goods;250|ml|soda water|dry goods;200|g|purple sprouting broccoli|produce;2|tbsp|fish sauce|meat and fish;2||lime|produce;1||birds-eye chillies|produce;2|tbsp|sugar|dry goods,"For the nuoc cham, whisk together all of the ingredients with 5 tbsp hot water in a small bowl. Set aside while you make the tempura.||Whisk the cornflour, plain flour, sesame seeds (if using) and a large pinch of salt together. Fill a large, deep pan no more than a third full with the vegetable oil and heat until it reaches 180C or a cube of bread dropped in browns in 20 seconds.||Quickly whisk the soda water into the flour mixture, being careful not to overmix, then dunk in the broccoli using tongs. Carefully lower into the hot oil and cook for 2-3 mins until crisp. Drain on kitchen paper, then serve with the nuoc cham on the side for dipping."
ramen-noodles-with-boiled-egg,Ramen Noodles with Boiled Egg,https://www.themealdb.com/images/media/meals/ip5xtp1769779958.jpg,https://www.themealdb.com/meal/53383,Chinese,Miscellaneous,35,550,28,no,balanced,4,1||noodles|dry goods;480|ml|water|dry goods;1||egg|dairy;1|tbsp|soy sauce|dry goods;0.5|tsp|chilli sauce|produce;1||spring onions|produce;0.5|tsp|salt|dry goods;0.5|tbsp|pepper|produce,"Boil: Bring water to a boil, gently add eggs, and cook for exactly 6½ to 7 minutes.||Ice Bath: Immediately transfer the eggs to a bowl of ice water for 3–5 minutes to stop cooking.||Marinate (Optional but recommended): Peel the eggs and marinate in a mix of 2 tbsp soy sauce, 2 tbsp mirin, 1 tsp sugar, and 4 tbsp water for at least 4 hours (or overnight).||Serve: Slice in half, letting the yolk flow into the broth"
rappie-pie,Rappie Pie,https://www.themealdb.com/images/media/meals/ruwpww1511817242.jpg,http://allrecipes.com/recipe/234025/rappie-pie/,Canadian,Chicken,45,550,38,yes,high-protein,4,2|tbsp|butter|dairy;2||onions|produce;4||chicken stock|meat and fish;1.5|kg|chicken breast|meat and fish;4|kg|potatoes|produce;2|tbsp|salt|dry goods;1|tbsp|black pepper|produce,"Preheat oven to 400 degrees F (200 degrees C). Grease a 10x14x2-inch baking pan.||Heat margarine in a skillet over medium heat; stir in onion. Cook and stir until onion has softened and turned translucent, about 5 minutes. Reduce heat to low and continue to cook and stir until onion is very tender and dark brown, about 40 minutes more.||Bring chicken broth to a boil in a large pot; stir in chicken breasts, reduce heat, and simmer until chicken is no longer pink at the center, about 20 minutes. Remove from heat. Remove chicken breasts to a plate using a slotted spoon; reserve broth.||Juice potatoes with an electric juicer; place dry potato flesh into a bowl and discard juice. Stir salt and pepper into potatoes; stir in enough reserved broth to make the mixture the consistency of oatmeal. Set remaining broth aside.||Spread half of potato mixture evenly into the prepared pan. Lay cooked chicken breast evenly over potatoes; scatter caramelized onion evenly over chicken. Spread remaining potato mixture over onions and chicken to cover.||Bake in the preheated oven until golden brown, about 1 hour. Reheat chicken broth; pour over individual servings as desired."
raspeballer-norwegian-potato-dumplings,Raspeballer (Norwegian Potato Dumplings),https://www.themealdb.com/images/media/meals/hhm7xy1763075871.jpg,https://scandinaviancookbook.com/raspeballer-norwegian-potato-dumplings/,Norway,Pork,65,620,38,yes,high-protein,4,1||pork knuckle|meat and fish;1||sausages|meat and fish;454|g|potatoes|produce;907|g|red potatoes|produce;300|ml|flour|dry goods;2||all purpose flour|dry goods;1|tsp|salt|dry goods;4||bouillon cubes|dry goods;1|pinch|freshly chopped parsley|produce;1||swede|dry goods;2||carrots|produce;60|ml|cream|dairy;1||butter|dairy;1|tsp|nutmeg|dry goods,"Raspeballer & (Optional) Salted Meat||If you're making pork knuckle, cook it in simmering water for about 3 hours, until the meat falls from the bone. Remove the pork and save the broth to cook the raspeballer.||Boil the boiled potatoes and peel once cooled. Also peel the raw potatoes, and then grate them or run them through a food processor. Use a paper towel to remove some of the moisture from the grated potatoes.||Mash the boiled potatoes in a potato ricer or with a masher. Make sure there are no lumps. Add the grated raw potatoes to the mashed potatoes in a large mixing bowl and stir together. Add the barley flour, all purpose flour, and salt and mix together with your hands until the mixture is fully blended.||You can cook the raspeballer in either vegetable or beef broth, or if you're making pork knuckle, cook them in the broth from the pork knuckle. Bring the broth to a very light simmer – you don't want it to fully boil because then the raspeballer might break apart.||Use a tablespoon dipped in cold water to shape each raspeball in your hand. Try to make them as smooth as possible and then gently drop them into the simmering broth. Dip the tablespoon in a bowl of cold water between each raspeball.||Let the raspeballer simmer for about 30 minutes. If you're making smoked sausage, you can heat the sausage in the same pot with the raspeballer. Top with fresh chopped parsley.||Mashed Rutabaga||Peel the rutabaga and carrots and cut into small pieces. Boil in water for about 30 minutes, or until tender. Then drain the water, add the cream/milk, butter and nutmeg and mash until smooth.||Serve alongside the raspeballer and meat."
ratatouille,Ratatouille,https://www.themealdb.com/images/media/meals/wrpwuu1511786491.jpg,https://www.bbcgoodfood.com/recipes/2903/ratatouille,France,Vegetarian,35,450,18,no,light,4,2||aubergine|produce;4||courgettes|produce;2||yellow pepper|produce;4||tomato|produce;5|tbsp|olive oil|dry goods;1|bunch|basil|produce;1||onion|produce;3||garlic clove|produce;1|tsp|red wine vinegar|dry goods;1|tsp|sugar|dry goods,"Cut the aubergines in half lengthways. Place them on the board, cut side down, slice in half lengthways again and then across into 1.5cm chunks. Cut off the courgettes ends, then across into 1.5cm slices. Peel the peppers from stalk to bottom. Hold upright, cut around the stalk, then cut into 3 pieces. Cut away any membrane, then chop into bite-size chunks.||Score a small cross on the base of each tomato, then put them into a heatproof bowl. Pour boiling water over the tomatoes, leave for 20 secs, then remove. Pour the water away, replace the tomatoes and cover with cold water. Leave to cool, then peel the skin away. Quarter the tomatoes, scrape away the seeds with a spoon, then roughly chop the flesh.||Set a sauté pan over medium heat and when hot, pour in 2 tbsp olive oil. Brown the aubergines for 5 mins on each side until the pieces are soft. Set them aside and fry the courgettes in another tbsp oil for 5 mins, until golden on both sides. Repeat with the peppers. Don’t overcook the vegetables at this stage, as they have some more cooking left in the next step.||Tear up the basil leaves and set aside. Cook the onion in the pan for 5 mins. Add the garlic and fry for a further min. Stir in the vinegar and sugar, then tip in the tomatoes and half the basil. Return the vegetables to the pan with some salt and pepper and cook for 5 mins. Serve with basil."
red-peas-soup,Red Peas Soup,https://www.themealdb.com/images/media/meals/sqpqtp1515365614.jpg,http://caribbeanpot.com/caribbean-red-peas-soup/,Jamaican,Beef,70,650,40,yes,high-protein,4,480|ml|kidney beans|dry goods;1||carrots|produce;2||spring onions|produce;4|sprig|thyme|produce;1||onion|produce;0.5|tsp|black pepper|produce;2||red pepper|produce;4||garlic clove|produce;1|tbsp|allspice|dry goods;907|g|beef|meat and fish;2|l|water|dry goods;4||potatoes|produce;240|ml|plain flour|dry goods;60|ml|water|dry goods;240|ml|coconut milk|dairy,"Wash and rinse the dried kidney beans.. then cover with water in a deep bowl. Remember as they soak they will expand to at least triple the size they were originally so add a lot of water to the bowl. Soak them overnight or for at least 2 hrs to make the cooking step go quicker. I tossed out the water they were soaked in after it did the job.||Have your butcher cut the salted pigtail into 2 inch pieces as it will be very difficult to cut with an ordinary kitchen knife. Wash, then place a deep pot with water and bring to a boil. Cook for 20 minutes, then drain + rinse and repeat (boil again in water). The goal is to make the pieces of pig tails tender and to remove most of the salt it was cured in.||Time to start the soup. Place everything in the pot (except the flour and potato), then cover with water and place on a high flame to bring to a boil. As it comes to a boil, skim off any scum/froth at the top and discard. Reduce the heat to a gentle boil and allow it to cook for 1 hr and 15 mins.. basically until the beans are tender and start falling apart.||It’s now time to add the potato (and Yams etc if you’re adding it) as well as the coconut milk and continue cooking for 15 minutes.||Now is a good time to start making the basic dough for the spinner dumplings. Mix the flour and water (add a pinch of salt if you want) until you have a soft/smooth dough. allow it to rest for 5 minutes, then pinch of a tablespoon at a time and roll between your hands to form a cigarette shape.||Add them to the pot, stir well and continue cooking for another 15 minutes on a rolling boil.||You’ll notice that I didn’t add any salt to the pot as the remaining salt from the salted pigtails will be enough to properly season this dish. However you can taste and adjust accordingly. Lets recap the timing part of things so you’re not confused. Cook the base of the soup for 1 hr and 15 minute or until tender, then add the potatoes and cook for 15 minutes, then add the dumplings and cook for a further 15 minutes. Keep in mind that this soup will thicken quite a bit as it cools.||While this is not a traditional recipe to any one specific island, versions of this soup (sometimes called stewed peas) can be found throughout the Caribbean, Latin America and Africa. A hearty bowl of this soup will surely give you the sleepies (some may call it ethnic fatigue). You can certainly freeze the leftovers and heat it up another day."
red-curry-chicken-kebabs,Red curry chicken kebabs,https://www.themealdb.com/images/media/meals/prjve31763486864.jpg,https://www.bbcgoodfood.com/recipes/red-curry-chicken-kebabs,Thai,Chicken,20,550,38,yes,high-protein,4,2||chicken breasts|meat and fish;2||thai red curry paste|dry goods;2||coconut milk|dairy;1||red pepper|produce;1||courgettes|produce;1||red onions|produce;1||lime|produce,"Fire up the barbecue or heat a griddle pan to high. Tip chicken, curry paste and coconut milk into a bowl, then mix well until the chicken is evenly coated. Thread vegetables and chicken onto skewers. Cook the skewers on the barbecue or griddle for 5-8 mins, turning every so often, until the chicken is cooked through and charred. Serve with herby rice, salad and a lime half to squeeze over."
ribollita,Ribollita,https://www.themealdb.com/images/media/meals/xrrwpx1487347049.jpg,https://cooking.nytimes.com/recipes/1016052-ribollita,Italian,Vegetarian,35,450,18,yes,light,4,5|tbsp|olive oil|dry goods;1||onion|produce;1||carrots|produce;1||celery|produce;1|tbsp|garlic|produce;480|ml|cannellini beans|dry goods;1||canned tomatoes|produce;960|ml|water|dry goods;1|sprig|rosemary|produce;1|sprig|thyme|produce;454|g|kale|produce;4|slice|wholegrain bread|dry goods;1||red onions|produce;120|ml|parmesan|dairy,"Put 2 tablespoons of the oil in a large pot over medium heat. When it’s hot, add onion, carrot, celery and garlic; sprinkle with salt and pepper and cook, stirring occasionally, until vegetables are soft, 5 to 10 minutes.||Heat the oven to 500 degrees. Drain the beans; if they’re canned, rinse them as well. Add them to the pot along with tomatoes and their juices and stock, rosemary and thyme. Bring to a boil, then reduce heat so the soup bubbles steadily; cover and cook, stirring once or twice to break up the tomatoes, until the flavors meld, 15 to 20 minutes.||Fish out and discard rosemary and thyme stems, if you like, and stir in kale. Taste and adjust seasoning. Lay bread slices on top of the stew so they cover the top and overlap as little as possible. Scatter red onion slices over the top, drizzle with the remaining 3 tablespoons oil and sprinkle with Parmesan.||Put the pot in the oven and bake until the bread, onions and cheese are browned and crisp, 10 to 15 minutes. (If your pot fits under the broiler, you can also brown the top there.) Divide the soup and bread among 4 bowls and serve."
rice-and-beans,Rice and Beans,https://www.themealdb.com/images/media/meals/j8c1d51782772399.jpg,https://www.ourcayman.ky/en-us/about/more-about-cayman/recipes,,Vegetarian,20,450,18,yes,light,4,0.5||kidney beans|dry goods;1|tin|coconut milk|dairy;1||onion|produce;3||scotch bonnet|dry goods;1|tbsp|black pepper|produce;0.5|tbsp|salt|dry goods,"Cook beans until tender, add rice, coconut milk, onion, black pepper and salt, and add enough water to just cover the ingredients. Place Scotch Bonnet peppers on top, careful not to burst them. Simmer until rice is tender. Remove pepper before serving."
rice-paper-dumplings,Rice paper dumplings,https://www.themealdb.com/images/media/meals/sfahy01763752319.jpg,https://www.bbcgoodfood.com/recipes/rice-paper-dumplings,Vietnamese,Pork,35,620,38,yes,high-protein,4,0.25||white cabbage|produce;1||carrots|produce;100|g|shiitake mushrooms|produce;400|g|ground pork|meat and fish;2|clove|garlic|produce;20|g|ginger|produce;2|tsp|soy sauce|dry goods;2|tsp|sesame seed oil|dry goods;3||spring onions|produce;20||rice paper sheets|dry goods;75|ml|vegetable oil|dry goods;2|tbsp|soy sauce|dry goods;2|tbsp|rice vinegar|dry goods;0.5|tbsp|sesame seed|dry goods;2||spring onions|produce,"Tip the cabbage into a food processor and blitz until finely chopped. Season with ½ tsp salt, toss well and set aside for 15 mins. Tip into a clean tea towel and squeeze out as much water as you can. Tip into a bowl with the carrot, mushrooms, pork mince, garlic, ginger, soy sauce, sesame oil and spring onions. Season with black pepper. Scrunch everything together using your hands, mixing well until everything is combined.||Soak the spring roll sheets for a couple of seconds in a shallow dish of warm water, then transfer to an oiled chopping board. Working with one sheet at a time, spoon 1 heaped tbsp of the filling into the middle, then fold the bottom up and over the filling. Fold down the top of the sheet, then the sides to fully encase and make a neat square. If the dumpling feels a little fragile, soak another sheet and wrap it again. Repeat with the remaining sheets and filling, transferring the dumplings to an oiled plate as you go.||Heat the oil in a large, non-stick frying pan (ensuring it is no more than a third full) over a medium-high heat and fry the dumplings for 3-5 mins until golden brown. Use a slotted spoon or spider to turn them, then cover with a lid and cook for another 3-4 mins until golden. Remove the lid and cook for 1-2 mins.||Meanwhile, combine all the dipping sauce ingredients in small bowl. Serve the dumplings with the dipping sauce on the side."
rigatoni-with-fennel-sausage-sauce,Rigatoni with fennel sausage sauce,https://www.themealdb.com/images/media/meals/qtqvys1468573168.jpg,http://www.ottolenghi.co.uk/recipes/meat/rigatoni-with-fennel-sausage-sauce-and-pecorino-and-anchovy-pesto-shop,Italian,Lamb,50,680,40,no,high-protein,4,2|tbsp|olive oil|dry goods;6|slice|italian fennel sausages|meat and fish;1||onion|produce;1||fennel bulb|produce;0.5|tsp|smoky paprika|dry goods;1|clove|garlic|produce;2|tsp|fennel seeds|produce;100|ml|red wine|dry goods;400|g|chopped tomatoes|produce;0.5|tsp|caster sugar|dry goods;50|g|pitted black olives|dry goods;500|g|rigatoni|dry goods;30|g|pecorino|dry goods;1||anchovy fillet|meat and fish;1|clove|garlic|produce;60|ml|olive oil|dry goods;50|g|basil leaves|produce,"Heat a tablespoon of oil in a large saute pan for which you have a lid. Add the sausage pieces and fry on a medium-high heat for 10 minutes, stirring regularly, until golden-brown all over. Transfer the sausages to a plate, then add the onion and fennel to the hot pan and fry for 15 minutes, stirring once in a while, until soft and caramelised; if the pan goes a bit dry, add a teaspoon or so of extra oil. Stir in the paprika, garlic and half the fennel seeds, fry for two minutes more, then pour on the wine and boil for 30 seconds, to reduce by half. Add the tomatoes, sugar, 100ml water, the seared sausage and half a teaspoon of salt, cover and simmer for 30 minutes; remove the lid after 10 minutes, and cook until the sauce is thick and rich. Remove from the heat, stir through the olives and remaining fennel seeds and set aside until you’re ready to serve.||Bring a large pot of salted water to a boil, add the pasta and cook for 12-14 minutes (or according to the instructions on the packet), until al dente. Meanwhile, reheat the sauce. Drain the pasta, return it to the pot, stir in a tablespoon of oil, then divide between the bowls.||Put all the pesto ingredients except the basil in the small bowl of a food processor. Add a tablespoon of water and blitz to a rough paste. Add the basil, then blitz until just combined (the pesto has a much better texture if the basil is not overblended).||Spoon over the ragù and top with a spoonful of pesto. Finish with a sprinkling of chopped fennel fronds, if you have any, and serve at once."
roast-fennel-and-aubergine-paella,Roast fennel and aubergine paella,https://www.themealdb.com/images/media/meals/1520081754.jpg,https://www.homestylemag.co.uk/recipe/517/main-courses/roast-fennel-and-aubergine-paella,Spanish,Vegan,35,420,15,no,light,4,6||baby aubergine|produce;4||fennel|produce;1||red pepper|produce;1||courgettes|produce;1||onion|produce;300|g|paella rice|dry goods;1|tsp|paprika|dry goods;1|pinch|saffron|dry goods;200|ml|white wine|dry goods;700|ml|vegetable stock|dry goods;100|g|frozen peas|freezer;1||lemon|produce;1|handful|parsley|produce;1|pinch|salt|dry goods;1|pinch|black pepper|produce,"1 Put the fennel, aubergine, pepper and courgette in a roasting tray. Add a glug of olive oil, season with salt and pepper and toss around to coat the veggies in the oil. Roast in the oven for 20 minutes, turning a couple of times until the veg are pretty much cooked through and turning golden.||2 Meanwhile, heat a paella pan or large frying pan over a low– medium heat and add a glug of olive oil. Sauté the onion for 8–10 minutes until softened. Increase the heat to medium and stir in the rice, paprika and saffron. Cook for around 1 minute to start toasting the rice, then add the white wine. Reduce by about half before stirring in two-thirds of the stock. Reduce to a simmer and cook for 10 minutes without a lid, stirring a couple of times.||3 Stir in the peas, add some seasoning, then gently mix in the roasted veg. Pour over the remaining stock, arrange the lemon wedges on top and cover with a lid or some aluminium foil. Cook for a further 10 minutes.||4 To ensure you get the classic layer of toasted rice at the bottom of the pan, increase the heat to high until you hear a slight crackle. Remove from the heat and sit for 5 minutes before sprinkling over the parsley and serving."
roasted-eggplant-with-tahini-pine-nuts-and-lentils,"Roasted Eggplant With Tahini, Pine Nuts, and Lentils",https://www.themealdb.com/images/media/meals/ysqrus1487425681.jpg,http://www.seriouseats.com/recipes/2016/03/roasted-eggplant-tahini-pine-nut-lentil-vegan-experience-recipe.html,United States,Vegetarian,30,450,18,yes,light,4,2|tbsp|olive oil|dry goods;2||carrots|produce;2||celery|produce;1||onion|produce;6|clove|garlic|produce;12|g|brown lentils|dry goods;2||bay leaves|dry goods;960|ml|water|dry goods;1|pinch|salt|dry goods;2|tsp|apple cider vinegar|produce;1|pinch|pepper|produce;2||egg plants|dairy;4|sprig|rosemary|produce;60|ml|pine nuts|dry goods;2|tbsp|parsley|produce,"For the Lentils: Adjust oven rack to center position and preheat oven to 450°F to prepare for roasting eggplant. Meanwhile, heat 2 tablespoons olive oil in a medium saucepan over medium heat until shimmering. Add carrots, celery, and onion and cook, stirring, until softened but not browned, about 4 minutes. Add garlic and cook, stirring, until fragrant, about 30 seconds. Add lentils, bay leaves, stock or water, and a pinch of salt. Bring to a simmer, cover with the lid partially ajar, and cook until lentils are tender, about 30 minutes. (Top up with water if lentils are at any point not fully submerged.) Remove lid, stir in vinegar, and reduce until lentils are moist but not soupy. Season to taste with salt and pepper, cover, and keep warm until ready to serve.||For the Eggplant: While lentils cook, cut each eggplant in half. Score flesh with the tip of a paring knife in a cross-hatch pattern at 1-inch intervals. Transfer to a foil-lined rimmed baking sheet, cut side up, and brush each eggplant half with 1 tablespoon oil, letting each brushstroke be fully absorbed before brushing with more. Season with salt and pepper. Place a rosemary sprig on top of each one. Transfer to oven and roast until completely tender and well charred, 25 to 35 minutes. Remove from oven and discard rosemary.||To Serve: Heat 2 tablespoons olive oil and pine nuts in a medium skillet set over medium heat. Cook, tossing nuts frequently, until golden brown and aromatic, about 4 minutes. Transfer to a bowl to halt cooking. Stir half of parsley and rosemary into lentils and transfer to a serving platter. Arrange eggplant halves on top. Spread a few tablespoons of tahini sauce over each eggplant half and sprinkle with pine nuts. Sprinkle with remaining parsley and rosemary, drizzle with additional olive oil, and serve."
roasted-chicken-with-creamy-walnut-sauce,Roasted chicken with creamy walnut sauce,https://www.themealdb.com/images/media/meals/ro8mzj1763800655.jpg,https://www.bbcgoodfood.com/recipes/roasted-chicken-creamy-walnut-sauce,Turkish,Chicken,30,550,38,yes,high-protein,4,8||chicken thighs|meat and fish;1|tsp|cumin|dry goods;0.5|tsp|paprika|dry goods;2|tbsp|olive oil|dry goods;6||pita bread|dry goods;150|ml|chicken stock|meat and fish;175|g|walnuts|dry goods;1||onion|produce;2|clove|garlic|produce;50|ml|single cream|dairy;1||lemon|produce;1|handful|coriander|produce,"Heat oven to 200C/180C fan/gas 6. In a roasting tin, toss together the chicken, cumin, paprika, 1 tbsp olive oil and seasoning. Cook for 40 mins until the chicken is crisp and cooked through.||Meanwhile, tear up 1 pitta bread and place in a small bowl. Pour over a couple of tbsp chicken stock and leave to soak. Dry-fry the walnuts in a frying pan for about 3 mins until golden and toasted. Set aside. Heat the remaining oil in the pan and cook the onion and garlic until softened. Place the softened pitta bread, onion mixture and most of the nuts into a blender. Pour over the rest of the chicken stock and whizz together until a rough paste forms. Return the mixture to the pan. Add the cream and lemon juice, season and keep warm.||When the chicken is cooked, arrange on a platter. Stir the coriander through the sauce and spoon into a bowl. Roughly chop the remaining walnuts and scatter over the chicken. Toast the pittas, cut into wedges and serve alongside"
ropa-veija,Ropa Veija,https://www.themealdb.com/images/media/meals/thvft91784576451.jpg,https://www.delish.com/cooking/recipe-ideas/a40741177/ropa-vieja-recipe/,,Beef,60,650,40,no,high-protein,4,907|g|flank steak|meat and fish;3|tsp|kosher salt|dry goods;4|tbsp|vegetable oil|dry goods;1||red pepper|produce;1||yellow pepper|produce;1||onion|produce;6|clove|garlic|produce;2|tbsp|tomato puree|produce;1|tbsp|smoked paprika|dry goods;2|tsp|cumin|dry goods;2|tsp|dried oregano|dry goods;120|ml|dry white wine|dry goods;1|tin|tinned tomatos|produce;2||bay leaf|dry goods;240|ml|pimento stuffed olives|dry goods;1||rice|dry goods;1||black beans|dry goods;60|ml|cilantro|dry goods,"Cut steak into 4 rectangular pieces. Pat dry with paper towels; season all over with 1 1/2 teaspoons salt.||In a large pot over medium-high heat, heat 2 tablespoons oil. Working in batches, cook steak until browned on both sides, 5 to 6 minutes. Transfer to a plate.||In same pot over medium heat, heat remaining 2 tablespoons oil. Cook bell peppers, onion, and 1 1/2 teaspoons salt, stirring occasionally, until slightly softened, 4 to 5 minutes. Add garlic, tomato paste, paprika, cumin, and oregano and cook, stirring occasionally, until vegetables are softened and spices are aromatic, 1 to 2 minutes more.||Add wine, scraping any browned bits from bottom of pan, and cook, stirring occasionally, until reduced by half, about 2 minutes. Add tomatoes with their juices and bay leaves. Mash down on tomatoes to break up, then nestle beef into stew. Add water to cover beef, if needed, and bring to a simmer. Reduce heat to medium-low; cover and simmer until steaks are tender enough to shred, 2 1/2 to 3 hours. Transfer steaks to a plate and finely shred with 2 forks.||Stir shredded steak back into stew. Bring to a simmer and cook, stirring, until liquid has reduced to a sauce that coats steak, 5 to 10 minutes. Stir in olives; season with salt.||Spoon ropa vieja over rice and beans. Top with cilantro."
rosemary-braised-red-cabbage-with-kabanos,Rosemary braised red cabbage with kabanos,https://www.themealdb.com/images/media/meals/s1jxzl1764369317.jpg,https://www.bbcgoodfood.com/recipes/rosemary-braised-red-cabbage-kabanos,Ukrainian,Pork,30,620,38,no,high-protein,4,0.5||red cabbage|produce;1|tbsp|olive oil|dry goods;1||butter|dairy;1||red onions|produce;125|ml|red wine vinegar|dry goods;140|g|brown sugar|dry goods;1||red chilli|produce;2|sprig|rosemary|produce;1||bramley apples|produce;8||kabanos sausages|meat and fish,"Halve the cabbage, remove the tough stem and thinly slice. Place in a large pan with all the other ingredients apart from the sausages, then mix in 300ml water and some salt and pepper.||Bring to a simmer, then reduce the heat, cover with a well-fitting lid and gently cook for 1½ hrs, stirring frequently. If too dry, you can add a little more water.||Add the kabanos to the cabbage mixture, place a lid on the pan and gently simmer for 20 mins. Remove the lid and cook for a further 10 mins. Serve alongside some simple mash or boiled potatoes."
rosol-polish-chicken-soup,Rosol (Polish Chicken Soup),https://www.themealdb.com/images/media/meals/lx1kkj1593349302.jpg,https://polishhousewife.com/rosol-polish-chicken-soup/,Polish,Chicken,70,550,38,yes,high-protein,4,4||chicken legs|meat and fish;2||onions|produce;5||carrots|produce;1||leek|produce;1||celery|produce;0.25||cabbage|produce;1||cloves|dry goods;1|tsp|allspice|dry goods;2||bay leaf|dry goods;4|sprig|parsley|produce;4|sprig|dill|produce;1|tsp|pepper|produce;1|tbsp|salt|dry goods,"Add chicken to a large Dutch oven or stock pot||Cover with water||Bring to a boil and simmer for 2 to 2 1/2 hours, skimming any impurities off the top to insure a clear broth||If your pot is big enough, add the vegetables and spices for the last hour of the cooking time||My Dutch oven wasn’t big enough to hold everything, just the chicken and other bones filled the pot, so I cooked the meat/bones for the full cooking time, then removed them, and cooked the vegetables and spices separately||Strain everything out of the broth||Bone the chicken, pulling the meat into large chunks||Slice the carrots||Return the chicken and carrots to the broth||Cook noodles according to package instructions if you’re using them||Add noodles to bowl and then top with hot soup"
roti-john,Roti john,https://www.themealdb.com/images/media/meals/hx335q1619789561.jpg,https://www.196flavors.com/malaysia-roti-john/,Malaysian,Beef,65,650,40,no,high-protein,4,113|g|minced beef|meat and fish;1||onion|produce;3||eggs|dairy;1|tbsp|chilli|produce;0.5||baguette|dry goods;1||salt|dry goods;1||pepper|produce;1||mayonnaise|dry goods,Mix all the ingredients in a bowl.||Heat a pan or griddle with a little vegetable oil.||Pour the mixture onto the pan and place a piece of open-faced baguette on top.||Press on the bread with a spatula and grill for 2 minutes.||Turn the bread over to make it a little crispy.||Remove from pan and cut the bread into small portions.||Add mayonnaise and/or Sambal before cutting the sandwich (optional).
salmon-avocado-salad,Salmon Avocado Salad,https://www.themealdb.com/images/media/meals/1549542994.jpg,https://www.bbcgoodfood.com/recipes/4521/salmon-avocado-and-cucumber-salad,British,Seafood,25,500,35,yes,balanced,4,400|g|salmon|meat and fish;3||avocado|produce;1||cucumber|produce;400|g|spinach|produce;4|tbsp|mint|produce;1||lime|produce;2|tsp|honey|dry goods;3|tbsp|olive oil|dry goods,"Season the salmon, then rub with oil. Mix the dressing ingredients together. Halve, stone, peel and slice the avocados. Halve and quarter the cucumber lengthways, then cut into slices. Divide salad, avocado and cucumber between four plates, then drizzle with half the dressing.||Heat a non-stick pan. Add the salmon and fry for 3-4 mins on each side until crisp but still moist inside. Put a salmon fillet on top of each salad and drizzle over the remaining dressing. Serve warm."
salmon-prawn-risotto,Salmon Prawn Risotto,https://www.themealdb.com/images/media/meals/xxrxux1503070723.jpg,http://www.rangemaster.co.uk/rangemaster-owners/recipes-ideas-inspiration/recipes/mains/prawn-and-hot-smoked-salmon-risotto-with-asparagus,Italian,Seafood,50,500,35,no,balanced,4,50|g|butter|dairy;1||onion|produce;150|g|rice|dry goods;125|ml|white wine|dry goods;1|l|vegetable stock|dry goods;1||lemon|produce;240|g|king prawns|meat and fish;150|g|salmon|meat and fish;100|g|asparagus|produce;1||black pepper|produce;50|g|parmesan|dairy,"Melt the butter in a thick-based pan and gently cook the onion without colour until it is soft.||Add the rice and stir to coat all the grains in the butter||Add the wine and cook gently stirring until it is absorbed||Gradually add the hot stock, stirring until each addition is absorbed. Keep stirring until the rice is tender||Season with the lemon juice and zest, and pepper to taste. (there will probably be sufficient saltiness from the salmon to not need to add salt) Stir gently to heat through||Serve scattered with the Parmesan and seasonal vegetables.||Grill the salmon and gently place onto the risotto with the prawns and asparagus"
salmon-noodle-soup,Salmon noodle soup,https://www.themealdb.com/images/media/meals/ikizdm1763760862.jpg,https://www.bbcgoodfood.com/recipes/salmon-noodle-soup,Vietnamese,Seafood,25,500,35,yes,balanced,4,1|l|chicken stock|meat and fish;2|tsp|thai red curry paste|dry goods;100|g|rice noodles|dry goods;150|g|shiitake mushrooms|produce;125|g|sweetcorn|produce;2||salmon|meat and fish;2||lime|produce;1|tbsp|soy sauce|dry goods;1|pinch|brown sugar|dry goods;1|bunch|coriander|produce,"Pour the stock into a large pan, bring to the boil, then stir in the curry paste. Add the noodles and cook for 8 mins. Tip in the mushrooms and corn and cook for 2 mins more.||Add the salmon to the pan and cook for 3 mins or until cooked through. Remove from the heat and stir in the lime juice, soy sauce and a pinch of sugar. Ladle into 4 bowls and sprinkle over the coriander just before you serve."
salmon-noodle-wraps,Salmon noodle wraps,https://www.themealdb.com/images/media/meals/prrirc1763781360.jpg,https://www.bbcgoodfood.com/recipes/salmon-noodle-wraps,Vietnamese,Seafood,25,500,35,no,balanced,4,100|g|rice noodles|dry goods;3||spring onions|produce;50|g|petit pois|dry goods;85|g|chilli|produce;85|g|coriander|produce;85|g|lime|produce;300|g|salmon|meat and fish,"Heat oven to 200C/fan 180C/gas 6. Put the noodles in a bowl and pour over enough boiling water to just cover them. Leave for 2 mins, until they are bendable, but not too soft, then drain well. Return to the bowl with the spring onions, petit pois, salt and pepper and a third of the butter. Mix well until the butter has melted.||Pile the noodles and vegetables onto two large squares of baking parchment, then sit the salmon on top. Slice the remaining butter and arrange over the top of the salmon. Bring the ends of the paper over the fish, fold them together to seal, then tuck the ends of the paper underneath so there are no gaps. Put the parcels on a baking sheet and bake for 15-20 mins. Transfer to dinner plates and serve without delay."
salt-pepper-squid,Salt & pepper squid,https://www.themealdb.com/images/media/meals/yxiilf1763759428.jpg,https://www.bbcgoodfood.com/recipes/salt-pepper-squid,Vietnamese,Seafood,25,500,35,no,balanced,4,85|g|corn flour|produce;85|g|plain flour|dry goods;2|tsp|black pepper|produce;2|tsp|szechuan peppercorns|produce;1||sunflower oil|dry goods;400|g|squid|meat and fish;1||spring onions|produce;1||green chilli|produce;1||red chilli|produce;0.5||cucumber|produce;1||red onions|produce;100|ml|rice vinegar|dry goods;1|tbsp|caster sugar|dry goods;2|tsp|fish sauce|meat and fish,"To make the dipping sauce, mix all the ingredients in a small bowl until the sugar has dissolved, then set aside. Mix the cornflour and plain flour with both peppers and 2 tsp sea salt in a large bowl, then set aside. Line a tray with kitchen paper and make sure you have more salt to sprinkle with.||Heat about 7cm of oil to 180C in a deep fryer, wok or deep pan. If you don’t have a thermometer, you can test it with a cube of bread – it should brown in 20 secs. Coat the squid well with the flour mix and fry in batches for about 2 mins each or until crisp. Use a slotted spoon to lift out the squid, then drain on the kitchen paper and sprinkle with a little more salt. Serve the squid scattered with the spring onion and chilli, with the dipping sauce on the side."
salt-beef-and-beans,Salt Beef and Beans,https://www.themealdb.com/images/media/meals/dnd87q1782775269.jpg,https://www.ourcayman.ky/en-us/about/more-about-cayman/recipes,,Beef,35,650,40,yes,high-protein,4,454|g|corned beef|meat and fish;360|ml|kidney beans|dry goods;1||scotch bonnet|dry goods;2||scallions|produce;0.25|tsp|thyme|produce;1|clove|garlic|produce;480|ml|water|dry goods;720|ml|coconut milk|dairy;2||bay leaf|dry goods;6||allspice|dry goods;2|clove|garlic|produce,"Cover the diced salt beef with water and bring to a boil. Repeat as necessary, draining and replacing water to eliminate some of the brine. In a separate pan, place beans in water, add coconut milk, bay leaves, pimento seeds, whole garlic, whole scotch bonnet pepper and scallions. Slowly bring to a boil and simmer for about 2 hours, or until beans are tender. Add salt beef, onions, thyme and crushed garlic and simmer for another 20 minutes. Adjust seasonings if necessary. Remove the bay leaves and scotch bonnet pepper, being careful not to burst the pepper. Serve with white rice and your choice of salad or vegetables."
salt-cod-tortilla,Salt cod tortilla,https://www.themealdb.com/images/media/meals/njj1681763297231.jpg,https://www.bbcgoodfood.com/recipes/salt-cod-tortilla,Spanish,Seafood,30,500,35,yes,balanced,4,4|tbsp|olive oil|dry goods;1||onion|produce;300|g|jersey royal potatoes|produce;2|clove|garlic|produce;8||egg|dairy;2.5|tbsp|parsley|produce;300|g|salt cod|meat and fish,"Heat half the oil in a frying pan, and sauté the onion over a medium heat until soft and pale gold – this will take about 8 mins. Remove from the pan, set aside, and add the potatoes to the pan. Cook until they are tender but not falling apart, carefully turning every so often. Cover the pan some of the time to help the slices cook through. Add the onions back to the pan along with the garlic and cook for another 4 mins. Tip into a bowl with the eggs, parsley and some seasoning and mix together. Leave to sit for half an hour.||Meanwhile, put the cod in a saucepan and cover with water. Bring up to a simmer. Remove from the heat, cover and leave for 10 mins. Drain, leave to cool and remove the skin and any bones. Break into large flakes and add to the potato and egg mixture.||Heat the rest of the oil in a non-stick frying pan. Pour in the tortilla mix and cook over a medium-low heat until it is just set and coming away from the sides of the pan. You might need to cover it to help the centre set. Be careful not to overcook it. Put a spatula underneath the tortilla every so often to make sure it isn’t sticking. Slide the tortilla onto a plate, then put the pan on top and flip the tortilla into it, uncooked side-down. Cook over a low heat until golden, or grill until just set. Leave to cool a little before serving."
saltfish-and-ackee,Saltfish and Ackee,https://www.themealdb.com/images/media/meals/vytypy1511883765.jpg,https://www.bbc.co.uk/food/recipes/saltfish__ackee_with_64803,Jamaican,Seafood,75,500,35,no,balanced,4,450|g|salt cod|meat and fish;400|g|ackee|dry goods;1||onion|produce;1|tsp|paprika|dry goods;2|tsp|curry powder|dry goods;2|tsp|jerusalem artichokes|dry goods;1|tsp|hotsauce|dry goods;1||red pepper|produce;1||yellow pepper|produce;200|g|tomatoes|produce;1||salt|dry goods;1||pepper|produce;250|g|self-raising flour|dry goods;30|g|suet|dry goods;1|pinch|salt|dry goods;1||olive oil|dry goods,"For the saltfish, soak the salt cod overnight, changing the water a couple of times.||Drain, then put the cod in a large pan of fresh water and bring to the boil. Drain again, add fresh water and bring to the boil again.||Simmer for about five minutes, or until cooked through, then drain and flake the fish into large pieces. Discard any skin or bones.||For the dumplings, mix the flour and suet with a pinch of salt and 250ml/9fl oz water to make a dough.||Wrap the mixture in clingfilm and leave in the fridge to rest.||Open the can of ackee, drain and rinse, then set aside.||Heat a tablespoon of olive oil in a pan and fry the onion until softened but not brown.||Add the spices, seasoning, pepper sauce and sliced peppers and continue to fry until the peppers are tender.||Add the chopped tomatoes, then the salt cod and mix together. Lastly stir in the ackee very gently and leave to simmer until ready to serve.||When you’re almost ready to eat, heat about 1cm/½in vegetable oil in a frying pan and heat until just smoking.||Shape the dumpling mix into plum-size balls and shallow-fry until golden-brown. (CAUTION: hot oil can be dangerous. Do not leave the pan unattended.)||Drain the dumplings on kitchen paper and serve with the saltfish and ackee."
samlar-kari-khmer-red-curry,Samlar Kari – Khmer Red Curry,https://www.themealdb.com/images/media/meals/k5qzdl1782689660.jpg,https://recipes-for-life.com/cambodian-recipes/,,Chicken,75,550,38,yes,high-protein,4,1|tbsp|vegetable oil|dry goods;454|g|chicken thighs|meat and fish;1||onion|produce;3|clove|garlic|produce;1|tbsp|ginger|produce;2|tbsp|red curry paste|dry goods;1|tin|coconut milk|dairy;240|ml|chicken stock|meat and fish;1|tbsp|fish sauce|meat and fish;1|tbsp|brown sugar|dry goods;240|ml|bamboo shoot|dry goods;1||red pepper|produce;1|pinch|basil|produce;1||lime|produce,"1. Heat 1 tbsp vegetable oil in a large pot or Dutch oven over medium-high heat until it shimmers, about 2 minutes.||2. Add 1 lb chicken pieces to the pot and cook until browned on all sides, approximately 5–7 minutes, stirring occasionally to prevent sticking.||3. Remove the chicken from the pot and set it aside on a plate, leaving any oil and juices in the pot.||4. Reduce the heat to medium and add 1 sliced onion to the pot, cooking until softened and translucent, about 4 minutes.||5. Stir in 3 cloves minced garlic and 1 tbsp grated ginger, cooking for 1 minute until fragrant to avoid burning.||6. Add 2 tbsp red curry paste to the pot and cook for 1 minute, stirring constantly to toast the spices and deepen the flavor.||7. Pour in 1 can coconut milk and 1 cup chicken broth, scraping the bottom of the pot to incorporate any browned bits for extra richness.||8. Stir in 1 tbsp fish sauce and 1 tbsp palm sugar until fully dissolved, then return the browned chicken to the pot.||9. Bring the mixture to a gentle boil, then reduce the heat to low, cover, and simmer for 15 minutes to allow the flavors to meld.||10. Add 1 cup bamboo shoots and 1 sliced red bell pepper to the pot, simmering uncovered for an additional 5 minutes until the vegetables are tender-crisp.||11. Remove the pot from the heat and stir in 1 cup Thai basil leaves until just wilted, about 1 minute, to preserve their fresh aroma.||12. Serve the curry hot, garnished with lime wedges for a bright, acidic finish."
samlar-machu-kreung-cambodian-sour-stew,Samlar Machu Kreung – Cambodian Sour Stew,https://www.themealdb.com/images/media/meals/bmbvjk1782770310.jpg,https://recipes-for-life.com/cambodian-recipes/,,Chicken,80,550,38,no,high-protein,4,454|g|chicken thighs|meat and fish;1|tbsp|vegetable oil|dry goods;960|ml|water|dry goods;2|tbsp|tamarind paste|dry goods;1|tbsp|fish sauce|meat and fish;1|tsp|sugar|dry goods;240|ml|pineapple chunks|produce;240|ml|cherry tomatoes|produce;240|ml|green beans|dry goods;1||lemongrass|produce;2||kaffir lime leaves|produce;1||chilli|produce,"1. Heat 1 tbsp vegetable oil in a large pot over medium-high heat until it shimmers, about 1 minute.||2. Add 1 lb boneless, skinless chicken thighs to the pot and cook until browned on all sides, approximately 5-7 minutes, stirring occasionally to prevent sticking.||3. Pour 4 cups water into the pot and bring to a boil, then reduce heat to a simmer.||4. Stir in 2 tbsp tamarind paste, 1 tbsp fish sauce, and 1 tsp sugar until fully dissolved, about 1 minute.||5. Add 1 stalk lemongrass and 2 kaffir lime leaves to the pot, then cover and simmer for 10 minutes to infuse the broth with flavor.||6. Tip: Bruising the lemongrass before adding helps release its essential oils for a more aromatic stew.||7. Add 1 cup pineapple chunks, 1 cup cherry tomatoes, and 1 cup green beans to the pot, stirring gently to combine.||8. Simmer uncovered for 10-12 minutes, or until the green beans are tender but still crisp and the tomatoes start to soften.||9. Tip: Avoid overcooking the vegetables to maintain their vibrant color and texture in the final dish.||10. Stir in 1 Thai chili and simmer for an additional 2 minutes to incorporate the heat.||11. Tip: Taste the broth and adjust with extra tamarind paste or fish sauce if desired, but do so gradually to avoid overpowering the balance.||12. Remove the pot from heat and discard the lemongrass and kaffir lime leaves before serving.||13. Present the stew hot in bowls, optionally garnished with fresh herbs like cilantro."
satee,Satee,https://www.themealdb.com/images/media/meals/dqxtlh1780153831.jpg,https://www.visitaruba.com/aruba-recipes/satee/,,Beef,90,650,40,yes,high-protein,4,1||onion|produce;2|clove|garlic|produce;2||lemons|produce;2|tbsp|sugar|dry goods;240|ml|soy sauce|dry goods;1|tsp|salt|dry goods;1|tsp|ground coriander|produce;240|ml|oil|dry goods;1814|g|beef|meat and fish;240|ml|oil|dry goods;2|tbsp|soy sauce|dry goods,"To make the marinade for the satee put in the container of an electric blender:||1 large onion, coarsely chopped 2 cloves of garlic||Juice of 2 lemons||2Tbs. of sugar 1 cup of soy sauce||1 tsp. salt 1 tsp. ground coriander for beef (or chicken) or 1 tsp. ground ginger for pork||Blend thoroughly and pour over:||5 lbs. of beef or pork tenderloin, cubed||DO NOT marinate overnight, but only for a few hours.||Place the meat on: 36 skewers||2 Tbs. Soy sauce||Pour into a large shallow dish.||To keep meat from becoming dry, roll each skewer in seasoned oil before frying.||Satee is also excellent when barbecued."
sauerkraut-and-fish-salad,Sauerkraut and Fish Salad,https://www.themealdb.com/images/media/meals/2i0plx1784837241.jpg,https://estoniancuisine.com/2021/01/09/sauerkraut-and-fish-salad-hapukapsa-kalasalat/,,Seafood,30,500,35,yes,balanced,4,200|g|sauerkraut|dry goods;100|g|smoked haddock|meat and fish;1||egg|dairy;2||rye bread|dry goods;200|g|oil|dry goods;1||honey|dry goods;1|pinch|salt|dry goods,"1.Boil eggs and toast bread slices.||mix together salad dressing. NB! you can serve this salad with sour cream dressing. It would be different but still very delicious||Mix together sauerkraut, sliced egg, fish and bread pieces. Serve"
sauerkraut-pierogi,Sauerkraut pierogi,https://www.themealdb.com/images/media/meals/ckbx1h1764123606.jpg,https://www.bbcgoodfood.com/recipes/pierogi,Polish,Vegetarian,60,450,18,yes,light,4,1|tbsp|sunflower oil|dry goods;2||shallots|produce;150|g|sauerkraut|dry goods;150|g|hispi (sweetheart) cabbage|produce;1||egg|dairy;0.5|tbsp|vegetable oil|dry goods;350|g|plain flour|dry goods;1||vegetable oil|dry goods;2||shallots|produce;1||plain flour|dry goods;45|g|butter|dairy;60|ml|sour cream|dairy,"First, make the crispy shallots. Heat the oil in a saucepan to 180C (a cube of bread will turn golden in 15 secs). Toss the shallots in a little flour and deep-fry for 1 min or until light golden and crispy. Drain on kitchen paper. Can be made up to two days before and kept in an airtight container.||To make the filling, heat the oil in a medium non-stick frying pan and gently fry the shallots for 10 mins until starting to turn golden.||Add the sauerkraut and cabbage, and cook for 5-10 mins until the cabbage has softened. Taste and add a little salt if under-seasoned, or sugar if stringent. Scrape into a bowl and leave to cool completely.||To make the dough, mix the eggs and oil with 125ml water, then gradually add in the flour, mixing well with your hands. Knead it on a well-floured surface until the dough stops sticking to your hands. You should end up with firm, elastic dough. Wrap it in cling film and rest in the fridge for at least 30 mins, or overnight.||Flour your work surface generously. Roll out the dough to a 40cm circle or until the dough is as thick as £1 coin.||Using a 9cm cookie cutter, cut out discs in the dough – you should end up with about 25 discs. Do not throw away the off-cuts – we throw them in with the pierogi when boiling to minimise any waste.||Have a well-floured tray ready. Put 1 tsp of the filling into the centre of each disc. In your hand, fold in half around the filling and seal to create half-moon shapes. Put them on the floured tray, making sure they don’t touch each other.||Bring a large saucepan of salted water to the boil and carefully lower the pierogi in. Boil them for 2 mins or until they float to the top.||Drain and serve with a knob of butter and some soured cream. Finish by sprinkling the crispy shallots on top to serve."
sauerkraut-pierogii,Sauerkraut pierogii,https://www.themealdb.com/images/media/meals/gqlxgc1764368767.jpg,https://www.bbcgoodfood.com/recipes/pierogi,Ukrainian,Vegetarian,60,450,18,yes,light,4,1|tbsp|sunflower oil|dry goods;2||shallots|produce;150|g|sauerkraut|dry goods;150|g|hispi (sweetheart) cabbage|produce;1||egg|dairy;0.5|tbsp|vegetable oil|dry goods;350|g|plain flour|dry goods;1||vegetable oil|dry goods;2||shallots|produce;1||plain flour|dry goods;45|g|butter|dairy;60|ml|sour cream|dairy,"First, make the crispy shallots. Heat the oil in a saucepan to 180C (a cube of bread will turn golden in 15 secs). Toss the shallots in a little flour and deep-fry for 1 min or until light golden and crispy. Drain on kitchen paper. Can be made up to two days before and kept in an airtight container.||To make the filling, heat the oil in a medium non-stick frying pan and gently fry the shallots for 10 mins until starting to turn golden.||Add the sauerkraut and cabbage, and cook for 5-10 mins until the cabbage has softened. Taste and add a little salt if under-seasoned, or sugar if stringent. Scrape into a bowl and leave to cool completely.||To make the dough, mix the eggs and oil with 125ml water, then gradually add in the flour, mixing well with your hands. Knead it on a well-floured surface until the dough stops sticking to your hands. You should end up with firm, elastic dough. Wrap it in cling film and rest in the fridge for at least 30 mins, or overnight.||Flour your work surface generously. Roll out the dough to a 40cm circle or until the dough is as thick as £1 coin.||Using a 9cm cookie cutter, cut out discs in the dough – you should end up with about 25 discs. Do not throw away the off-cuts – we throw them in with the pierogi when boiling to minimise any waste.||Have a well-floured tray ready. Put 1 tsp of the filling into the centre of each disc. In your hand, fold in half around the filling and seal to create half-moon shapes. Put them on the floured tray, making sure they don’t touch each other.||Bring a large saucepan of salted water to the boil and carefully lower the pierogi in. Boil them for 2 mins or until they float to the top.||Drain and serve with a knob of butter and some soured cream. Finish by sprinkling the crispy shallots on top to serve."
seafood-fideu,Seafood fideuà,https://www.themealdb.com/images/media/meals/wqqvyq1511179730.jpg,https://www.bbcgoodfood.com/recipes/seafood-fideua-paella,Spanish,Seafood,40,500,35,yes,balanced,4,400|g|mussels|meat and fish;8||prawns|meat and fish;2|pinch|saffron|dry goods;350|g|vermicelli pasta|dry goods;5||olive oil|dry goods;1||onions|produce;3|clove|garlic|produce;2|tbsp|paprika|dry goods;1||monkfish|meat and fish;4||baby squid|meat and fish;650|ml|fish stock|meat and fish;2||tomatoes|produce;1||lemon|produce;1||parsley|produce,"Boil the kettle. Empty the mussels into a colander and run under cold water. Throw away any with broken shells. Pick through the shells, tapping each one on the side of the sink – they should be closed or should slowly close when tapped – if they stay open, throw them away. If any of the shells still have barnacles or stringy beards attached, pull them off with a cutlery knife and rinse the shells well. Keep in the colander, covered with a cold, damp cloth, until you’re ready to cook. Peel the prawn shells on the body section only – leave the heads and tails intact. Score down the backs and pull out any gritty entrails. Chill until you’re ready to cook.||Put the saffron in a small cup, cover with 50ml kettle-hot water and set aside for 10 mins. If using vermicelli, put in a bowl and crush to little pieces (about 1cm long) with your hands.||Heat the oil in a large frying pan with at least a 3cm lip, or a 40cm paella pan. Add the onion and stir around the pan for 5 mins until soft. Add the garlic and cook for 1 min more, then tip in the vermicelli and cook for 5 mins, stirring from time to time, until the vermicelli is toasted brown. Stir in the paprika.||Keeping the heat moderate, stir through the monkfish, squid and saffron with its water, seasoning well. Spread the ingredients out in an even layer, then pour over the hot stock and scatter the tomatoes on top. Bring to a simmer, then cover the whole dish with a tight-fitting lid (or foil). Turn the heat to medium and cook for 6 mins.||Uncover and stir to incorporate the dry top layer of pasta. Push the mussels into the pasta so the hinges are buried in the bottom of the dish, and they stand straight up. Arrange the prawns on top, cover tightly and cook for another 6 mins or until the mussels are open, the prawns are pink and the pasta is cooked through. Leave to simmer for another 2-3 mins to cook off most of the remaining liquid (leave a little in the pan to prevent the pasta from sticking together). Allow to sit for 2-3 mins, then squeeze over the lemon juice and arrange the wedges on top. Scatter with parsley before serving."
seafood-rice,Seafood rice,https://www.themealdb.com/images/media/meals/5r5rvx1763287943.jpg,https://www.bbcgoodfood.com/recipes/easiest-ever-paella,Spanish,Seafood,25,500,35,yes,balanced,4,1|tbsp|olive oil|dry goods;1||leek|produce;110|g|chorizo|meat and fish;1|tsp|turmeric|dry goods;300|g|rice|dry goods;1|l|fish stock|meat and fish;200|g|peas|produce;400|g|frozen seafood mix|freezer,"Heat the oil in a deep frying pan, then soften the leek for 5 mins without browning. Add the chorizo and fry until it releases its oils. Stir in the turmeric and rice until coated by the oils, then pour in the stock. Bring to the boil, then simmer for 15 mins, stirring occasionally.||Tip in the peas and cook for 5 mins, then stir in the seafood to heat through for a final 1-2 mins cooking or until rice is cooked. Check for seasoning and serve immediately with lemon wedges."
seswaa,Seswaa,https://www.themealdb.com/images/media/meals/p7eid81782503889.jpg,https://www.myburntorange.com/how-to-make-seswaa/,,Beef,50,650,40,yes,high-protein,4,1|kg|beef|meat and fish;1||onion|produce;3||bay leaf|dry goods;1||salt|dry goods;1||black pepper|produce;1|l|water|dry goods,"Pre heat the oven to 160 degrees Celsius. Cut the meat into large chunks then brown in a dish suitable for slow cooking in the oven such as a cast iron casserole dish.||Add the whole peeled onion, salt, cracked black pepper, water and bay leaves. Bring to the boil then cover and place into the oven for 4 hours.||After 4 hours, remove from oven and place onto the stove burner in order to cook off most of the remaining liquid. Use a wooden spoon to pound or mash up the meat, the meat should fall apart quite easily. and will appear shredded. You may brown the meat further if desired.||Check seasoning then serve with polenta or the more traditional thick cornmeal porridge known as pap or sadza, and a side of green vegetables."
shakshouka,Shakshouka,https://www.themealdb.com/images/media/meals/crd1jz1763592990.jpg,https://cookpad.com/eng/recipes/24999905?ref=search&search_term=saudi+arabia,Saudi Arabian,Miscellaneous,55,550,28,yes,balanced,4,250|g|tomato|produce;40|ml|extra virgin olive oil|dry goods;4||egg|dairy;4||garlic clove|produce;1||black pepper|produce;1||salt|dry goods,"First, pan fry the black pepper and garlic over a dry medium heat until fragrant.||Add a good amount of extra virgin olive oil and infuse for a minute.||Once the oil heats up, add the tomatoes and salt, and cover with a lid. Simmer for 5 minutes.||Remove the lid and mash the tomatoes. Reduce until you reach the desired consistency of choice.||Make craters for the eggs and lower the heat. Carefully crack the eggs into the craters, making sure it touches the pan and not the tomato sauce.||Cover the eggs and leave it for 5 minutes without lifting the lid.||Remove from the heat and let the residual heat steam the eggs for 1-2 minutes.||Serve with flatbread. Enjoy!"
shakshuka,Shakshuka,https://www.themealdb.com/images/media/meals/g373701551450225.jpg,https://www.bbcgoodfood.com/recipes/7573/spicy-tomato-baked-eggs,Egyptian,Vegetarian,25,450,18,no,light,4,1|tbsp|olive oil|dry goods;2||red onions|produce;1||red chilli|produce;1|clove|garlic|produce;1||coriander|produce;800|g|cherry tomatoes|produce;1|tbsp|caster sugar|dry goods;4||eggs|dairy;1||feta|dry goods,"Heat the oil in a frying pan that has a lid, then soften the onions, chilli, garlic and coriander stalks for 5 mins until soft. Stir in the tomatoes and sugar, then bubble for 8-10 mins until thick. Can be frozen for 1 month.||Using the back of a large spoon, make 4 dips in the sauce, then crack an egg into each one. Put a lid on the pan, then cook over a low heat for 6-8 mins, until the eggs are done to your liking. Scatter with the coriander leaves and serve with crusty bread."
shakshuka-feta-cheese,Shakshuka Feta Cheese,https://www.themealdb.com/images/media/meals/wpkfin1763597958.jpg,https://cookpad.com/eng/recipes/22551672?ref=search&search_term=saudi+arabia,Saudi Arabian,Miscellaneous,40,550,28,yes,balanced,4,4||egg|dairy;3|tbsp|tomato sauce|produce;1|tbsp|olive oil|dry goods;1||shallots|produce;1||celery|produce;1|clove|garlic|produce;240|ml|spinach|produce;120|ml|feta|dry goods;0.5||red pepper|produce;1|tsp|ground cumin|dry goods;0.5|tsp|salt|dry goods;0.5|tsp|black pepper|produce,"In a pan heat the oil medium to high heat, with a tablespoon of olive oil||Add the chopped vegetables as onions, garlic, celery and red pepper. Stir all together for 5 mins.||Add the cumin powder and salt and pepper and the tomato sauce and let it cook for another 7 mins.||Add the eggs, cover and leave to coo for 8 mins. Add the fresh spinach and feta cheese at the end.||Serve with fresh bread."
shawarma,Shawarma,https://www.themealdb.com/images/media/meals/kcv6hj1598733479.jpg,https://www.recipetineats.com/chicken-sharwama-middle-eastern/,Egyptian,Chicken,60,550,38,no,high-protein,4,1|kg|chicken thighs|meat and fish;1|tbsp|coriander|produce;1|tbsp|cumin|dry goods;1|tbsp|cardamom|dry goods;1|tsp|cayenne pepper|produce;2|tsp|paprika|dry goods;2|tbsp|lemon juice|produce;3|tbsp|olive oil|dry goods;240|ml|greek yogurt|dairy;1||garlic clove|produce;1|tsp|cumin|dry goods;1||lemon juice|produce;1||lettuce|produce;1||tomato|produce;6||pita bread|dry goods,"Combine the marinade ingredients in a large ziplock bag (or bowl).||Add the chicken and use your hands to make sure each piece is coated. If using a ziplock bag, I find it convenient to close the bag then massage the bag to disperse the rub all over each chicken piece.||Marinate overnight or up to 24 hours.||Combine the Yoghurt Sauce ingredients in a bowl and mix. Cover and put in the fridge until required (it will last for 3 days in the fridge).||Heat grill/BBQ (or large heavy based pan on stove) on medium high. You should not need to oil it because the marinade has oil in it and also thigh fillets have fat. But if you are worried then oil your hotplate/grill. (See notes for baking)||Place chicken on the grill and cook the first side for 4 to 5 minutes until nicely charred, then turn and cook the other side for 3 to 4 minutes (the 2nd side takes less time).||Remove chicken from the grill and cover loosely with foil. Set aside to rest for 5 minutes.||Slice chicken and pile onto platter alongside flatbreads, Salad and the Yoghurt Sauce.||To make a wrap, get a piece of flatbread and smear with Yoghurt Sauce. Top with a bit of lettuce and tomato and Chicken Shawarma. Roll up and enjoy!"
shawarma-chuck-roast-wrap,Shawarma chuck roast wrap,https://www.themealdb.com/images/media/meals/swo87v1763595282.jpg,https://cookpad.com/eng/recipes/24415920?ref=search&search_term=saudi+arabia,Saudi Arabian,Beef,75,650,40,no,high-protein,4,1|kg|chuck roast|dry goods;240|ml|beef stock|meat and fish;3|tbsp|lemon juice|produce;1|tbsp|ground cumin|dry goods;2|tsp|paprika|dry goods;1|tsp|salt|dry goods;1|tsp|ground ginger|produce;1|tsp|turmeric|dry goods;0.5|tsp|cayenne pepper|produce;0.5|tsp|ground cinnamon|dry goods;0.5|tsp|ground coriander|produce;0.25|tsp|ground clove|dry goods,"In a dutch oven or slow cooker, add all the spices, beef broth and lemon juice. Stir to combine..||Add the beef and turn to coat, spoon some sauce over the top.||Cover and cook on low for 8-10 hours.||After cooking, remove beef and use two forks to shred. Discard any excess fat.||Skim fat off of the top of the liquid remaining.||Mix shredded beef into sauce. Keep warm until you are ready to serve.||Build wrap by spreading garlic sauce on the pita. Top with beef and add garnishes to your liking.||Fold it burrito style.||Heat a grill pan and grill the wrap."
shrimp-chow-fun,Shrimp Chow Fun,https://www.themealdb.com/images/media/meals/1529445434.jpg,https://sueandgambo.com/pages/shrimp-chow-fun,Chinese,Seafood,85,500,35,no,balanced,4,0.5||rice stick noodles|dry goods;227|g|prawns|meat and fish;0.5||egg|dairy;1|pinch|pepper|produce;2|tsp|sesame seed oil|dry goods;2|tbsp|cornstarch|produce;4|tbsp|oil|dry goods;1|tsp|minced garlic|meat and fish;1|tsp|ginger|produce;120|ml|onion|produce;240|ml|bean sprouts|produce;120|ml|spring onions|produce;1|tbsp|cooking wine|dry goods;1|tbsp|oyster sauce|dry goods;0.5|tbsp|sugar|dry goods;0.5|tbsp|vinegar|dry goods;1|tbsp|soy sauce|dry goods,"- SOAK THE RICE NOODLES||Soak the rice noodles overnight untill they are soft||- BOIL THE RICE NOODLES||Boil the noodles for 10-15 minutes and then rinse with cold water to stop the cooking process of the noodles.||-MARINATING THE SHRIMP||In a bowl add the shrimp, egg, 1 pinch of white pepper, 1 Teaspoon of sesame seed oil, 1 Tablespoon corn starch and 1 tablespoon of oil||Mix together well||In a wok add 2 Tablespoons of oil, shrimp and stir fry them until it is golden brown||Set the shrimp aside||Add 1 Tablespoon of oil to the work and then add minced garlic, ginger and all of the vegetables.||Add the noodles to the wok||Next add sherry cooking wine, oyster sauce, sugar, vinegar, sesame seed oil, 1 pinch white pepper, and soy sauce||Add back in the shrimp||To thicken the sauce, whisk together 1 Tablespoon of corn starch and 2 Tablespoon of water in a bowl and slowly add to your stir-fry until it's the right thickness."
shrimp-with-snow-peas,Shrimp With Snow Peas,https://www.themealdb.com/images/media/meals/fpl3mv1766433431.jpg,https://www.simplyrecipes.com/recipes/shrimp_with_snow_peas/,Chinese,Seafood,60,500,35,yes,balanced,4,2|tsp|cornstarch|produce;1|tbsp|dry sherry|dry goods;0.5|tsp|kosher salt|dry goods;454|g|shrimp|meat and fish;2|tbsp|peanut oil|dry goods;1|tbsp|ground ginger|produce;3|clove|garlic|produce;227|g|snow peas|produce;2|tsp|soy sauce|dry goods;60|ml|chicken stock|meat and fish;4||scallions|produce;2|tsp|sesame seed oil|dry goods,"You can also use sugar snap peas for this recipe. Save prep time by prepping the peas, ginger, and garlic while the shrimp is marinating.||Marinate the shrimp:||Mix all marinade ingredients in a large bowl, then add the shrimp. Toss to coat. Let sit for 15 to 20 minutes while you prep the peas, ginger, and garlic.||Stir-fry the ginger and garlic:||Heat a wok or large sauté pan over high heat for 1 minute. Add the peanut oil and let it get hot, about 30 seconds. Add the ginger and garlic and toss to combine. Stir-fry for about 30 seconds.||Add the shrimp, snow peas, soy sauce, stock:||Add the shrimp and all the marinade to the pan (scrape out all the marinade with a rubber spatula). Add the snow peas, soy sauce and chicken stock. Stir-fry until the shrimp turns pink, about 2 minutes.||Add the scallions and finish with sesame oil:||Add the scallions and stir-fry 1 more minute. Turn off the heat and add the sesame oil. Toss to combine once more and serve with steamed rice."
sichuan-eggplant,Sichuan Eggplant,https://www.themealdb.com/images/media/meals/1oz4nb1765687990.jpg,https://www.simplyrecipes.com/recipes/sichuan_eggplant/,Chinese,Vegetarian,90,450,18,no,light,4,680|g|egg plants|dairy;2|tbsp|peanut oil|dry goods;60|ml|chicken stock|meat and fish;2|tsp|sugar|dry goods;0.5|tsp|soy sauce|dry goods;1|tbsp|chilli bean paste|produce;2|tsp|sichuan pepper|produce;2|tsp|ginger|produce;5|clove|garlic|produce;1|tsp|cornstarch|produce;2|tsp|apple cider vinegar|produce;4||scallions|produce;1||cilantro|dry goods,"This recipe calls for asian eggplants, or Japanese eggplants. They are long and thin compared to a European or globe eggplant, and much more tender and delicate. If you can't find them you can substitute globe eggplant, but the dish is really best with the asian eggplant.||*A lot of grocery stores have Asian ingredient aisles now. You should be able to find chili-bean paste, a mixture of preserved chilies mixed with mashed soybeans, there or at any Asian market. (Do not confuse with black bean paste or chili-garlic paste.)||**Sichuan peppercorns are available at some stores and online for quite cheap. They aren't spicy like other peppers but rather have a citrusy flavor and induce a tingly, numbing sensation like a carbonated drink.||Prep eggplant, chili sauce, cornstarch slurry, vinegar and scallions:||Begin your mise en place. Quarter the eggplant lengthwise and chop into large batons and set aside.||In a small bowl, mix together the chicken stock, sugar, and soy sauce and set it aside.||In a second bowl, mix together the chili bean paste, garlic, ginger, and sichuan peppercorns and set it aside.||In a third bowl, mix together the cornstarch with a tablespoon of water and set it aside.||Lastly, in a fourth bowl, mix together the scallions and vinegar and set it aside.||Sauté eggplant:||Place the oil in a wok or large sauté pan over medium-high heat until the oil is almost smoking. Add the eggplant and sauté, allowing it to sit for a few seconds each time you move it to allow it to brown and blister. If the eggplant absorbs all the oil and some pieces don't get any then add a little more oil.||Add the chili bean paste, garlic, ginger, and sichuan peppercorns and sauté:||until fragrant, about 30 seconds.||Add the chicken stock mixture:||turn the heat to medium-low and simmer for 90 seconds.||Add the cornstarch mixture:||and stir together until the sauce thickens a bit.||Add the scallions and vinegar:||and cook for 15 seconds to diffuse their harsh flavors a bit.||Garnish with cilantro and serve."
sichuan-style-stir-fried-chinese-long-beans,Sichuan Style Stir-Fried Chinese Long Beans,https://www.themealdb.com/images/media/meals/i0610h1765659464.jpg,https://www.simplyrecipes.com/recipes/sichuan_style_stir_fried_chinese_long_beans/,Chinese,Vegetarian,25,450,18,no,light,4,227|g|chinese long beans|dry goods;1|tbsp|peanut oil|dry goods;6||dried chillies|produce;1|tsp|sichuan pepper|produce;0.25|tsp|salt|dry goods;0.5|tsp|sugar|dry goods;1|tbsp|sesame seed oil|dry goods;1||soy sauce|dry goods,"Chinese long beans can be found in both green and purple varieties. Both have similar flavors and textures, and either kind can be used for this recipe.||If you don't have a wok, use a sturdy, large sauté pan that has at least a two-inch lip."
silken-tofu-with-sesame-soy-sauce,Silken Tofu with Sesame Soy Sauce,https://www.themealdb.com/images/media/meals/j9nray1765657692.jpg,https://www.simplyrecipes.com/silken-tofu-with-sesame-soy-sauce-recipe-6979877,Chinese,Vegetarian,40,450,18,yes,light,4,454|g|silken tofu|dry goods;3|tbsp|soy sauce|dry goods;2|tbsp|chinese sesame sauce|dry goods;1||scallions|produce;2|tsp|sesame seed|dry goods,"Prepare the tofu:||Drain the tofu and gently remove it from its packaging onto a large plate. Carefully slice the tofu into 1/2-inch slabs widthwise. With the palm of your hands, gently push the sliced tofu sidewise so that they fan out over the plate.||Garnish with toppings and serve:||Drizzle the soy sauce and sesame sauce on top. Then garnish it with scallions and sesame seeds, and serve.||Tightly cover leftovers and refrigerate for up to 2 days. You can enjoy it cold straight out of the fridge or you can reheat it by microwaving in 30-second increments until warmed through"
singapore-noodles-with-shrimp,Singapore Noodles with Shrimp,https://www.themealdb.com/images/media/meals/f3cxnc1765656994.jpg,https://www.simplyrecipes.com/recipes/singapore_noodles_with_shrimp/,Chinese,Seafood,90,500,35,no,balanced,4,2|tsp|sesame seed oil|dry goods;2|tbsp|soy sauce|dry goods;2|tbsp|seasoned rice vinegar|dry goods;170|g|vermicelli rice noodles|dry goods;2||egg|dairy;2||ground ginger|produce;1|clove|garlic|produce;2||carrots|produce;1||jalapeno|dry goods;0.5||onion|produce;0.5|tsp|salt|dry goods;113|g|ham|meat and fish;0.5||napa cabbage|produce;4||scallions|produce;0.5||red pepper|produce;2|tsp|curry powder|dry goods;227|g|shrimp|meat and fish;2|tbsp|cilantro leaves|dry goods,"For the sweet onion, look for Vidalia, OSO Sweet, or Walla Walla. The super-sweet varieties are more suited to this stir-fry because at the end of cooking, the onion still has a slight crunch.||Make the sauce:||In a bowl, combine the sesame oil, soy sauce, and rice vinegar.||Cook the rice noodles:||Bring a large saucepan of water to a boil, add the noodles, and use tongs to turn them so they are submerged. Cook for 2 minutes, or until they are tender but still have some bite (they will cook a little more once you add them to the skillet).||Drain, rinse with cold water, and use scissors to snip the noodles several times to break them up into shorter lengths.||Scramble the eggs:||In a small bowl whisk together the eggs. Heat the skillet or Dutch oven over medium heat. Add 1 tablespoon of the peanut or canola oil. Add the eggs and scramble them for 2 minutes, or until they form large, soft curds. Transfer them from the pan to a plate or bowl.||Cook the vegetables:||Add 1 tablespoon of the remaining oil to the pan. When it is hot, add the ginger, garlic, carrots, jalapeño, onion, and salt. Cook, stirring constantly, for 2 minutes or until the vegetables start to soften.||Add the remaining ingredients:||Sprinkle the vegetable mixture with the remaining 1 tablespoon peanut or canola oil. When the oil is hot, add the ham, cabbage, scallions, red pepper, and curry powder to the pan. Cook, stirring constantly, for 1 minute.||Add the shrimp and cook, stirring, for 3 more minutes or until the shrimp are bright pink and cooked through.||Add the noodles in batches:||Add the eggs, the sauce mixture, and half the noodles to the pan. Toss for 1 minute.||Add the remaining noodles and continue tossing for 1 minute more until they are thoroughly combined and the mixture is heated through.||Taste for seasoning and add more salt or soy sauce, if you like. Sprinkle with cilantro leaves and serve."
skillet-apple-pork-chops-with-roasted-sweet-potatoes-zucchin,Skillet Apple Pork Chops with Roasted Sweet Potatoes & Zucchini,https://www.themealdb.com/images/media/meals/h3ijwo1581013377.jpg,https://www.themealdb.com/meal/52994,United States,Pork,45,620,38,yes,high-protein,4,2||potatoes|produce;1||apples|produce;2|clove|garlic|produce;1||lemon|produce;2||pork|meat and fish;1||zucchini|produce;1||chicken stock|meat and fish;1|tbsp|vegetable oil|dry goods;1.5|tsp|sugar|dry goods;2|tbsp|butter|dairy,"Adjust racks to top and middle positions and preheat oven to 450 degrees. Wash and dry all produce. Dice sweet potatoes into 1/2-inch pieces. Toss on a baking sheet with a drizzle of oil, salt, and pepper. Roast on top rack for 12 minutes (we'll roast the zucchini then).||Meanwhile, halve and core apple; thinly slice into half-moons. Peel and finely chop garlic. Quarter lemon. Trim and halve zucchini lengthwise; cut crosswise into 1/2-inch-thick half-moons. Toss on a second baking sheet with a drizzle of oil and a pinch of salt and pepper. Set aside.||Pat pork dry with paper towels and season all over with salt and pepper. Heat a drizzle of oil in a large pan over medium-high heat. Add pork and cook until browned and cooked through, 4-5 minutes per side. Turn off heat; transfer to a plate.||Once sweet potatoes have roasted 12 minutes, transfer baking sheet with zucchini to middle rack and continue roasting until both veggies are browned and softened, 12-15 minutes more.||Meanwhile, melt 1 TBSP butter (2 TBSP for 4 servings) in pan used for pork over medium-high heat. Add apple and season with salt and pepper. Cook, scraping up any browned bits from bottom of pan, until apple is slightly softened, 2-3 minutes. Add garlic; cook until fragrant, 30 seconds. Add 1/z cup water (3/4 cup for 4), stock concentrate, and 11/2 tsp sugar (3 tsp for 4). Cook, stirring, until sauce has thickened and apple is very tender, 3-5 minutes. Season with salt and pepper.||Remove pan with apple from heat; stir in 1 TBSP butter (2 TBSP for 4 servings) and a squeeze of lemon juice. Divide pork, zucchini, and sweet potatoes between plates. Top pork with glazed apple sauce. Top zucchini with a squeeze of lemon juice."
slow-roast-lamb-with-cinnamon-fennel-citrus,"Slow-roast lamb with cinnamon, fennel & citrus",https://www.themealdb.com/images/media/meals/gr4lo51763791826.jpg,https://www.bbcgoodfood.com/recipes/slow-roast-lamb-cinnamon-fennel-citrus,Turkish,Lamb,50,680,40,yes,high-protein,4,1||lamb leg|meat and fish;1||lemon|produce;4|tbsp|olive oil|dry goods;2|tbsp|clear honey|dry goods;1|tbsp|cinnamon|dry goods;1|tbsp|fennel seeds|produce;1|tbsp|ground cumin|dry goods;3|clove|garlic|produce,"Put the lamb into a large food bag with all the juice and marinate overnight.||The next day, take the lamb out of the fridge 1 hr before you want to cook it. Heat oven to 220C/200C fan/gas 7. Take the lamb out of the marinade (reserve remaining marinade) and pat dry. Rub with half the oil and roast for 15-20 mins until browned. Remove lamb and reduce oven to 160C/140C fan/gas 3.||Mix the zests, remaining oil, honey, spices and garlic with plenty of seasoning. Lay a large sheet of baking parchment on a large sheet of foil. Sit the lamb leg on top, rub all over with the paste and pull up the sides of the foil. Drizzle marinade into base, and scrunch foil to seal.||Roast for 4 hrs, until very tender. Rest, still wrapped, for 30 mins. Unwrap and serve with juices."
slow-roasted-ham-with-lemon-garlic-sage,"Slow-roasted ham with lemon, garlic & sage",https://www.themealdb.com/images/media/meals/w36ets1764362474.jpg,https://www.bbcgoodfood.com/recipes/slow-roasted-ham-with-lemon-garlic-sage,Polish,Pork,35,620,38,no,high-protein,4,5|clove|garlic|produce;1||lemon|produce;15|g|salt|dry goods;10|g|black pepper|produce;50|ml|vegetable oil|dry goods;2|kg|pork shoulder|meat and fish;500|ml|dry white wine|dry goods,"Heat the oven to 200C/180C fan/gas 6. Bash the garlic, sage, lemon zest, salt and pepper together using a pestle and mortar until the mixture becomes a paste. Stir in the oil, then spread the mixture over the pork shoulder, avoiding the skin on top. Score the skin using a sharp knife, then rub a large pinch of salt into the skin. Tie the pork together using kitchen string.||Line a large baking tray with a double layer of foil and put the pork on top, skin-side up. Bring the sides of the foil up around the pork to create a parcel, then pour the wine into the tray around the sides. Transfer to the oven and reduce the temperature to 140C/120C fan/gas 1. Roast for 4-5 hrs, or until a meat thermometer inserted into the thickest part of the pork reads 70C.||Turn the oven up to 240C/220C fan/gas 9. Carefully spoon the pork roasting juices from the pan into a saucepan and cook over a medium heat for 10-15 mins, or until reduced by a third. Season to taste.||Meanwhile, arrange the foil around the meat so only the skin is exposed, then return to the oven for 10-15 mins until the skin is puffed up and browned all over. Leave to rest for 20 mins before slicing. Serve with the sauce drizzled over."
smoky-chicken-skewers,Smoky chicken skewers,https://www.themealdb.com/images/media/meals/3um6il1763794322.jpg,https://www.bbcgoodfood.com/recipes/smoky-chicken-skewers,Turkish,Chicken,25,550,38,no,high-protein,4,6||chicken thighs|meat and fish;2|tbsp|olive oil|dry goods;1|tsp|fennel seeds|produce;1|tsp|ground cumin|dry goods;1|tsp|sweet smoked paprika|dry goods;1|clove|garlic|produce;1|tsp|red wine vinegar|dry goods;1||smoky aïoli|dry goods,"You need 15 skewers: if wooden, soak in water for 10 mins. Cut chicken into 3cm pieces and place in a bowl. Add 1 tbsp olive oil, the spices, garlic and vinegar, toss well and season. You can do this up to a day before and refrigerate.||Thread 2-3 pieces on each skewer. Pour remaining oil in a frying pan or rub onto a griddle pan. Get the pan hot and sear the chicken for 3-4 mins on each side – you may have to do this in batches, keeping the cooked skewers warm in a low oven. Serve with smoky aïoli if you like."
soy-glazed-meatloaves-with-wasabi-mashed-potatoes-roasted-ca,Soy-Glazed Meatloaves with Wasabi Mashed Potatoes & Roasted Carrots,https://www.themealdb.com/images/media/meals/o2wb6p1581005243.jpg,https://www.themealdb.com/meal/52992,United States,Beef,75,650,40,yes,high-protein,4,5||potatoes|produce;340|g|carrots|produce;1||scallions|produce;2|clove|garlic|produce;1|slice|bread|dry goods;1||garlic powder|produce;2||soy sauce|dry goods;1||ground beef|meat and fish;1|tsp|vegetable oil|dry goods;2|tsp|sugar|dry goods;2|tbsp|butter|dairy,"1. Preheat oven to 425 degrees. Wash and dry all produce. Dice potatoes into 1/2-inch pieces. Trim, peel, and cut carrots on a diagonal into 1/2-inch-thick pieces. Trim and thinly slice scallions, separating whites from greens; finely chop whites. Peel and finely chop garlic.||2. In a medium bowl, soak bread with 2 TBSP water (4 TBSP for 4 servings); break up with your hands until pasty. Stir in beef, sriracha, scallion whites, half the garlic, salt (we used 3/4 tsp kosher salt; 11/2 tsp for 4), and pepper. Form into two 1-inch-tall loaves (four loaves for 4). Place on one side of a baking sheet. Toss carrots on empty side of same sheet with a drizzle of oil, salt, and pepper. (For 4, spread meatloaves out across whole sheet and add carrots to a second sheet.) Bake for 20 minutes (we'll glaze the meatloaves then).||3. Meanwhile, place potatoes in a medium pot with enough salted water to cover by 2 inches. Bring to a boil and cook until very||tender, 12-15 minutes. Reserve 1/2 cup potato cooking liquid, then drain. While potatoes cook, in a small bowl, combine soy sauce, garlic powder, 1/4 cup ketchup (1/2 cup for 4 servings), and 2 tsp sugar (4 tsp for 4).||4. Once meatloaves and carrots have baked 20 minutes, remove from oven. Spoon half the ketchup glaze over meatloaves (save||the rest for serving); return to oven until carrots are browned and tender, meatloaves are cooked through, and glaze is tacky, 4-5 minutes more.||5. Meanwhile, melt 2 TBSP butter (4 TBSP for 4 servings) in pot used for potatoes over medium heat. Add remaining garlic and cook||until fragrant, 30 seconds. Add potatoes and 1/4 tsp wasabi. Mash, adding splashes of reserved potato cooking liquid as necessary until smooth. Season with salt and pepper. (If you like things spicy, stir in more wasabi!)||6. Divide meatloaves, mashed potatoes, and roasted carrots between plates. Sprinkle with scallion greens and serve with remaining ketchup glaze on the side for dipping."
spaghetti-bolognese,Spaghetti Bolognese,https://www.themealdb.com/images/media/meals/sutysw1468247559.jpg,https://www.themealdb.com/meal/52770,Italian,Beef,45,650,40,yes,high-protein,4,2||onions|produce;1|tbsp|olive oil|dry goods;1|clove|garlic|produce;500|g|lean minced beef|meat and fish;90|g|mushrooms|produce;1|tsp|dried oregano|dry goods;400|g|tomatoes|produce;300|ml|hot beef stock|meat and fish;1|tbsp|tomato puree|produce;1|tbsp|worcestershire sauce|dry goods;350|g|spaghetti|dry goods;1||parmesan|dairy,"Put the onion and oil in a large pan and fry over a fairly high heat for 3-4 mins. Add the garlic and mince and fry until they both brown. Add the mushrooms and herbs, and cook for another couple of mins.||Stir in the tomatoes, beef stock, tomato ketchup or purée, Worcestershire sauce and seasoning. Bring to the boil, then reduce the heat, cover and simmer, stirring occasionally, for 30 mins.||Meanwhile, cook the spaghetti in a large pan of boiling, salted water, according to packet instructions. Drain well, run hot water through it, put it back in the pan and add a dash of olive oil, if you like, then stir in the meat sauce. Serve in hot bowls and hand round Parmesan cheese, for sprinkling on top."
spaghetti-alla-carbonara,Spaghetti alla Carbonara,https://www.themealdb.com/images/media/meals/llcbn01574260722.jpg,https://www.bbcgoodfood.com/recipes/ultimate-spaghetti-carbonara-recipe,Italian,Pasta,75,600,25,yes,balanced,4,320|g|spaghetti|dry goods;6||egg yolks|dairy;1||salt|dry goods;150|g|bacon|meat and fish;50|g|pecorino|dry goods;1||black pepper|produce,"Put a large saucepan of water on to boil.||Finely chop the 100g pancetta, having first removed any rind. Finely grate 50g pecorino cheese and 50g parmesan and mix them together.||Beat the 3 large eggs in a medium bowl and season with a little freshly grated black pepper. Set everything aside.||Add 1 tsp salt to the boiling water, add 350g spaghetti and when the water comes back to the boil, cook at a constant simmer, covered, for 10 minutes or until al dente (just cooked).||Squash 2 peeled plump garlic cloves with the blade of a knife, just to bruise it.||While the spaghetti is cooking, fry the pancetta with the garlic. Drop 50g unsalted butter into a large frying pan or wok and, as soon as the butter has melted, tip in the pancetta and garlic.||Leave to cook on a medium heat for about 5 minutes, stirring often, until the pancetta is golden and crisp. The garlic has now imparted its flavour, so take it out with a slotted spoon and discard.||Keep the heat under the pancetta on low. When the pasta is ready, lift it from the water with a pasta fork or tongs and put it in the frying pan with the pancetta. Don’t worry if a little water drops in the pan as well (you want this to happen) and don’t throw the pasta water away yet.||Mix most of the cheese in with the eggs, keeping a small handful back for sprinkling over later.||Take the pan of spaghetti and pancetta off the heat. Now quickly pour in the eggs and cheese. Using the tongs or a long fork, lift up the spaghetti so it mixes easily with the egg mixture, which thickens but doesn’t scramble, and everything is coated.||Add extra pasta cooking water to keep it saucy (several tablespoons should do it). You don’t want it wet, just moist. Season with a little salt, if needed.||Use a long-pronged fork to twist the pasta on to the serving plate or bowl. Serve immediately with a little sprinkling of the remaining cheese and a grating of black pepper. If the dish does get a little dry before serving, splash in some more hot pasta water and the glossy sauciness will be revived."
spaghetti-with-spanish-flavours,Spaghetti with Spanish flavours,https://www.themealdb.com/images/media/meals/vpcqn01763335688.jpg,https://www.bbcgoodfood.com/recipes/spaghetti-spanish-flavours,Spanish,Pork,35,620,38,yes,high-protein,4,80|g|chorizo|meat and fish;300|g|spaghetti|dry goods;20|g|parsley|produce;2||red pepper|produce;2|tbsp|olive oil|dry goods;50|g|parmesan cheese|dairy,"Put a pan of water on over a high heat to boil. Meanwhile, snip the chorizo into strips with scissors, and chop the parsley and peppers (check for stray seeds first).||When the water is boiling briskly, add the spaghetti with a good measure of salt, stir and return to the boil. Cook for 3 minutes.||In a large frying pan, heat the oil, add the chorizo and peppers and plenty of black pepper. Cook for a minute or so, until heated through and the juices are stained red from the paprika in the chorizo. Scoop half a mugful of pasta water from the pan, drain the remainder and tip the spaghetti into the frying pan.||Add the parsley and parmesan, toss well and splash in the pasta water, to moisten. Hand round extra parmesan at the table."
spanish-chicken,Spanish Chicken,https://www.themealdb.com/images/media/meals/pqulvm1763282839.jpg,https://www.bbcgoodfood.com/recipes/spanish-chicken,Spanish,Chicken,25,550,38,yes,high-protein,4,8||chicken thighs|meat and fish;3||onion|produce;2|tsp|paprika|dry goods;1||lemon|produce;1|handful|parsley|produce;150|ml|chicken stock|meat and fish;1|tbsp|olive oil|dry goods,"Heat oven to 190C/170C fan/gas 5. Put all the ingredients into a large, wide ovenproof dish. Mix everything together with your hands and season.||Bake for 45 mins, stirring the onions after 20 mins, until the chicken is golden and the onions tender. Serve with rice."
spanish-tortilla,Spanish Tortilla,https://www.themealdb.com/images/media/meals/quuxsx1511476154.jpg,https://www.bbcgoodfood.com/recipes/spanish-tortilla,Spanish,Vegetarian,35,450,18,yes,light,4,1||onion|produce;4|tbsp|olive oil|dry goods;25|g|butter|dairy;400|g|potatoes|produce;6|clove|garlic|produce;8||eggs|dairy;1|handful|parsley|produce;1||baguette|dry goods;4||vine tomatoes|produce;1||olive oil|dry goods,"Put a large non-stick frying pan on a low heat. Cook the onion slowly in the oil and butter until soft but not brown – this should take about 15 mins. Add the potatoes, cover the pan and cook for a further 15-20 mins, stirring occasionally to make sure they fry evenly.||When the potatoes are soft and the onion is shiny, crush 2 garlic cloves and stir in, followed by the beaten eggs.||Put the lid back on the pan and leave the tortilla to cook gently. After 20 mins, the edges and base should be golden, the top set but the middle still a little wobbly. To turn it over, slide it onto a plate and put another plate on top, turn the whole thing over and slide it back into the pan to finish cooking. Once cooked, transfer to a plate and serve the tortilla warm or cold, scattered with the chopped parsley.||To accompany, take slices of warmed baguette, stab all over with a fork and rub with the remaining garlic, pile on grated tomatoes and season with sea salt and a drizzle of olive oil."
spanish-beans-with-chicken-chorizo,Spanish beans with chicken & chorizo,https://www.themealdb.com/images/media/meals/bpkxtw1763332446.jpg,https://www.bbcgoodfood.com/recipes/spanish-beans-chicken-chorizo,Spanish,Chicken,30,550,38,yes,high-protein,4,300|g|pinto beans|dry goods;1||onion|produce;1|tbsp|paprika|dry goods;1|sprig|thyme|produce;1|pinch|bay leaves|dry goods;1|bunch|parsley|produce;4||chicken thighs|meat and fish;250|g|jersey royal potatoes|produce;250|g|chorizo|meat and fish;100|g|spinach|produce,"Soak the beans for at least 4 hrs or overnight in a large bowl with plenty of water to cover. Next day, rinse and drain, then put in a large heavy based pan with the onion, paprika, herb bundle and chicken. Pour over enough water or stock to cover, bring to the boil, then reduce the heat, cover and simmer for 45 mins.||Remove the chicken to a plate, then add the potatoes and chorizo to the pan. Continue cooking for 30 mins until the beans and potatoes are tender.||Discard the skin and bones from the chicken and tear into large chunks. Return the chicken to the pan with the spinach and simmer for 5 mins."
spanish-chicken-pie,Spanish chicken pie,https://www.themealdb.com/images/media/meals/8ovxf41763253962.jpg,https://www.bbcgoodfood.com/recipes/spanish-chicken-pie,Spanish,Chicken,30,550,38,no,high-protein,4,1|kg|potatoes|produce;3|tsp|paprika|dry goods;2|tsp|olive oil|dry goods;2||onion|produce;2|clove|garlic|produce;800|g|tinned tomatos|produce;300|g|chicken|meat and fish;140|g|roasted pepper|produce;1|handful|green olives|dry goods,"Heat oven to 200C/fan 180C/gas 6. Boil the potatoes for 15-20 mins until tender. Drain, return to the pan, then mash with some seasoning and 2 tsp of the paprika.||Meanwhile, heat the oil in a large pan, then fry the onions and garlic for a few mins until softened. Stir in the remaining paprika for 1 min, add the tomatoes , then, bring to a simmer. Tip into a large ovenproof dish, then stir in the chicken, peppers, olives and some seasoning.||Spoon over the mash, then bake for 15 mins until the mash is golden on top and the sauce is bubbling."
spanish-meatballs-with-clams-chorizo-squid,"Spanish meatballs with clams, chorizo & squid",https://www.themealdb.com/images/media/meals/2wt8721763334199.jpg,https://www.bbcgoodfood.com/recipes/spanish-meatballs-clams-chorizo-squid,Spanish,Miscellaneous,25,550,28,no,balanced,4,25|g|butter|dairy;3||shallots|produce;1|tsp|smoked paprika|dry goods;2|clove|garlic|produce;1|clove|garlic|produce;2||dry sherry|dry goods;50|g|breadcrumbs|dry goods;300|g|pork|meat and fish;1||egg yolks|dairy;50|ml|olive oil|dry goods;300|g|chorizo|meat and fish;300|g|squid|meat and fish;100|ml|white wine|dry goods;300|g|tomato|produce;400|g|clams|dry goods;1|handful|parsley|produce;1||extra virgin olive oil|dry goods,"Melt the butter in a heavy-based casserole, then soften the shallots for 5 mins. Add the paprika and crushed garlic and cook for 1 min until the paprika becomes fragrant. Splash in the sherry, then pour the whole lot into a bowl with the breadcrumbs. Season and cool.||Add the pork mince and the egg yolk to the bowl, then beat well. Shape into 18 small meatballs. Wipe the pan, put on a medium-high heat, then add the oil. Fry the meatballs for 5 mins, just to colour, then lift onto a plate, but keep the oil in the pan. Sizzle the chorizo with the sliced garlic. Add the squid and fry to give a little colour. Now tip in the white wine and bring to the boil, scraping the bottom. Stir in the pulped tomatoes, bring to the boil, then add the meatballs and the clams. Cover and cook for 5 mins until the clam shells open. Discard any that stay shut. Sprinkle with the chopped parsley, drizzle with the extra virgin oil, then serve with crusty bread."
spanish-rice-prawn-one-pot,Spanish rice & prawn one-pot,https://www.themealdb.com/images/media/meals/sl6vqv1763335988.jpg,https://www.bbcgoodfood.com/recipes/spanish-rice-prawn-one-pot,Spanish,Seafood,25,500,35,yes,balanced,4,1||onion|produce;1||red pepper|produce;1||green pepper|produce;50|g|chorizo|meat and fish;2|clove|garlic|produce;1||olive oil|dry goods;250|g|basmati rice|dry goods;400|g|tinned tomatos|produce;200|g|prawns|meat and fish,"Boil the kettle. In a non-stick frying or shallow pan with a lid, fry the onion, peppers, chorizo and garlic in the oil over a high heat for 3 mins. Stir in the rice and chopped tomatoes with 500ml boiling water, cover, then cook over a high heat for 12 mins.||Uncover, then stir – the rice should be almost tender. Stir in the prawns, with a splash more water if the rice is looking dry, then cook for another min until the prawns are just pink and rice tender."
spanish-seafood-rice,Spanish seafood rice,https://www.themealdb.com/images/media/meals/c6ghxm1763335584.jpg,https://www.bbcgoodfood.com/recipes/spanish-seafood-rice,Spanish,Seafood,30,500,35,yes,balanced,4,1||olive oil|dry goods;1||onion|produce;1||red pepper|produce;1||yellow pepper|produce;2||garlic clove|produce;250|g|paella rice|dry goods;800|ml|vegetable stock|dry goods;1|pinch|saffron|dry goods;400|g|frozen seafood mix|freezer;0.5||lemon|produce;1|handful|parsley|produce,"Heat the oil in a large saucepan and soften the onion for 6-7 mins. Add the pepper and garlic, cook for 2 mins more, then stir in the paella rice and cook for 1 min, stirring to coat.||Pour in the stock, add the saffron and bring to the boil. Cook, uncovered, at a gentle bubble, for 20 mins, stirring occasionally until the rice is tender.||Stir in the seafood and lemon juice and cook for 2 mins or until piping hot and completely cooked through. Serve in warm bowls scattered with the parsley."
spanish-style-slow-cooked-lamb-shoulder-beans,Spanish-style slow-cooked lamb shoulder & beans,https://www.themealdb.com/images/media/meals/9kwatm1763327074.jpg,https://www.bbcgoodfood.com/recipes/spanish-style-slow-cooked-lamb-shoulder-beans,Spanish,Lamb,45,680,40,no,high-protein,4,2.5|kg|lamb shoulder|meat and fish;1||olive oil|dry goods;2||onion|produce;4||carrots|produce;1||garlic bulb|produce;500|ml|chicken stock|meat and fish;1200|g|butter beans|dairy;450|g|roasted pepper|produce;300|g|black olives|dry goods;4|tbsp|parsley|produce;4|clove|garlic|produce;1|tbsp|hot smoked paprika|dry goods;4|tbsp|olive oil|dry goods;0.5|tsp|rosemary|produce,"To make the spice mix, combine all of the ingredients together with a large pinch of salt. Slash the lamb shoulder all over with a sharp knife and rub in. If you have the time, marinate for up to 24 hrs, but this is not essential.||Heat the oven to 150C/130C fan/gas 2. Heat the oil in a large flameproof casserole dish or roasting tin over a medium-high heat, add the onions, carrots and garlic and sizzle for 5 mins until the onions and carrots are softened. Pour over the stock, then bring to the boil. Nestle the lamb in the pan and cover, then transfer to the oven and roast for 2 hrs.||Uncover and transfer the lamb to a plate using tongs. Stir the beans, peppers and olives through the stock in the pan, sit the lamb back on top and return to the oven, uncovered, for 1 hr 30 mins until the lamb is cooked through. Transfer the lamb to a board and shred using two forks. Stir the parsley through the braised beans before serving."
spiced-smoky-barbecued-chicken,Spiced smoky barbecued chicken,https://www.themealdb.com/images/media/meals/a08uqk1761848682.jpg,https://www.bbcgoodfood.com/recipes/spiced-smoky-barbecued-chicken,Australian,Chicken,25,550,38,no,high-protein,4,2|clove|garlic|produce;1||lemon|produce;2||curry powder|dry goods;1|pinch|chilli flakes|produce;3|tbsp|olive oil|dry goods;12||chicken thighs|meat and fish;1|bunch|rosemary|produce;1|bunch|rosemary|produce;1|bunch|thyme|produce;1|bunch|thyme|produce;2||bay leaves|dry goods,"Make the marinade. Smash the garlic with a little salt using a pestle and mortar. Add the lemon zest and juice, the spice mix, chilli, oil and a good grinding of black pepper. Mix to a paste. This can be done in a mini food processor.||Toss the chicken in the marinade and set aside while you light the barbecue. When the barbecue’s hot, lay the bunches of herbs on the grid and put the chicken, skin side up, on top. Close the lid, if your barbecue has one, and cook the chicken on the smouldering herbs for about 10 minutes until the meat starts to colour. Turn the chicken and continue to cook for a further 20-30 minutes, turning as necessary, until it is slightly charred from the burnt herbs and cooked through to the bone."
spiced-tortilla,Spiced tortilla,https://www.themealdb.com/images/media/meals/7b862e1763194846.jpg,https://www.bbcgoodfood.com/recipes/spiced-tortilla,Spanish,Vegetarian,25,450,18,no,light,4,1|tbsp|sunflower oil|dry goods;1||onion|produce;1||red chilli|produce;2|tsp|curry powder|dry goods;300|g|cherry tomatoes|produce;500|g|potatoes|produce;1|bunch|coriander|produce;8||egg|dairy,"Heat the oil in a large frying pan. Fry the onion and half the chilli for 5 mins until softened. Tip in the spices, fry for 1 min more, then add the cherry tomatoes, potatoes and coriander stalks to the pan. Season the eggs well, pour over the top of the veg and leave to cook gently for 8-10 mins until almost set.||Heat the grill and flash the tortilla underneath for 1-2 mins until the top is set. Scatter the coriander leaves and remaining chilli over the top, slice into wedges and serve with a green salad."
spicy-arrabiata-penne,Spicy Arrabiata Penne,https://www.themealdb.com/images/media/meals/ustsqw1468250014.jpg,https://www.themealdb.com/meal/52771,Italian,Vegetarian,30,450,18,no,light,4,454|g|penne rigate|dry goods;60|ml|olive oil|dry goods;3|clove|garlic|produce;1|tin|chopped tomatoes|produce;0.5|tsp|red chilli flakes|produce;0.5|tsp|italian seasoning|dry goods;6||basil|produce;1||parmigiano-reggiano|dairy,"Bring a large pot of water to a boil. Add kosher salt to the boiling water, then add the pasta. Cook according to the package instructions, about 9 minutes.||In a large skillet over medium-high heat, add the olive oil and heat until the oil starts to shimmer. Add the garlic and cook, stirring, until fragrant, 1 to 2 minutes. Add the chopped tomatoes, red chile flakes, Italian seasoning and salt and pepper to taste. Bring to a boil and cook for 5 minutes. Remove from the heat and add the chopped basil.||Drain the pasta and add it to the sauce. Garnish with Parmigiano-Reggiano flakes and more basil and serve warm."
spicy-north-african-potato-salad,Spicy North African Potato Salad,https://www.themealdb.com/images/media/meals/urtwux1486983078.jpg,https://www.themealdb.com/meal/52797,Moroccan,Vegetarian,55,450,18,no,light,4,650|g|small potatoes|produce;1|tsp|harissa spice|dry goods;2|tsp|olive oil|dry goods;1||lemon|produce;4||spring onions|produce;150|g|rocket|dry goods;80|g|feta|dry goods;20||mint|produce;2|tbsp|pine nuts|dry goods;1|pinch|salt|dry goods;1|pinch|pepper|produce,"Cook potatoes - place potatoes in a pot of cold water, and bring to the boil. Boil 20 minutes, or until potatoes are tender. You know they are cooked when you can stick a knife in them and the knife goes straight through.||Combine harissa spice, olive oil, salt and pepper and lemon juice in a small bowl and whisk until combined.||Once potatoes are cooked, drain water and roughly chop potatoes in half.||Add harissa mix and spring onions/green onions to potatoes and stir.||In a large salad bowl, lay out arugula/rocket.||Top with potato mix and toss.||Add fetta, mint and sprinkle over pine nuts.||Adjust salt and pepper to taste."
spicy-thai-prawn-noodles,Spicy Thai prawn noodles,https://www.themealdb.com/images/media/meals/568t931763584227.jpg,https://www.bbcgoodfood.com/recipes/spicy-thai-prawn-noodles,Thai,Seafood,25,500,35,no,balanced,4,200|g|rice noodles|dry goods;1|tbsp|sesame seed oil|dry goods;2||egg|dairy;1||red chilli|produce;3||ginger|produce;450|g|prawns|meat and fish;1|tbsp|soy sauce|dry goods;1|bunch|coriander|produce;0.5|handful|mint|produce;1||lime|produce;1|handful|peanuts|dry goods,"Cook the noodles following the pack instructions, drain and set aside for later. Heat the oil in a large frying pan and pour in the beaten egg. Swirl around the pan to make a thin omelette, cook for 1-2 mins, then flip over and cook the other side for 1 min. Tip out and slice into thin strips.||Add the chilli and ginger to the pan, fry for 1-2 mins then tip in the noodles, prawns and egg. Splash in the soy sauce and stir-fry for 1 min more. Throw in the chopped herbs and pour over the lime juice and zest, then sprinkle over the chopped peanuts and serve."
spinach-ricotta-cannelloni,Spinach & Ricotta Cannelloni,https://www.themealdb.com/images/media/meals/wspuvp1511303478.jpg,https://www.bbcgoodfood.com/recipes/531632/spinach-and-ricotta-cannelloni,Italian,Vegetarian,30,450,18,no,light,4,3|tbsp|olive oil|dry goods;8|clove|garlic|produce;3|tbsp|caster sugar|dry goods;2||red wine vinegar|dry goods;3|g|chopped tomatoes|produce;1|bunch|basil leaves|produce;2||mascarpone|dairy;3|tbsp|milk|dairy;85|g|parmesan|dairy;2||mozzarella|dairy;1|kg|spinach|produce;100|g|parmesan|dairy;3||ricotta|dry goods;1|pinch|nutmeg|dry goods;400|g|cannellini beans|dry goods,"First make the tomato sauce. Heat the oil in a large pan and fry the garlic for 1 min. Add the sugar, vinegar, tomatoes and some seasoning and simmer for 20 mins, stirring occasionally, until thick. Add the basil and divide the sauce between 2 or more shallow ovenproof dishes (see Tips for freezing, below). Set aside. Make a sauce by beating the mascarpone with the milk until smooth, season, then set aside.||Put the spinach in a large colander and pour over a kettle of boiling water to wilt it (you may need to do this in batches). When cool enough to handle squeeze out the excess water. Roughly chop the spinach and mix in a large bowl with 100g Parmesan and ricotta. Season well with salt, pepper and the nutmeg.||Heat oven to 200C/180C fan/gas 6. Using a piping bag or plastic food bag with the corner snipped off, squeeze the filling into the cannelloni tubes. Lay the tubes, side by side, on top of the tomato sauce and spoon over the mascarpone sauce. Top with Parmesan and mozzarella. You can now freeze the cannelloni, uncooked, or you can cook it first and then freeze. Bake for 30-35 mins until golden and bubbling. Remove from oven and let stand for 5 mins before serving."
spring-onion-and-prawn-empanadas,Spring onion and prawn empanadas,https://www.themealdb.com/images/media/meals/1c5oso1614347493.jpg,https://www.olivemagazine.com/recipes/fish-and-seafood/spring-onion-and-prawn-empanadas/,Portuguese,Seafood,35,500,35,no,balanced,4,1|bunch|spring onions|produce;1|pinch|olive oil|dry goods;1||red chilli|produce;1|clove|garlic|produce;350|g|prawns|meat and fish;75|g|feta|dry goods;15|g|butter|dairy;250|g|plain flour|dry goods;1||egg|dairy;0.5|tsp|white wine vinegar|dry goods,"To make the dough, rub the butter into the flour and then add the egg white and half the yolk (keep the rest), vinegar, a pinch of salt and enough cold water to make a soft dough. Knead on a floured surface until smooth and then wrap and rest for 30 minutes.||Heat the oven to 180c/fan 160c/gas 4. Trim the green ends of the spring onions and then finely slice the rest. Heat a little oil in a pan and fry them gently until soft but not browned. Add the chilli and garlic, stir and then add the prawns and cook until they are opaque. Season well. Scoop out the prawns and bubble the juices until they thicken, then add back the prawns.||Divide the empanada dough into eight balls and roll out to thin circles on a floured surface. Put some filling on one half of the dough, sprinkle the feta on top and fold the other half over. Trim the edge and then fold and crimp the dough together so the empanada is tightly sealed, put it on an oiled baking sheet either on its side or sitting on its un-crimped edge like a cornish pasty. Repeat with the remaining dough and mixture. Mix the leftover egg yolk with a splash of water and brush the top of the empanadas.||Bake for 30 minutes or until golden and slightly crisp around the edges."
squash-linguine,Squash linguine,https://www.themealdb.com/images/media/meals/wxswxy1511452625.jpg,https://www.bbcgoodfood.com/recipes/creamy-squash-linguine,Italian,Vegetarian,25,450,18,yes,light,4,350|g|butternut squash|dairy;3||garlic|produce;3|tbsp|olive oil|dry goods;350|g|linguine pasta|dry goods;1|bunch|sage|produce,"Heat oven to 200C/180C fan/gas 6. Put the squash and garlic on a baking tray and drizzle with the olive oil. Roast for 35-40 mins until soft. Season.||Cook the pasta according to pack instructions. Drain, reserving the water. Use a stick blender to whizz the squash with 400ml cooking water. Heat some oil in a frying pan, fry the sage until crisp, then drain on kitchen paper. Tip the pasta and sauce into the pan and warm through. Scatter with sage."
squid-chickpea-chorizo-salad,"Squid, chickpea & chorizo salad",https://www.themealdb.com/images/media/meals/wsu0rc1761848482.jpg,https://www.bbcgoodfood.com/recipes/squid-chickpea-chorizo-salad,Australian,Seafood,25,500,35,no,balanced,4,4||red pepper|produce;2|g|can of chickpeas|produce;1|bunch|parsley|produce;1||red chilli|produce;2||garlic clove|produce;100|ml|olive oil|dry goods;600|g|squid|meat and fish;200|g|chorizo|meat and fish;1||lemon|produce,"Cook the peppers whole under a grill, on a barbecue or griddle, until completely charred. Place the peppers in a bowl, cover with a plate until cool enough to handle, then peel, deseed and finely slice. In a large bowl mix the peppers and any juices with the chickpeas, parsley, chilli and garlic. Set aside.||Heat a large frying pan until smoking. Working quickly and carefully, add a splash of oil to the pan, then the squid. Stir-fry for about 30 secs. Scatter the chorizo over the squid, continue to cook for 30 secs more, then tip into the bowl with the peppers. Season everything with salt and pepper, then dress with the remaining oil, lemon juice and lemon zest. Mix together, pile onto a platter and let everyone help themselves."
stamppot,Stamppot,https://www.themealdb.com/images/media/meals/hyarod1565090529.jpg,https://www.thespruceeats.com/stamppot-with-curly-kale-and-rookworst-1128837,Netherlands,Pork,65,620,38,yes,high-protein,4,1.5|kg|potatoes|produce;2||bay leaf|dry goods;2||shallots|produce;3|tbsp|butter|dairy;750|g|kale|produce;2||sausages|meat and fish;500|ml|milk|dairy;1||nutmeg|dry goods;1|pinch|salt|dry goods;1|pinch|pepper|produce,"Wash and peel the potatoes and cut into similarly sized pieces for even cooking.||In a large soup pot, boil the potatoes and the bay leaves in salted water for 20 minutes. Discard the bay leaves.||If you're not using a bag of ready-cut curly kale, wash the bunches thoroughly under cool running water to get rid of all soil—you wouldn't want that gritty texture in your finished dish. Trim any coarse stems and discard any brown leaves. With a sharp knife, cut the curly kale into thin strips.||Peel and chop the shallots.||In a frying pan or skillet, melt 1 tbsp. of butter and saute the shallots for a few minutes before adding the curly kale and 2 tbsp. of water. Season and cook for about 10 minutes, or until tender.||Warm the milk on the stove or in the microwave.||Drain, shake and dry the potatoes with kitchen towels before mashing with a potato masher or ricer. Working quickly, add the warm milk and the remaining butter. Season to taste with nutmeg, salt, and pepper.||Mix the cooked curly kale through the cooked mashed potato mixture.||Top with slices of the smoked sausage and serve hot with your favorite mustard or gravy.||Serve and enjoy!"
sticky-chicken,Sticky Chicken,https://www.themealdb.com/images/media/meals/cj56fs1762340001.jpg,https://www.bbcgoodfood.com/recipes/sticky-chicken,Australian,Chicken,25,550,38,no,high-protein,4,8||chicken drumsticks|meat and fish;2||soy sauce|dry goods;1|tbsp|honey|dry goods;1||olive oil|dry goods;1|tsp|tomato puree|produce;1|tbsp|dijon mustard|dry goods,"Make 3 slashes on each of the drumsticks. Mix together the soy, honey, oil, tomato purée and mustard. Pour this mixture over the chicken and coat thoroughly. Leave to marinate for 30 mins at room temperature or overnight in the fridge. Heat oven to 200C/fan 180C/gas 6.||Tip the chicken into a shallow roasting tray and cook for 35 mins, turning occasionally, until the chicken is tender and glistening with the marinade."
stir-fried-chicken-with-chillies-basil,Stir-fried chicken with chillies & basil,https://www.themealdb.com/images/media/meals/el64dy1763483009.jpg,https://www.bbcgoodfood.com/recipes/ken-homs-stir-fried-chicken-chillies-basil,Thai,Chicken,30,550,38,no,high-protein,4,2|tbsp|vegetable oil|dry goods;450|g|chicken|meat and fish;3||garlic|produce;3||shallots|produce;3||red chilli|produce;2|tbsp|fish sauce|meat and fish;2|tsp|soy sauce|dry goods;2|tsp|sugar|dry goods;1|handful|basil leaves|produce,"Heat a wok or large frying pan until it is very hot, then add 1 tbsp of the oil. When it is very hot, add the chicken and stir-fry over a high heat for 8-10 minutes, until browned all over. Using a slotted spoon, take the chicken from the pan and set aside.||Reheat the wok and add the remaining oil. Toss in the garlic and shallots and stir fry for 3 minutes, until golden brown.||Return the chicken to the wok and add the chillies, fish sauce, dark soy sauce and sugar. Stir fry over a high heat for a further 8-10 minutes or until the chicken is cooked through. Stir in the basil leaves and serve at once."
stovetop-eggplant-with-harissa-chickpeas-and-cumin-yogurt,"Stovetop Eggplant With Harissa, Chickpeas, and Cumin Yogurt",https://www.themealdb.com/images/media/meals/yqwtvu1487426027.jpg,http://www.seriouseats.com/2014/09/one-pot-wonders-stovetop-eggplant-harissa-chickpeas-cumin.html,United States,Vegetarian,30,450,18,no,light,4,4|tbsp|olive oil|dry goods;6||egg plants|dairy;0.5|tbsp|harissa spice|dry goods;1|tin|chickpeas|produce;480|ml|cherry tomatoes|produce;360|ml|greek yogurt|dairy;1|tbsp|ground cumin|dry goods;120|ml|parsley|produce,"Heat the oil in a 12-inch skillet over high heat until shimmering. Add the eggplants and lower the heat to medium. Season with salt and pepper as you rotate the eggplants, browning them on all sides. Continue to cook, turning regularly, until a fork inserted into the eggplant meets no resistance (you may have to stand them up on their fat end to finish cooking the thickest parts), about 20 minutes, lowering the heat and sprinkling water into the pan as necessary if the eggplants threaten to burn or smoke excessively.||Mix the harissa, chickpeas and tomatoes together, then add to the eggplants. Cook until the tomatoes have blistered and broken down, about 5 minutes more. Season with salt and pepper and add water as necessary to thin to a saucy consistency. Meanwhile, combine the yogurt and cumin in a serving bowl. Season with salt and pepper.||Top the eggplant mixture with the parsley, drizzle with more extra virgin olive oil, and serve with the yogurt on the side."
stuffed-bell-peppers-with-quinoa-and-black-beans,Stuffed Bell Peppers with Quinoa and Black Beans,https://www.themealdb.com/images/media/meals/b66myb1683207208.jpg,https://www.themealdb.com/meal/53067,Mexican,Vegetarian,50,450,18,no,light,4,4||green pepper|produce;1|tbsp|olive oil|dry goods;1||onion|produce;2|clove|garlic|produce;240|ml|quinoa|dry goods;1|tin|black beans|dry goods;240|ml|sweetcorn|produce;1|tin|diced tomatoes|produce;1|tsp|cumin|dry goods;0.5|tsp|chili powder|produce;0.5|tsp|smoked paprika|dry goods;1||salt|dry goods;1||pepper|produce;360|ml|shredded mexican cheese|dairy;1||cilantro|dry goods,"1. Preheat your oven to 375°F (190°C). Lightly grease a 9x13-inch baking dish or a similar-sized casserole dish.||2. Place the bell pepper halves in the prepared baking dish, cut side up. Bake for 15-20 minutes, or until slightly softened.||3. While the bell peppers are baking, prepare the filling. In a large skillet, heat the olive oil over medium heat. Add the chopped onion, and cook for 3-4 minutes, until softened. Add the garlic, and cook for another 1 minute, until fragrant.||4. Stir in the cooked quinoa, black beans, corn, diced tomatoes, ground cumin, chili powder, smoked paprika, salt, and pepper. Cook for 5-7 minutes, until heated through. Remove the skillet from heat, and stir in 1 cup of the shredded cheese, if using.||5. Remove the bell peppers from the oven, and carefully stuff each pepper half with the quinoa and black bean mixture. Top the stuffed peppers with the remaining 1/2 cup of shredded cheese, if using.||6. Return the stuffed peppers to the oven, and bake for another 15-20 minutes, until the cheese is melted and the peppers are tender.||7. Remove from the oven, and allow the stuffed peppers to cool for 5 minutes before serving. Garnish with fresh chopped cilantro."
stuffed-lamb-tomatoes,Stuffed Lamb Tomatoes,https://www.themealdb.com/images/media/meals/u55lbp1585564013.jpg,https://www.bbcgoodfood.com/recipes/stuffed-tomatoes-lamb-mince-dill-rice,Greek,Lamb,45,680,40,yes,high-protein,4,4||tomatoes|produce;1|pinch|sugar|dry goods;4|tbsp|olive oil|dry goods;1||onion|produce;2||garlic clove|produce;200|g|lamb|meat and fish;1|tbsp|cinnamon|dry goods;2|tbsp|tomato puree|produce;50|g|rice|dry goods;100|ml|chicken stock|meat and fish;4|tbsp|dill|produce;2|tbsp|chopped parsley|produce;1|tbsp|mint|produce,"Heat oven to 180C/160C fan/gas 4. Slice the tops off the tomatoes and reserve. Scoop out most of the pulp with a teaspoon, being careful not to break the skin. Finely chop the pulp, and keep any juices. Sprinkle the insides of the tomatoes with a little sugar to take away the acidity, then place them on a baking tray.||Heat 2 tbsp olive oil in a large frying pan, add the onion and garlic, then gently cook for about 10 mins until soft but not coloured. Add the lamb, cinnamon and tomato purée, turn up the heat, then fry until the meat is browned. Add the tomato pulp and juice, the rice and the stock. Season generously. Bring to the boil, then simmer for 15 mins or until the rice is tender and the liquid has been absorbed. Set aside to cool a little, then stir in the herbs.||Stuff the tomatoes up to the brim, top tomatoes with their lids, drizzle with 2 tbsp more olive oil, sprinkle 3 tbsp water into the tray, then bake for 35 mins. Serve with salad and crusty bread, hot or cold."
summer-pistou,Summer Pistou,https://www.themealdb.com/images/media/meals/rqtxvr1511792990.jpg,https://www.bbcgoodfood.com/recipes/summer-pistou,France,Vegetarian,25,450,18,yes,light,4,1|tbsp|rapeseed oil|dry goods;2||leek|produce;1||courgettes|produce;1|l|vegetable stock|dry goods;400|g|cannellini beans|dry goods;200|g|green beans|dry goods;3||tomatoes|produce;3||garlic clove|produce;1||basil|produce;40|g|parmesan|dairy,"Heat the oil in a large pan and fry the leeks and courgette for 5 mins to soften. Pour in the stock, add three-quarters of the haricot beans with the green beans, half the tomatoes, and simmer for 5-8 mins until the vegetables are tender.||Meanwhile, blitz the remaining beans and tomatoes, the garlic and basil in a food processor (or in a bowl with a stick blender) until smooth, then stir in the Parmesan. Stir the sauce into the soup, cook for 1 min, then ladle half into bowls or pour into a flask for a packed lunch. Chill the remainder. Will keep for a couple of days."
sushi,Sushi,https://www.themealdb.com/images/media/meals/g046bb1663960946.jpg,https://www.bbcgoodfood.com/recipes/simple-sushi,Japanese,Seafood,70,500,35,no,balanced,4,300|ml|sushi rice|dry goods;100|ml|rice wine|dry goods;2|tbsp|caster sugar|dry goods;3|tbsp|mayonnaise|dry goods;1|tbsp|rice wine|dry goods;1|tbsp|soy sauce|dry goods;1||cucumber|produce,"TO MAKE SUSHI ROLLS: Pat out some rice. Lay a nori sheet on the mat, shiny-side down. Dip your hands in the vinegared water, then pat handfuls of rice on top in a 1cm thick layer, leaving the furthest edge from you clear.||Spread over some Japanese mayonnaise. Use a spoon to spread out a thin layer of mayonnaise down the middle of the rice.||Add the filling. Get your child to top the mayonnaise with a line of their favourite fillings – here we’ve used tuna and cucumber.||Roll it up. Lift the edge of the mat over the rice, applying a little pressure to keep everything in a tight roll.||Stick down the sides like a stamp. When you get to the edge without any rice, brush with a little water and continue to roll into a tight roll.||Wrap in cling film. Remove the mat and roll tightly in cling film before a grown-up cuts the sushi into thick slices, then unravel the cling film.||TO MAKE PRESSED SUSHI: Layer over some smoked salmon. Line a loaf tin with cling film, then place a thin layer of smoked salmon inside on top of the cling film.||Cover with rice and press down. Press about 3cm of rice over the fish, fold the cling film over and press down as much as you can, using another tin if you have one.||Tip it out like a sandcastle. Turn block of sushi onto a chopping board. Get a grown-up to cut into fingers, then remove the cling film.||TO MAKE SUSHI BALLS: Choose your topping. Get a small square of cling film and place a topping, like half a prawn or a small piece of smoked salmon, on it. Use damp hands to roll walnut-sized balls of rice and place on the topping.||Make into tight balls. Bring the corners of the cling film together and tighten into balls by twisting it up, then unwrap and serve."
sweet-and-sour-chicken,Sweet and Sour Chicken,https://www.themealdb.com/images/media/meals/arzs741766434335.jpg,https://www.simplyrecipes.com/recipes/sweet_and_sour_chicken/,Chinese,Chicken,90,550,38,yes,high-protein,4,454|g|chicken thighs|meat and fish;1||egg white|dairy;1|tsp|kosher salt|dry goods;2|tsp|cornstarch|produce;284|g|pineapple chunks|produce;60|ml|pineapple juice|produce;60|ml|white vinegar|dry goods;60|ml|tomato ketchup|produce;3|tbsp|brown sugar|dry goods;4|tsp|oil|dry goods;1||red pepper|produce;1||yellow pepper|produce;1|tsp|ginger|produce,"Coat the chicken with egg white:||In a bowl, combine the chicken with the egg white, 1/2 teaspoon kosher salt, and cornstarch. Stir to coat the chicken evenly. Let sit for 15 minutes at room temperature or up to overnight in the refrigerator.||Make the sweet and sour sauce:||Whisk together the pineapple juice, vinegar, ketchup, 1/2 teaspoon kosher salt, and brown sugar.||Stir-fry the chicken over high heat:||Heat a large frying pan or wok over high heat until a bead of water instantly sizzles and evaporates. Pour in 1 tablespoon of cooking oil and swirl to coat. It's important that the pan is very hot.||Add the chicken and spread the pieces out in one layer. Let the chicken fry untouched for 1 minute, until the bottoms are browned.||Flip and fry the other side for 1 minute. The chicken should still be pinkish in the middle. Dish out the chicken onto a clean plate, leaving as much oil in the pan as possible.||Stir-fry the bell pepper and ginger:||Reduce the heat to medium and add the remaining 1 teaspoon of cooking oil. Let the oil heat up before adding the bell pepper chunks and ginger. Fry for 1 minute.||Add the pineapple, sauce, and then, the chicken:||Add the pineapple chunks and the sweet and sour sauce. Turn up the heat to high. When the sauce is simmering, add the chicken pieces back in.||Let simmer for 1 to 2 minutes, until the chicken is cooked through. Timing depends on how thick you've cut your chicken. The best way to tell if the chicken is done is to take a piece out and cut into it. If it's pink, add another minute to the cooking.||Adjust the seasoning and serve:||Taste the sauce and add more brown sugar or vinegar to suit your tastes, if you’d like.||Serve hot with steamed white or brown rice."
sweet-and-sour-pork,Sweet and Sour Pork,https://www.themealdb.com/images/media/meals/1529442316.jpg,https://www.chinahighlights.com/travelguide/chinese-food/cooking/sweet-sour-pork.htm,Chinese,Pork,80,620,38,yes,high-protein,4,200|g|pork|meat and fish;1||egg|dairy;1|pinch|water|dry goods;0.5|tsp|salt|dry goods;1|tsp|sugar|dry goods;10|g|soy sauce|dry goods;10|g|starch|dry goods;30|g|tomato puree|produce;10|g|vinegar|dry goods;1|pinch|coriander|produce,"1. Crack the egg into a bowl. Separate the egg white and yolk.||Sweet and Sour Pork||2. Slice the pork tenderloin into strips.||3. Prepare the marinade using a pinch of salt, one teaspoon of starch, two teaspoons of light soy sauce, and an egg white.||4. Marinade the pork strips for about 20 minutes.||5. Put the remaining starch in a bowl. Add some water and vinegar to make a starchy sauce.||Sweet and Sour Pork||Cooking Instructions||1. Pour the cooking oil into a wok and heat to 190°C (375°F). Add the marinated pork strips and fry them until they turn brown. Remove the cooked pork from the wok and place on a plate.||2. Leave some oil in the wok. Put the tomato sauce and white sugar into the wok, and heat until the oil and sauce are fully combined.||3. Add some water to the wok and thoroughly heat the sweet and sour sauce before adding the pork strips to it.||4. Pour in the starchy sauce. Stir-fry all the ingredients until the pork and sauce are thoroughly mixed together.||5. Serve on a plate and add some coriander for decoration."
sweet-potato-salad,Sweet potato salad,https://www.themealdb.com/images/media/meals/z458v91763817681.jpg,https://www.bbcgoodfood.com/recipes/sweet-potato-salad,Turkish,Vegetarian,25,450,18,yes,light,4,1200|g|sweet potatoes|produce;1|tbsp|olive oil|dry goods;2||shallots|produce;4||spring onions|produce;1|bunch|chives|produce;5|tbsp|sherry vinegar|dry goods;2|tbsp|extra virgin olive oil|dry goods;2|tbsp|honey|dry goods,"Heat oven to 200C/180C fan/gas 6. Toss the sweet potato chunks with the olive oil and some seasoning, and spread on a baking parchment-lined baking sheet. Roast for 30 - 35 mins until tender and golden. Cool at room temperature.||When just about cool whisk together all the dressing ingredients with a little more seasoning and gently toss through the potato chunks – use your hands to avoid breaking them up."
syrian-rice-with-meat,Syrian Rice with Meat,https://www.themealdb.com/images/media/meals/zg2b9l1760524940.jpg,https://www.allrecipes.com/recipe/272233/syrian-rice-with-meat/,Syrian,Miscellaneous,35,550,28,yes,balanced,4,60|ml|butter|dairy;907|g|ground beef|meat and fish;2|tsp|salt|dry goods;0.5|tsp|allspice|dry goods;0.5|tsp|cinnamon|dry goods;0.5|tsp|black pepper|produce;1200|ml|chicken stock|meat and fish;480|ml|rice|dry goods;2|tbsp|butter|dairy;120|ml|pine nuts|dry goods,"Heat 1/4 cup butter in a large saucepan over medium-high heat. Add ground beef and season with salt, allspice, cinnamon, and black pepper. Cook and stir until beef is browned and crumbly, 7 to 10 minutes.||Stir chicken broth and rice into beef in the saucepan; bring to a boil. Reduce heat to low, cover, and cook until liquid is absorbed, about 20 minutes.||Meanwhile, melt 2 tablespoons butter in a small skillet over medium heat. Cook and stir pine nuts in hot butter until lightly browned, 3 to 5 minutes.||Mix pine nuts into beef-rice mixture before serving."
syrian-spaghetti,Syrian Spaghetti,https://www.themealdb.com/images/media/meals/5fu4ew1760524857.jpg,https://www.allrecipes.com/recipe/26303/syrian-spaghetti/,Syrian,Pasta,30,600,25,yes,balanced,4,454|g|spaghetti|dry goods;227|g|tomato sauce|produce;170|g|tomato puree|produce;1|tsp|cinnamon|dry goods;60|ml|vegetable oil|dry goods;1|pinch|salt|dry goods;1|pinch|pepper|produce,"Preheat oven to 350 degrees F (175 degrees C). Grease a 9x13 inch baking dish.||Bring a large pot of lightly salted water to a boil. Add spaghetti and cook for 8 to 10 minutes or until al dente; drain and stir in tomato sauce, tomato paste, cinnamon, oil, salt and pepper. Transfer to prepared dish.||Bake in preheated oven for 1 hour, or until top is crunchy."
tafelspitz,Tafelspitz,https://www.themealdb.com/images/media/meals/svf3d01780298321.jpg,https://www.austria.info/en-gb/recipes/tafelspitz/,,Beef,55,650,40,yes,high-protein,4,1.5|kg|beef brisket|meat and fish;1|bunch|carrots|produce;1||celeriac|dry goods;2||parsnips|produce;1|sprig|parsley|produce;0.5||leek|produce;1||onion|produce;2||bay leaf|dry goods;5||peppercorns|produce;1|pinch|salt|dry goods,"Slice the unpeeled onion in half widthways and fry off the cut surfaces without fat until fairly well browned.||Put around 3 litres of water into a large saucepan. Add the root vegetables, leek, halves of onion, bay leaves, and peppercorns and bring to a boil. Add the washed meat and bones and, depending on the type of meat, allow to cook until softened in gently simmering water, which will take around 2 1⁄2 – 3 hours. Add more water as required and skim off any foam from the surface.||Season well with salt, but only after a good 2 hours.||Once the meat has softened, remove it from the pan and keep it warm in some of the liquid from the soup. Season the remainder of the soup again with salt to taste, and strain it (optional). Serve with semolina dumplings or ""Frittaten"" (sliced pancakes - a traditional Austrian soup garnish) and freshly chopped chives as a starter. Afterwards, slice the boiled beef by cutting on the bias and arrange it on pre-heated plates, or serve in the hot soup in a decorative soup tureen.||Serve with roast potatoes, a bread and horseradish mix, green beans in a dill sauce, or creamed spinach and chive sauce. If the root vegetables are to be served at the same time, cook some of them separately to be served al dente."
tahini-lentils,Tahini Lentils,https://www.themealdb.com/images/media/meals/vpxyqt1511464175.jpg,https://www.bbcgoodfood.com/recipes/veggie-tahini-lentils,Moroccan,Vegetarian,30,450,18,yes,light,4,50|g|tahini|dry goods;1||lemon|produce;2||olive oil|dry goods;1||red onions|produce;1|clove|garlic|produce;1||yellow pepper|produce;200|g|green beans|dry goods;1||courgettes|produce;100|g|kale|produce;250|g|lentils|dry goods,"In a jug, mix the tahini with the zest and juice of the lemon and 50ml of cold water to make a runny dressing. Season to taste, then set aside.||Heat the oil in a wok or large frying pan over a medium-high heat. Add the red onion, along with a pinch of salt, and fry for 2 mins until starting to soften and colour. Add the garlic, pepper, green beans and courgette and fry for 5 min, stirring frequently.||Tip in the kale, lentils and the tahini dressing. Keep the pan on the heat for a couple of mins, stirring everything together until the kale is wilted and it’s all coated in the creamy dressing."
tajine-de-poulet-aux-carottes-et-patates-douces-chicken-and-,Tajine de Poulet aux Carottes et Patates Douces (Chicken and Sweet Potato Tagine),https://www.themealdb.com/images/media/meals/d8bfyg1764117503.jpg,https://www.allrecipes.com/recipe/258873/tajine-de-poulet-aux-carottes-et-patates-douces-chicken-and-sweet-potato-tagine/,Algerian,Chicken,40,550,38,no,high-protein,4,2||onion|produce;2||celery|produce;0.5||cilantro|dry goods;0.5||parsley|produce;0.5|tsp|turmeric|dry goods;0.5|tsp|ground cumin|dry goods;0.5|tsp|paprika|dry goods;0.25|tsp|ground ginger|produce;0.25|tsp|cayenne pepper|produce;1||salt|dry goods;1||black pepper|produce;4||chicken thighs|meat and fish;1||olive oil|dry goods;60|ml|raisins|dry goods;240|ml|chicken stock|meat and fish;1||sweet potatoes|produce;3||carrots|produce;60|ml|prunes|dry goods,"Combine onions, celery, cilantro, and parsley in a large pot. Stir in turmeric, cumin, paprika, ginger, cayenne pepper, salt, and pepper. Place chicken thighs on top. Drizzle olive oil over chicken. Cover and simmer over low heat until chicken is tender, about 40 minutes.||Place raisins in a small bowl and cover with hot water; let soak for 10 minutes. Drain.||Preheat oven to 400 degrees F (200 degrees C).||Transfer chicken mixture into an oven-safe tagine or casserole dish. Add sweet potato and carrots. Cover with lid or aluminum foil.||Bake in the preheated oven until sweet potato is soft, about 40 minutes. Add drained raisins and prunes. Continue baking, covered, until raisins and prunes are heated through, about 10 minutes."
tamiya,Tamiya,https://www.themealdb.com/images/media/meals/n3xxd91598732796.jpg,https://oukosher.org/recipes/tamiya-egyptian-dried-fava-bean-fritters/,Egyptian,Vegetarian,45,450,18,no,light,4,720|ml|broad beans|dry goods;6||spring onions|produce;4||garlic clove|produce;60|ml|parsley|produce;2|tsp|cumin|dry goods;1|tsp|baking powder|dry goods;0.5|tsp|cayenne pepper|produce;1||flour|dry goods;1||vegetable oil|dry goods,"oak the beans in water to cover overnight.Drain. If skinless beans are unavailable, rub to loosen the skins, then discard the skins. Pat the beans dry with a towel.||Grind the beans in a food mill or meat grinder.If neither appliance is available, process them in a food processor but only until the beans form a paste. (If blended too smoothly, the batter tends to fall apart during cooking.) Add the scallions, garlic, cilantro, cumin, baking powder, cayenne, salt, pepper, and coriander, if using.||Refrigerate for at least 30 minutes.||Shape the bean mixture into 1-inch balls.Flatten slightly and coat with flour.||Heat at least 1½-inches of oil over medium heat to 365 degrees.||Fry the patties in batches, turning once, until golden brown on all sides, about 5 minutes.Remove with a wire mesh skimmer or slotted spoon. Serve as part of a meze or in pita bread with tomato-cucumber salad and tahina sauce."
tandoori-chicken,Tandoori chicken,https://www.themealdb.com/images/media/meals/qptpvt1487339892.jpg,http://www.bbcgoodfood.com/recipes/1660651/tandoori-chicken,India,Chicken,30,550,38,no,high-protein,4,2||lemons|produce;4|tsp|paprika|dry goods;2||red onions|produce;16||chicken thighs|meat and fish;1||vegetable oil|dry goods;300|ml|greek yogurt|dairy;1||ginger|produce;4||garlic clove|produce;0.75|tsp|garam masala|dry goods;0.75|tsp|ground cumin|dry goods;0.5|tsp|chilli powder|produce;0.25|tsp|turmeric|dry goods,"Mix the lemon juice with the paprika and red onions in a large shallow dish. Slash each chicken thigh three times, then turn them in the juice and set aside for 10 mins.||Mix all of the marinade ingredients together and pour over the chicken. Give everything a good mix, then cover and chill for at least 1 hr. This can be done up to a day in advance.||Heat the grill. Lift the chicken pieces onto a rack over a baking tray. Brush over a little oil and grill for 8 mins on each side or until lightly charred and completely cooked through."
tav-kosi-baked-lamb-and-yogurt,Tavë Kosi Baked Lamb and Yogurt,https://www.themealdb.com/images/media/meals/a1mi7t1779643816.jpg,https://www.myalbanianfood.com/recipe/albanian-tave-kosi/,,Lamb,90,680,40,yes,high-protein,4,600|g|lamb|meat and fish;20|g|butter|dairy;2|tbsp|olive oil|dry goods;70|g|rice|dry goods;2|tsp|oregano|dry goods;450|ml|boiling water|dry goods;2|clove|garlic|produce;1|pinch|salt|dry goods;1|pinch|pepper|produce;50|g|butter|dairy;2|tbsp|flour|dry goods;750|g|greek yogurt|dairy;6||eggs|dairy;1|pinch|salt|dry goods;1|pinch|pepper|produce,"Baking the Lamb||In a large pan (with a lid) melt the butter and olive oil together then add the diced lamb. Brown the lamb on a medium heat, this will take around 5 minutes.||Add the garlic, oregano, 300ml of water and season with salt and pepper. Mix well before covering with the lid. Leave to simmer for 50 minutes mixing a couple of times ensuring the lamb doesn’t start to burn.||The juices should have nearly all boiled away so another 150ml of water should be added along with the rice. Mix altogether, bring to the boil, place the lid on and leave for just 10 minutes. It’s advised to check at around 8 minutes – you want the liquid to be evaporated with just moist coating of oily water left over the lamb and rice.||Place the lamb and rice into a casserole dish, the mixture should fully cover the base and have at least 2 inches spare for the yogurt. Alternatively you can split into four ceramic bowls.||Making a Roux||In a small saucepan melt the butter over a medium heat and then add two tablespoons of flour while continuously stirring for two minutes (add a little extra flour if needed). The roux should not be thick but not too runny, the colour will darken slightly. Pour the roux into a bowl and keep to one side.||Making the Yogurt Mixture||In a mixing bowl add the yogurt, eggs and season with salt and pepper. Mix together then add the roux continuing to mix fast for a minute to ensure the roux and yogurt are thoroughly combined.||Pour the yogurt mixture over the baked lamb and rice and sprinkle on a little oregano.||Place on the bottom shelf of the oven on 180 degrees for 35 minutes then move it up to the middle for a further 10 minutes. The Tavë kosi is ready when the yogurt has risen up high and a golden crust formed.||Leave to cool for 5 – 10 minutes before serving."
tav-me-presh-ska-mish-meatless-leek-bake,Tavë me Presh ska Mish Meatless Leek Bake,https://www.themealdb.com/images/media/meals/p5m3w21779644533.jpg,https://www.myalbanianfood.com/recipe/albanian-tave-presh-meatless-leek-bake/,,Vegetarian,55,450,18,yes,light,4,500|g|leek|produce;3||red pepper|produce;200|g|rice|dry goods;1|clove|garlic|produce;1|l|vegetable stock|dry goods;1|tsp|paprika|dry goods;1|tsp|oregano|dry goods;1|tsp|parsley|produce;1|tsp|basil|produce;1|pinch|salt|dry goods;1|pinch|pepper|produce;1||olive oil|dry goods,"Prepare the dish||Fry the leeks in a small dash of olive oil for a few minutes until they start to brown.||Prepare the Dish||Add the roasted red peppers, garlic, stock, herbs, salt, pepper and paprika. Give it a good stir, add the rice and stir again.||Leave it to come to the boil. Leave to simmer for 2 minutes.||Pour the mixture into a baking tray with a depth of 2 inches or more. Mix thoroughly and ensure equally levelled out.||Place on the bottom self of a preheated oven at 180 degrees. Leave to bake for 1 hour.||Once cooked turn off the oven and keeping the door open leave the leek bake to cool for 10 minutes before serving."
teriyaki-chicken-casserole,Teriyaki Chicken Casserole,https://www.themealdb.com/images/media/meals/wvpsxx1468256321.jpg,https://www.themealdb.com/meal/52772,Japanese,Chicken,45,550,38,yes,high-protein,4,180|ml|soy sauce|dry goods;120|ml|water|dry goods;60|ml|brown sugar|dry goods;0.5|tsp|ground ginger|produce;0.5|tsp|minced garlic|meat and fish;4|tbsp|cornstarch|produce;2||chicken breasts|meat and fish;28|g|stir-fry vegetables|dry goods;720|ml|brown rice|dry goods,"Preheat oven to 350° F. Spray a 9x13-inch baking pan with non-stick spray.||Combine soy sauce, ½ cup water, brown sugar, ginger and garlic in a small saucepan and cover. Bring to a boil over medium heat. Remove lid and cook for one minute once boiling.||Meanwhile, stir together the corn starch and 2 tablespoons of water in a separate dish until smooth. Once sauce is boiling, add mixture to the saucepan and stir to combine. Cook until the sauce starts to thicken then remove from heat.||Place the chicken breasts in the prepared pan. Pour one cup of the sauce over top of chicken. Place chicken in oven and bake 35 minutes or until cooked through. Remove from oven and shred chicken in the dish using two forks.||*Meanwhile, steam or cook the vegetables according to package directions.||Add the cooked vegetables and rice to the casserole dish with the chicken. Add most of the remaining sauce, reserving a bit to drizzle over the top when serving. Gently toss everything together in the casserole dish until combined. Return to oven and cook 15 minutes. Remove from oven and let stand 5 minutes before serving. Drizzle each serving with remaining sauce. Enjoy!"
thai-green-curry,Thai Green Curry,https://www.themealdb.com/images/media/meals/sstssx1487349585.jpg,http://www.bbcgoodfood.com/recipes/3235/thai-green-chicken-curry,Thai,Chicken,35,550,38,yes,high-protein,4,225|g|potatoes|produce;100|g|green beans|dry goods;1|tbsp|sunflower oil|dry goods;1|clove|garlic|produce;4|tsp|thai green curry paste|dry goods;400|ml|coconut milk|dairy;2|tsp|thai fish sauce|meat and fish;1|tsp|sugar|dry goods;450|g|chicken|meat and fish;2||lime|produce;1||basil|produce;1||rice|dry goods,"Put the potatoes in a pan of boiling water and cook for 5 minutes. Throw in the beans and cook for a further 3 minutes, by which time both should be just tender but not too soft. Drain and put to one side.||In a wok or large frying pan, heat the oil until very hot, then drop in the garlic and cook until golden, this should take only a few seconds. Don’t let it go very dark or it will spoil the taste. Spoon in the curry paste and stir it around for a few seconds to begin to cook the spices and release all the flavours. Next, pour in the coconut milk and let it come to a bubble.||Stir in the fish sauce and sugar, then the pieces of chicken. Turn the heat down to a simmer and cook, covered, for about 8 minutes until the chicken is cooked.||Tip in the potatoes and beans and let them warm through in the hot coconut milk, then add a lovely citrussy flavour by stirring in the shredded lime leaves (or lime zest). The basil leaves go in next, but only leave them briefly on the heat or they will quickly lose their brightness. Scatter with the lime garnish and serve immediately with boiled rice."
thai-beef-stir-fry,Thai beef stir-fry,https://www.themealdb.com/images/media/meals/kyuxew1763479470.jpg,https://www.bbcgoodfood.com/recipes/thai-beef-stir-fry,Thai,Beef,35,650,40,no,high-protein,4,2|tbsp|vegetable oil|dry goods;400|g|beef|meat and fish;1||red chilli|produce;2||oyster sauce|dry goods;1|handful|basil leaves|produce,"Heat a wok or large frying pan until smoking hot. Pour in the oil and swirl around the pan, then tip in the beef strips and chilli. Cook, stirring all the time, until the meat is lightly browned, about 3 mins, then pour over the oyster sauce. Cook until heated through and the sauce coats the meat. stir in the basil leaves and serve with plain rice."
thai-coconut-veg-broth,Thai coconut & veg broth,https://www.themealdb.com/images/media/meals/4k8nzy1763583384.jpg,https://www.bbcgoodfood.com/recipes/thai-coconut-veg-broth,Thai,Vegetarian,25,450,18,yes,light,4,1|tbsp|thai red curry paste|dry goods;1|tsp|vegetable oil|dry goods;1|l|vegetable stock|dry goods;400|ml|coconut milk|dairy;2|tsp|brown sugar|dry goods;175|g|egg noodles|dairy;2||carrots|produce;0.5||chinese leaf|dry goods;150|g|bean sprouts|produce;6||cherry tomatoes|produce;1||lime|produce;3||spring onions|produce;1|handful|coriander|produce,"Place the curry paste in a large saucepan or wok with the oil. Fry for 1 min until fragrant. Tip in the vegetable stock, coconut milk and brown sugar. Simmer for 3 mins.||Add the noodles, carrots and Chinese leaf and simmer for 4-6 mins, until all are tender. Mix in beansprouts and tomatoes. Add lime juice to taste and some extra seasoning, if you like. Spoon into bowls and sprinkle with spring onions and coriander."
thai-curry-noodle-soup,Thai curry noodle soup,https://www.themealdb.com/images/media/meals/118oj61763423896.jpg,https://www.bbcgoodfood.com/recipes/thai-curry-noodle-soup,Thai,Seafood,25,500,35,no,balanced,4,1|tsp|vegetable oil|dry goods;1|tbsp|thai green curry paste|dry goods;220|g|stir-fry vegetables|dry goods;150|g|raw king prawns|meat and fish;150|ml|coconut milk|dairy;225|ml|vegetable stock|dry goods;250|g|udon noodles|dry goods;10|g|coriander|produce;10|g|basil|produce;1||red chilli|produce;1||spring onions|produce,"Heat the oil in a saucepan over a medium heat and cook the curry paste for 1 min before adding the stir-fry veg and prawns. Cook for 3 mins until the prawns are mostly pink, then add the coconut milk, veg stock and noodles.||Bring to the boil, then reduce the heat to a simmer and cook for 5 mins until the noodles are cooked through and the veg is tender but still has a bite. Divide between two bowls and sprinkle over the herbs, chilli and spring onion."
thai-drumsticks,Thai drumsticks,https://www.themealdb.com/images/media/meals/ittake1763586925.jpg,https://www.bbcgoodfood.com/recipes/fragrant-thai-drumsticks,Thai,Chicken,25,550,38,no,high-protein,4,2|tbsp|sweet chilli sauce|produce;1||orange|produce;2||orange|produce;1|clove|garlic|produce;1||thai red curry paste|dry goods;8||chicken drumsticks|meat and fish,"Heat oven to 200C/180C fan/gas 6 and line a baking tray with foil. Mix the chilli sauce with the orange zest and juice, garlic, curry paste and ¼ tsp salt. Add the chicken and coat really well.||Arrange the drumsticks on the foil, spaced apart. Coat the chicken with any marinade left in the bowl, then roast for 35-40 mins until tender. Wrap in foil or pack into a food container."
thai-fried-rice-with-prawns-peas,Thai fried rice with prawns & peas,https://www.themealdb.com/images/media/meals/hblwvg1763478203.jpg,https://www.bbcgoodfood.com/recipes/thai-fried-rice-prawns-peas,Thai,Seafood,25,500,35,no,balanced,4,2|tbsp|vegetable oil|dry goods;1||red onions|produce;2||garlic clove|produce;1||red chilli|produce;250|g|raw king prawns|meat and fish;140|g|brown rice|dry goods;75|g|frozen peas|freezer;1|tbsp|soy sauce|dry goods;1|tbsp|fish sauce|meat and fish;1|bunch|coriander|produce;4||egg|dairy;1||hotsauce|dry goods,"Heat 1 tbsp of the oil in a wok, add the onion, garlic and chilli, and cook for 2-3 mins until golden. Add the prawns and cook for 1 min. Tip in the rice and peas, and keep tossing until very hot. Add the soy and fish sauce, then stir through the chopped coriander. Keep warm while you fry the eggs.||Heat the remaining oil in a frying pan and fry the eggs with some seasoning. Divide the fried rice mix between 4 bowls and top each with a fried egg. Serve scattered with coriander, with chilli sauce, if you like."
thai-green-chicken-soup,Thai green chicken soup,https://www.themealdb.com/images/media/meals/7kb44y1763589084.jpg,https://www.bbcgoodfood.com/recipes/thai-green-chicken-soup,Thai,Chicken,30,550,38,yes,high-protein,4,2||sunflower oil|dry goods;1||onion|produce;500|g|chicken thighs|meat and fish;4||garlic clove|produce;280|g|thai green curry paste|dry goods;400|ml|coconut milk|dairy;2|l|chicken stock|meat and fish;5||lime leaves|produce;2||fish sauce|meat and fish;1|bunch|spring onions|produce;280|g|green beans|dry goods;150|g|bamboo shoot|dry goods;2||lime|produce;1|bunch|basil|produce,"Heat the oil in your largest pan, add the onion and fry for 3 mins to soften. Add the chicken and garlic, and cook until the chicken changes colour.||Add the curry paste, coconut milk, stock, lime leaves and fish sauce, then simmer for 12 mins. Add the chopped onion tops, green beans and bamboo shoots and cook for 4-6 mins, until the beans are just tender.||Meanwhile, put the lime juice and basil in a narrow jug and blitz with a hand blender to make a smooth green paste. Pour into the soup with the sliced spring onion and heat through. Serve with lime wedges for a light lunch or supper or as a make-ahead starter."
thai-pork-peanut-curry,Thai pork & peanut curry,https://www.themealdb.com/images/media/meals/snmtd61763426568.jpg,https://www.bbcgoodfood.com/recipes/thai-pork-peanut-curry,Thai,Pork,30,620,38,yes,high-protein,4,1|tbsp|vegetable oil|dry goods;1|bunch|spring onions|produce;1|bunch|coriander|produce;400|g|pork tenderloin|meat and fish;4|tbsp|thai red curry paste|dry goods;4|tbsp|peanut butter|dairy;1|tbsp|brown sugar|dry goods;1|tbsp|soy sauce|dry goods;400|ml|coconut milk|dairy;175|g|sweetcorn|produce;1||lime|produce;1||jasmine rice|dry goods,"Heat the oil in a large saucepan or flameproof casserole. Add the spring onions and coriander stalks and cook for 1 min. Add the pork slices and cook for 5 mins until starting to brown.||Stir in the curry paste and peanut butter. After 30 secs, add the sugar, soy and coconut milk, plus ½ can of water. Mix well, put a lid on and leave to simmer for 15 mins, stirring occasionally.||Remove the lid, add the baby corn and increase the heat. Bubble for 3 mins until the corn is cooked and the sauce has thickened a little. Stir in the lime juice and check the seasoning. Can now be frozen for up to 2 months. To cook from frozen: thoroughly defrost, then heat in a pan on the hob until curry is hot all the way through. Serve scattered with the coriander leaves and rice."
thai-prawn-curry,Thai prawn curry,https://www.themealdb.com/images/media/meals/qqlwv91763501559.jpg,https://www.bbcgoodfood.com/recipes/easy-thai-prawn-curry,Thai,Seafood,25,500,35,yes,balanced,4,1||vegetable oil|dry goods;1||onion|produce;1|tsp|ginger|produce;2|tsp|thai red curry paste|dry goods;400|g|tinned tomatos|produce;50|g|coconut cream|dairy;400|g|raw frozen prawns|meat and fish;1||coriander|produce,"Heat the oil in a medium saucepan. Tip in the onion and ginger, then cook for a few mins until softened. Stir in the curry paste, then cook for 1 min more. Pour over the chopped tomatoes and coconut cream. Bring to the boil, then leave to simmer for 5 mins, adding a little boiling water if the mixture gets too thick.||Tip in the prawns, then cook for 5-10 mins more, depending on how large they are. Serve alongside some plain rice and sprinkle with a little chopped coriander, if you like."
thai-rice-noodle-salad,Thai rice noodle salad,https://www.themealdb.com/images/media/meals/6g3rso1763486069.jpg,https://www.bbcgoodfood.com/recipes/thai-rice-noodle-salad,Thai,Vegetarian,35,450,18,no,light,4,0.5||vermicelli rice noodles|dry goods;200|g|bean sprouts|produce;2||lime|produce;2|tbsp|fish sauce|meat and fish;1|tsp|muscovado sugar|dry goods;1||red onions|produce;2||lettuce|produce;500|g|minced pork|meat and fish;1||ginger|produce;1|pinch|cayenne pepper|produce;1|tsp|sunflower oil|dry goods;2||sesame seed|dry goods;1|tsp|oil|dry goods;4||sirloin steak|meat and fish;1||red chilli|produce,"Place the noodles and beansprouts in a heatproof bowl and cover with boiling water. Leave for 4 mins, or until the noodles are tender. Drain, then cool under cold running water and drain again. Return to the bowl.||Stir together the lime zest and juice, fish or soy sauce and sugar. Stir into the noodles with the red onion and lettuce.||To make with mince, heat a little oil in a non-stick frying pan and stir-fry 500g minced pork, a small knob of grated ginger and pinch cayenne pepper or chilli powder for 10 mins, until the mince is browned and cooked through. Mix into the noodles, divide between four bowls and serve warm.||To make with steak, make the rice noodle salad. Heat 1 tsp sunflower oil in a frying pan. Tip 2 tbsp sesame seeds onto a plate. Rub 1 tsp oil into 4 x 175g sirloin steaks and press into sesame seeds. Fry for 5 mins for medium rare, turning halfway. Leave to rest for 5 mins, then thinly slice. Toss 1 deseeded and shredded red chilli, and a handful mint leaves into noodles. Top with steak to serve."
thai-style-fish-broth-with-greens,Thai-style fish broth with greens,https://www.themealdb.com/images/media/meals/a2ec961763587756.jpg,https://www.bbcgoodfood.com/recipes/thai-style-fish-broth-greens,Thai,Seafood,35,500,35,yes,balanced,4,100|g|brown rice noodle|dry goods;500|ml|chicken stock|meat and fish;1||thai red curry paste|dry goods;4||lime leaves|produce;1||fish sauce|meat and fish;200|g|white fish|meat and fish;100|g|raw king prawns|meat and fish;2||pak choi|dry goods;1|handful|coriander leaves|produce,"Cook the noodles following pack instructions. Refresh in cold water and drain well.||Put the stock in a large saucepan and stir in the curry paste, lime leaves, fish sauce and 250ml cold water. Bring to a simmer and cook for 5 mins.||Cut the fish into roughly 3cm cubes and add to the pan. Return to a simmer, then cook for 2 mins uncovered.||Stir in the noodles, prawns and pak choi, and simmer for 2-3 mins or until the fish and prawns are just cooked. Serve in bowls scattered with coriander."
three-fish-pie,Three Fish Pie,https://www.themealdb.com/images/media/meals/spswqs1511558697.jpg,https://www.bbc.co.uk/food/recipes/three_fish_pie_58875,British,Seafood,45,500,35,no,balanced,4,1|kg|potatoes|produce;1||butter|dairy;1|pinch|milk|dairy;50|g|gruyere|dry goods;75|g|butter|dairy;2||leek|produce;75|g|plain flour|dry goods;150|ml|white wine|dry goods;568|ml|milk|dairy;2|tbsp|parsley|produce;250|g|salmon|meat and fish;250|g|haddock|meat and fish;250|g|smoked haddock|meat and fish;6||eggs|dairy,"Preheat the oven to 200C/400F/Gas 6 (180C fan).||Put the potatoes into a saucepan of cold salted water. Bring up to the boil and simmer until completely tender. Drain well and then mash with the butter and milk. Add pepper and taste to check the seasoning. Add salt and more pepper if necessary.||For the fish filling, melt the butter in a saucepan, add the leeks and stir over the heat. Cover with a lid and simmer gently for 10 minutes, or until soft. Measure the flour into a small bowl. Add the wine and whisk together until smooth.||Add the milk to the leeks, bring to the boil and then add the wine mixture. Stir briskly until thickened. Season and add the parsley and fish. Stir over the heat for two minutes, then spoon into an ovenproof casserole. Scatter over the eggs. Allow to cool until firm.||Spoon the mashed potatoes over the fish mixture and mark with a fork. Sprinkle with cheese.||Bake for 30-40 minutes, or until lightly golden-brown on top and bubbling around the edges."
three-cheese-souffles,Three-cheese souffles,https://www.themealdb.com/images/media/meals/sxwquu1511793428.jpg,https://www.bbcgoodfood.com/recipes/3028701/threecheese-souffls,France,Miscellaneous,55,550,28,no,balanced,4,50|g|butter|dairy;25|g|parmesan|dairy;300|ml|milk|dairy;2||bay leaves|dry goods;5|tbsp|plain flour|dry goods;0.5|tsp|english mustard|dry goods;1||cayenne pepper|produce;140|g|gruyère|dry goods;3||eggs|dairy;8|slice|goats cheese|dairy;150|ml|double cream|dairy;1||spinach|produce,"Heat oven to 200C/180C fan/ gas 6 and butter 4 small (about 200ml) ramekins. Sprinkle the Parmesan into the ramekins, turning until all sides are covered. Place the milk and bay leaves in a large saucepan over a gentle heat and bring to the boil. Turn off the heat and leave to infuse for 15 mins.||Discard the bay leaves, add the butter and flour, and return to a low heat. Very gently simmer, stirring continuously with a balloon whisk, for about 6 mins until you get a smooth, thick white sauce. Make sure that you get right into the corners of the pan to stop the sauce from catching or becoming lumpy.||Once thickened, transfer the sauce to a large bowl and stir in the mustard powder, cayenne pepper, Gruyère and egg yolks until fully combined.||In a spotlessly clean bowl and with a clean whisk, beat the egg whites just until peaks begin to form.||Carefully fold the egg whites into the cheese sauce in three stages making sure you fold, rather than stir, to keep the egg whites light and airy. Fill the prepared ramekins with the soufflé mix.||Top each soufflé with a slice of goat’s cheese, then place on a baking tray. Bake for 20-25 mins or until springy and well risen but cooked through.||Leave to cool, then run a knife around the edge of each dish and remove the soufflés. If preparing in advance, place soufflés upside down (for neat presentation), on a tray. Cover tray in cling film. Chill for a few days or freeze for up to 1 month.||When ready to re-bake, heat oven to 200C/180C fan/gas 6. Place the upside-down soufflés in a shallow baking dish, top with the remaining goat’s cheese slices and pour over the cream (this stops them from drying out when baked for the second time). Cook for 8-10 mins until golden. Serve immediately alongside some simply dressed salad."
tirolean-dumplings,Tirolean Dumplings,https://www.themealdb.com/images/media/meals/jbw8m11780155348.jpg,https://www.austria.info/en-gb/recipes/tirolean-dumplings/,,Pork,40,620,38,yes,high-protein,4,200|g|bread|dry goods;200|ml|milk|dairy;100|g|smoked ham|meat and fish;3||eggs|dairy;2||shallots|produce;1||butter|dairy;2|tbsp|parsley|produce;2|tbsp|flour|dry goods;1||salt|dry goods;1||pepper|produce;1|pinch|nutmeg|dry goods;1||butter|dairy;1||parsley|produce,"Finely chop the shallots, and dice the smoked ham or sausage into small cubes. Heat some butter or clarified butter in a pan and sweat the onions in it until translucent. Add the meat and the parsley and fry together briefly before removing from the heat.||Place the bread in a bowl. Beat the milk with the eggs and season well with salt, pepper and nutmeg. Pour over the bread. Stir in the sausage and onion paste and mix in the flour. Mix together to form a relatively firm paste (adding more bread or flour if necessary) and season again according to taste. Smooth the surface of the dough out and leave to stand for approx. 30 minutes.||Heat up a good quantity of salted water in a large pan. Use the paste to form smaller dumplings (for use as a garnish in soups) or medium-sized dumplings, as required. Moisten the hands regularly with cold water during this stage so that the dumplings take on smooth forms.||Place in boiling water, bring back to the boil, turn down the heat, and simmer gently for 8-20 minutes, depending on the size.||Remove from the water, dry off well and serve up garnished with chopped parsley and melted butter (which has been taken on a nut-brown colour)."
toad-in-the-hole,Toad In The Hole,https://www.themealdb.com/images/media/meals/ytuvwr1503070420.jpg,http://www.deliciousmagazine.co.uk/recipes/georgina-fuggles-horseradish-and-vine-tomato-toad-in-the-hole/,British,Pork,35,620,38,no,high-protein,4,8||sausages|meat and fish;3|tbsp|vegetable oil|dry goods;100|g|plain flour|dry goods;2||eggs|dairy;1|tbsp|horseradish|produce;225|ml|milk|dairy;200|g|cherry tomatoes|produce,"Preheat the oven to 200°C/fan180°C/gas 6. fry sausages in a non-stick pan until browned.||Drizzle vegetable oil in a 30cm x 25cm x 6cm deep roasting tray and heat in the oven for 5 minutes.||Put the plain flour in a bowl, crack in the medium free-range eggs, then stir in the grated horseradish. Gradually beat in the semi-skimmed milk. Season.||Put the sausages into the hot roasting tray and pour over the batter. Top with cherry tomatoes on the vine and cook for 30 minutes until puffed and golden."
tofu-greens-cashew-stir-fry,"Tofu, greens & cashew stir-fry",https://www.themealdb.com/images/media/meals/minfsc1763766806.jpg,https://www.bbcgoodfood.com/recipes/tofu-greens-cashew-stir-fry,Vietnamese,Vegetarian,20,450,18,no,light,4,1|tbsp|vegetable oil|dry goods;1||broccoli|produce;4||garlic clove|produce;1||red chilli|produce;1|bunch|spring onions|produce;140|g|soya bean|dry goods;2||pak choi|dry goods;300|g|marinated tofu|dry goods;1|tbsp|hoisin sauce|dry goods;1|tbsp|soy sauce|dry goods;25|g|cashew nuts|dry goods,"Heat the oil in a non-stick wok. Add the broccoli, then fry on a high heat for 5 mins or until just tender, adding a little water if it begins to catch. Add the garlic and chilli, fry for 1 min, then toss through the spring onions, soya beans, pak choi and tofu. Stir-fry for 2-3 mins. Add the hoisin, soy and nuts to warm through."
tom-kha-gai,Tom kha gai,https://www.themealdb.com/images/media/meals/ol2xxt1763582263.jpg,https://www.bbcgoodfood.com/recipes/tom-kha-gai,Thai,Chicken,30,550,38,no,high-protein,4,800|ml|chicken stock|meat and fish;800|g|coconut milk|dairy;2|tbsp|galangal paste|dry goods;2||lemongrass stalks|produce;8||lime leaves|produce;500|g|chicken thighs|meat and fish;300|g|oyster mushrooms|produce;6||birds-eye chillies|produce;1|tbsp|caster sugar|dry goods;5|tbsp|fish sauce|meat and fish;3||lime|produce;1||coriander leaves|produce;1||rice|dry goods,"Pour the chicken stock and coconut milk into a large saucepan set over a medium heat. Tip in the galangal, lemongrass and lime leaves, and bring to a gentle simmer, around 6-8 mins. Keeping at a gentle simmer, add the chicken. Cook for 8-10 mins until tender and cooked through.||Stir in the mushrooms and chillies, and simmer for a further 3-5 mins until everything is cooked through. Sprinkle in the sugar and 3 tbsp each of the fish sauce and lime juice. Taste and add the remaining if required.||Remove the galangal, lemongrass and lime leaves before serving using a slotted spoon. Ladle into bowls and serve with coriander leaves sprinkled over and steamed rice on the side. Will keep chilled for up to three days. Leave to cool first."
tom-yum-hot-sour-soup-with-prawns,Tom yum (hot & sour) soup with prawns,https://www.themealdb.com/images/media/meals/9c5nlx1763424766.jpg,https://www.bbcgoodfood.com/recipes/tom-yum-hot-sour-soup-prawns,Thai,Seafood,25,500,35,no,balanced,4,700|ml|chicken stock|meat and fish;1||lemongrass|produce;5|slice|galangal|dry goods;6||coriander|produce;3||makrut lime leaves|produce;6||king prawns|meat and fish;3|tbsp|fish sauce|meat and fish;6||green chilli|produce;4|tbsp|lime juice|produce,"Bring the stock to a boil in a medium-sized saucepan. Add the lemongrass, galangal, coriander roots and lime leaves, then simmer for 2 mins.||Add the prawns, fish sauce, chillies and lime juice, then return to the boil. Taste and adjust the seasoning with either more lime juice or fish sauce, then garnish with coriander leaves and serve."
tom-yum-soup-with-prawns,Tom yum soup with prawns,https://www.themealdb.com/images/media/meals/l50vz41763422681.jpg,https://www.bbcgoodfood.com/recipes/tom-yum-soup-with-prawns,Thai,Seafood,30,500,35,no,balanced,4,200|g|onion|produce;150|g|tomato|produce;20|g|red chilli|produce;15|g|galangal|dry goods;2||lemongrass stalks|produce;250|g|raw king prawns|meat and fish;1||chicken stock cube|meat and fish;120|g|oyster mushrooms|produce;8||makrut lime leaves|produce;25|ml|fish sauce|meat and fish;25|ml|lime juice|produce;70|ml|coconut milk|dairy;1||thai chilli jam|produce;1|handful|coriander|produce,"Pour 1.3 litres water into a large saucepan over a high heat. Add the onion, tomato, chilli, galangal, lemongrass, prawn heads and chicken stock cube. Stir and bring to a boil, then reduce the heat to medium and simmer for 20 mins until the liquid has reduced.||Carefully strain the hot broth into a large heatproof bowl or jug, then discard the prawn heads. Return the strained veg and herb mixture to the saucepan and pour over the broth. Stir through the mushrooms and lime leaves, then cook for 3 mins until the mushrooms are tender.||Add 1 tbsp sugar, the fish sauce, lime juice, coconut milk and prawns. Bring to the boil and cook until the prawns are cooked through, about 1-2 mins. Remove from the heat. Remove the lemongrass, then stir in the Thai chilli jam, if using. Scatter over the coriander to finish, if you like, and serve."
tonkatsu-pork,Tonkatsu pork,https://www.themealdb.com/images/media/meals/lwsnkl1604181187.jpg,https://www.bbcgoodfood.com/recipes/tonkatsu-pork,Japanese,Pork,35,620,38,no,high-protein,4,4||pork chops|meat and fish;100|g|flour|dry goods;2||eggs|dairy;100|g|breadcrumbs|dry goods;1||vegetable oil|dry goods;2|tbsp|tomato ketchup|produce;2|tbsp|worcestershire sauce|dry goods;1|tbsp|oyster sauce|dry goods;2||caster sugar|dry goods,"Remove the large piece of fat on the edge of each pork loin, then bash each of the loins between two pieces of baking parchment until around 1cm in thickness – you can do this using a meat tenderiser or a rolling pin. Once bashed, use your hands to reshape the meat to its original shape and thickness – this step will ensure the meat is as succulent as possible.||Put the flour, eggs and panko breadcrumbs into three separate wide-rimmed bowls. Season the meat, then dip first in the flour, followed by the eggs, then the breadcrumbs.||In a large frying or sauté pan, add enough oil to come 2cm up the side of the pan. Heat the oil to 180C – if you don’t have a thermometer, drop a bit of panko into the oil and if it sinks a little then starts to fry, the oil is ready. Add two pork chops and cook for 1 min 30 secs on each side, then remove and leave to rest on a wire rack for 5 mins. Repeat with the remaining pork chops.||While the pork is resting, make the sauce by whisking the ingredients together, adding a splash of water if it’s particularly thick. Slice the tonkatsu and serve drizzled with the sauce."
torta-de-fiambre,Torta de fiambre,https://www.themealdb.com/images/media/meals/okl9cm1764371087.jpg,https://jennyisbaking.com/2020/12/30/klassische-torta-de-fiambre-aus-uruguay/#recipe,Uruguayan,Pork,40,620,38,yes,high-protein,4,150|g|cheddar cheese|dairy;200|g|ham|meat and fish;3||egg|dairy;100|g|vegetable oil|dry goods;240|g|milk|dairy;120|g|all purpose flour|dry goods;2|tsp|baking powder|dry goods;1|tsp|salt|dry goods;1||dried oregano|dry goods,"Line the bottom of a springform of 20-2cm (8-9inches) with parchment paper, I usually leave some overhang as the batter is very liquid and may spill a bit. Preheat oven to 220 degrees Celsius.||Grate the cheese and take out the ham.||Mix all remaining ingredients in a large bowl for about one to two minutes.||Pour half the batter into the prepared pan, it is going to be very liquid. Then place ham and cheese on top and pour the remaining batter on top.||Bake for about 20-25 minutes or until top is golden. Wait for a few minutes before releasing from the pan and enjoy either hot or cold with some fresh herbs."
tortang-talong,Tortang Talong,https://www.themealdb.com/images/media/meals/va668f1683209318.jpg,https://www.sainsburysmagazine.co.uk/recipes/mains/tortang-talong,Filipino,Vegetarian,55,450,18,yes,light,4,4||egg plants|dairy;2||eggs|dairy;1|tsp|salt|dry goods;4|tsp|olive oil|dry goods,0.	Grill the eggplant until the color of skin turns almost black||1.	Let the eggplant cool for a while then peel off the skin. Set aside.||2.	Crack the eggs and place in a bowl||3.	Add salt and beat||4.	Place the eggplant on a flat surface and flatten using a fork.||5.	Dip the flattened eggplant in the beaten egg mixture||6.	Heat the pan and pour the cooking oil||7.	Fry the eggplant (that was dipped in the beaten mixture). Make sure that both sides are cooked. Frying time will take you about 3 to 4 minutes per side on medium heat.
tourtiere,Tourtiere,https://www.themealdb.com/images/media/meals/ytpstt1511814614.jpg,https://www.bbcgoodfood.com/recipes/531644/spiced-pork-and-potato-pie,Canadian,Pork,30,620,38,yes,high-protein,4,1||potatoes|produce;1|tsp|sunflower oil|dry goods;500|g|minced pork|meat and fish;1||onion|produce;1||garlic clove|produce;0.25|tsp|cinnamon|dry goods;0.25|tsp|allspice|dry goods;0.25|tsp|nutmeg|dry goods;100|ml|vegetable stock|dry goods;400|g|shortcrust pastry|dry goods;1||egg|dairy,"Heat oven to 200C/180C fan/gas 6. Boil the potato until tender, drain and mash, then leave to cool. Heat the oil in a non-stick pan, add the mince and onion and quickly fry until browned. Add the garlic, spices, stock, plenty of pepper and a little salt and mix well. Remove from the heat, stir into the potato and leave to cool.||Roll out half the pastry and line the base of a 20-23cm pie plate or flan tin. Fill with the pork mixture and brush the edges of the pastry with water. Roll out the remaining dough and cover the pie. Press the edges of the pastry to seal, trimming off the excess. Prick the top of the pastry case to allow steam to escape and glaze the top with the beaten egg.||Bake for 30 mins until the pastry is crisp and golden. Serve cut into wedges with a crisp green salad. Leftovers are good cold for lunch the next day, served with a selection of pickles."
traditional-croatian-goulash,Traditional Croatian Goulash,https://www.themealdb.com/images/media/meals/n1hcou1628770088.jpg,https://www.chasingthedonkey.com/croatian-recipes-traditional-croatian-goulash/,Croatian,Beef,65,650,40,no,high-protein,4,500|g|beef|meat and fish;2||onions|produce;2||carrots|produce;2|clove|garlic|produce;2||bay leaf|dry goods;200|ml|red wine|dry goods;2|l|water|dry goods;3|tbsp|mustard|dry goods;1|tbsp|salt|dry goods;0.5|tsp|pepper|produce;0.5|tsp|paprika|dry goods;2|tbsp|vegetable oil|dry goods,"Clean the meat from the veins if there are some and cut it into smaller pieces, 3 × 3 cm. Marinate the meat in the mustard and spices and let it sit in the refrigerator for one hour||Heat one tablespoon of pork fat or vegetable oil in a pot and fry the meat on all sides until it gets browned. Once the meat is cooked, transfer it to a plate and add another tablespoon of fat to the pot||Cut the onions very fine, peel the carrots and shred it using a grater. Cook the onions and carrots over low heat for 15 minutes. You can salt the vegetables a little to make them soften faster||Once the vegetables have browned and become slightly mushy, add the meat and bay leaves and garlic. Pour over with wine and simmer for 10-15 minutes to allow the alcohol to evaporate. Now is the right time to add 2/3 the amount of liquid||Cover the pot and cook over low heat for an hour, stirring occasionally. After the first hour, pour over the rest of the water or stock and cook for another 30-45 minutes||Allow the stew to cool slightly and serve it with a sprinkle of chopped parsley and few slices of fresh hot pepper if you like to spice it up a bit||Slice ​​some fresh bread, season the salad and simply enjoying these wonderful flavors"
trinxat-potato-cabbage-and-bacon-hash,"Trinxat (Potato, Cabbage and Bacon Hash)",https://www.themealdb.com/images/media/meals/khpso71779732715.jpg,https://www.internationalcuisine.com/trinxat/#wprm-recipe-container-12938,,Pork,75,620,38,yes,high-protein,4,0.5||cabbage|produce;2||russet potato|produce;4||bacon|meat and fish;2|clove|garlic|produce;1|tbsp|parsley|produce;1||salt|dry goods;1||pepper|produce,"Bring salted water to boil in a large pot.||Add in the cabbage and potatoes, cook until tender about 30-40 minutes||When tender, drain, very well.||Return the vegetables to the pot and turn on the burner to low. Let steam||Meanwhile cook up the bacon, reserving the fat for frying the hash.||Chop up the bacon, into small pieces.||Mash the potatoes and cabbage with a potato masher and add in the minced garlic.||Add in salt and pepper to taste.||Using a form for individual servings, press the hash mixture into the form with bacon on top, fry in the reserved bacon fat until golden brown, flip over and repeat on the other side.||Remove form and garnish with chopped parsley.||If you want to make one big hash, just use a skillet, pressing the hash into the skillet with the bacon pieces and reserved fat, then flip over once golden brown. Cut into servings.||Garnish with chopped parsley."
tuna-nicoise,Tuna Nicoise,https://www.themealdb.com/images/media/meals/yypwwq1511304979.jpg,https://www.bbcgoodfood.com/recipes/9529/winter-tuna-nioise,France,Seafood,30,500,35,no,balanced,4,450|g|potatoes|produce;2||olive oil|dry goods;4||eggs|dairy;1||red wine vinegar|dry goods;2||capers|dry goods;50|g|sunflower oil|dry goods;0.5||red onions|produce;100|g|spinach|produce;400|g|tuna|meat and fish,"Heat oven to 200C/fan 180C/gas 6. Toss the potatoes with 2 tsp oil and some seasoning. Tip onto a large baking tray, then roast for 20 mins, stirring halfway, until crisp, golden and cooked through.||Meanwhile, put eggs in a small pan of water, bring to the boil, then simmer for 8-10 mins, depending on how you like them cooked. Plunge into a bowl of cold water to cool for a few mins. Peel away the shells, then cut into halves.||In a large salad bowl, whisk together the remaining oil, red wine vinegar, capers and chopped tomatoes. Season, tip in the onion, spinach, tuna and potatoes, then gently toss together. Top with the eggs, then serve straight away."
tuna-and-egg-briks,Tuna and Egg Briks,https://www.themealdb.com/images/media/meals/2dsltq1560461468.jpg,http://allrecipes.co.uk/recipe/3096/tunisian-tuna-and-egg-briks.aspx,Tunisian,Seafood,50,500,35,yes,balanced,4,2|tbsp|olive oil|dry goods;8||spring onions|produce;200|g|spinach|produce;4||filo pastry|freezer;1|tin|tuna|meat and fish;2||eggs|dairy;1|pinch|hotsauce|dry goods;4||tomatoes|produce;0.25||cucumber|produce;1|tbsp|lemon juice|produce;4|tbsp|apricot jam|dry goods,"Heat 2 tsp of the oil in a large saucepan and cook the spring onions over a low heat for 3 minutes or until beginning to soften. Add the spinach, cover with a tight-fitting lid and cook for a further 2–3 minutes or until tender and wilted, stirring once or twice. Tip the mixture into a sieve or colander and leave to drain and cool.||Using a saucer as a guide, cut out 24 rounds about 12.5 cm (5 in) in diameter from the filo pastry, cutting 6 rounds from each sheet. Stack the filo rounds in a pile, then cover with cling film to prevent them from drying out.||When the spinach mixture is cool, squeeze out as much excess liquid as possible, then transfer to a bowl. Add the tuna, eggs, hot pepper sauce, and salt and pepper to taste. Mix well.||Preheat the oven to 200°C (400°F, gas mark 6). Take one filo round and very lightly brush with some of the remaining oil. Top with a second round and brush with a little oil, then place a third round on top and brush with oil.||Place a heaped tbsp of the filling in the middle of the round, then fold the pastry over to make a half-moon shape. Fold in the edges, twisting them to seal, and place on a non-stick baking sheet. Repeat with the remaining pastry and filling to make 8 briks in all.||Lightly brush the briks with the remaining oil. Bake for 12–15 minutes or until the pastry is crisp and golden brown.||Meanwhile, combine the tomatoes and cucumber in a bowl and sprinkle with the lemon juice and seasoning to taste. Serve the briks hot with this salad and the chutney."
tunisian-lamb-soup,Tunisian Lamb Soup,https://www.themealdb.com/images/media/meals/t8mn9g1560460231.jpg,http://allrecipes.co.uk/recipe/16694/tunisian-lamb-soup.aspx,Tunisian,Lamb,50,680,40,no,high-protein,4,500|g|lamb mince|meat and fish;2|clove|garlic|produce;1||onion|produce;300|g|spinach|produce;3|tbsp|tomato puree|produce;1|tbsp|cumin|dry goods;1|l|chicken stock|meat and fish;3|tsp|harissa spice|dry goods;400|g|chickpeas|produce;0.5||lemon juice|produce;150|g|macaroni|dry goods;1|pinch|salt|dry goods;1|pinch|pepper|produce,"Add the lamb to a casserole and cook over high heat. When browned, remove from the heat and set aside.||Keep a tablespoon of fat in the casserole and discard the rest. Reduce to medium heat then add the garlic, onion and spinach and cook until the onion is translucent and the spinach wilted or about 5 minutes.||Return the lamb to the casserole with the onion-spinach mixture, add the tomato puree, cumin, harissa, chicken, chickpeas, lemon juice, salt and pepper in the pan. Simmer over low heat for about 20 minutes.||Add the pasta and cook for 15 minutes or until pasta is cooked."
turkey-b-nh-m,Turkey Bánh mì,https://www.themealdb.com/images/media/meals/1wj8w31763781990.jpg,https://www.bbcgoodfood.com/recipes/turkey-banh-mi,Vietnamese,Miscellaneous,25,550,28,no,balanced,4,2||baguette|dry goods;50|g|chicken liver|meat and fish;0.25||cucumber|produce;140|g|turkey|meat and fish;1|tbsp|mayonnaise|dry goods;1||red chilli|produce;1|handful|mint|produce;2||carrots|produce;75|g|red cabbage|produce;0.25|tsp|ground ginger|produce;0.5|tbsp|rice vinegar|dry goods;0.5|tsp|golden caster sugar|dry goods,"To make the pickled slaw, tip the carrots and cabbage into a large bowl. In a small bowl, combine the ginger, rice vinegar, sugar and a few pinches of salt. Pour over the vegetables and toss together. Set aside for at least 15 mins.||Halve the baguettes lengthways and spread the pâté over the bottom half. Top with the pickled slaw, cucumber and turkey. Mix the mayonnaise with the chopped chilli and dollop over the top. Scatter over the mint leaves and sliced chilli. Sandwich together and dig in."
turkey-meatloaf,Turkey Meatloaf,https://www.themealdb.com/images/media/meals/ypuxtw1511297463.jpg,https://www.bbcgoodfood.com/recipes/turkey-meatloaf,British,Miscellaneous,35,550,28,no,balanced,4,1||olive oil|dry goods;1||onion|produce;1|clove|garlic|produce;2||worcestershire sauce|dry goods;3|tsp|tomato puree|produce;500|g|turkey mince|meat and fish;1||eggs|dairy;85|g|breadcrumbs|dry goods;2||barbeque sauce|dry goods;800|g|cannellini beans|dry goods;2||parsley|produce,"Heat oven to 180C/160C fan/gas 4. Heat the oil in a large frying pan and cook the onion for 8-10 mins until softened. Add the garlic, Worcestershire sauce and 2 tsp tomato purée, and stir until combined. Set aside to cool.||Put the turkey mince, egg, breadcrumbs and cooled onion mix in a large bowl and season well. Mix everything to combine, then shape into a rectangular loaf and place in a large roasting tin. Spread 2 tbsp barbecue sauce over the meatloaf and bake for 30 mins.||Meanwhile, drain 1 can of beans only, then pour both cans into a large bowl. Add the remaining barbecue sauce and tomato purée. Season and set aside.||When the meatloaf has had its initial cooking time, scatter the beans around the outside and bake for 15 mins more until the meatloaf is cooked through and the beans are piping hot. Scatter over the parsley and serve the meatloaf in slices."
turkish-lahmacun,Turkish lahmacun,https://www.themealdb.com/images/media/meals/tqd3ac1763786065.jpg,https://www.bbcgoodfood.com/recipes/lahmacun,Vietnamese,Beef,70,650,40,no,high-protein,4,500|g|strong white bread flour|dry goods;10|g|fast action yeast|dry goods;1||corn flour|produce;2||tomato|produce;2||green chilli|produce;4||spring onions|produce;1|bunch|parsley|produce;250|g|ground beef|meat and fish;2|tsp|chilli flakes|produce;1|pinch|ground cumin|dry goods;1|tsp|allspice|dry goods;2|tbsp|olive oil|dry goods;0.5||lemon|produce;1||red onions|produce,"Sift the flour into a large bowl, make a well in the middle and sprinkle in the yeast. Pour 125ml water over the yeast, then flick flour over the liquid to create a layer. Cover and leave to rise in a warm place for 15 mins until cracks appear on the surface of that layer.||Use your hands to mix in 250ml more water along with 1 tsp salt and knead the dough for about 10 mins until elastic and no longer sticky. Add a little more flour if you need to. Cover and leave to rise again in a warm place for 30 mins until doubled in size.||Heat the oven to as high as it will go (about 240C/220C fan/gas 9) and sprinkle one or two baking trays thinly with cornmeal.||Pour boiling water from the kettle over the tomatoes, leave to stand briefly, then drain and slip off the skins. Cut the tomatoes in half, cut out the stalks, scoop out the seeds and discard, then chop the flesh.||Halve the chillies lengthways, cut out the stalks, seeds and white inner membrane, then rinse. Cut lengthwise into fine strips, then crosswise into fine dice.||Put the tomatoes, chillies, spring onions, finely chopped parsley, beef mince, spices, 1 tsp salt and ½ tsp freshly ground black pepper into a bowl and mix well.||Take the dough and knead it briefly, then divide into four pieces and shape each into a ball. Roll each ball into a thin circle, place on the prepared baking trays. Spread with a thin layer of the meat mixture.||Bake each flatbread for 10-15 mins until the edges begin to darken. After removing from the oven, sprinkle the lahmacun with the roughly chopped parsley and sliced onion, then squeeze over a few drops of lemon juice. Serve straightaway."
turkish-lamb-pilau,Turkish lamb pilau,https://www.themealdb.com/images/media/meals/cr2kyr1763793839.jpg,https://www.bbcgoodfood.com/recipes/turkish-lamb-pilau,Turkish,Lamb,40,680,40,yes,high-protein,4,1|handful|pine nuts|dry goods;1|tbsp|olive oil|dry goods;1||onion|produce;2||cinnamon|dry goods;500|g|lamb|meat and fish;250|g|basmati rice|dry goods;1||lamb stock|meat and fish;12||dried apricots|dry goods;1|handful|mint|produce,"Dry-fry the pine nuts or almonds in a large pan until lightly toasted, then tip onto a plate. Add the oil to the pan, then fry the onion and cinnamon together until starting to turn golden. Turn up the heat, stir in the lamb, fry until the meat changes colour, then tip in the rice and cook for 1 min, stirring all the time.||Pour in 500ml boiling water, crumble in the stock cube, add the apricots, then season to taste. Turn the heat down, cover and simmer for 12 mins until the rice is tender and the stock has been absorbed. Toss in the pine nuts and mint and serve."
turkish-rice-vermicelli-rice,Turkish rice (vermicelli rice),https://www.themealdb.com/images/media/meals/xw1ruy1763786501.jpg,https://www.bbcgoodfood.com/recipes/turkish-rice-vermicelli-rice,Turkish,Miscellaneous,30,550,28,yes,balanced,4,300|g|rice|dry goods;3|tbsp|vegetable oil|dry goods;70|g|vermicelli pasta|dry goods;30|g|unsalted butter|dairy;600|ml|chicken stock|meat and fish,"Pour the rice into a very large bowl under cold running water and carefully drain the water out of the bowl through a sieve. Repeat a few times until the water in the bowl is clear, then fill the bowl up with cold water and leave rice to soak for 10 mins while you cook the vermicelli.||Put the oil into a medium pan over medium heat. Add the vermicelli and stir continuously until the strands turn a rich golden brown, 2-3 mins. Remove from the heat, stir through the butter until it melts and allow the vermicelli to cool for 1-2 mins.||Drain the rice thoroughly through a sieve. Add the rice to the pan and stir well. Pour the hot stock into the pan, sprinkle in ½ tsp salt, stir well then return the pan to the hob over a high heat. Bring to the boil, then reduce the heat to the lowest it will go, put the lid on the pan and simmer for 7-9 mins. Remove the pan from the heat, cover with a couple of sheets of kitchen paper or a light tea towel and the pan lid, and let the rice sit in the pan for 10 mins. Fluff up with a fork before serving."
turkish-style-lamb,Turkish-style lamb,https://www.themealdb.com/images/media/meals/0p7l6b1763813981.jpg,https://www.bbcgoodfood.com/recipes/turkish-style-lamb,Turkish,Lamb,40,680,40,yes,high-protein,4,4||lamb leg|meat and fish;2|tsp|seasoning|dry goods;1|tsp|dried oregano|dry goods;1|bunch|mint|produce;300|g|yogurt|dairy;4||pita bread|dry goods;0.5||iceberg lettuce|produce;1||red onions|produce;1||lemon|produce,"Heat grill to high. Season the lamb, then grill for 2 mins on each side until browned, but still very rare. Meanwhile, mix the seasoning, oregano and half of the mint into one of the tubs of yogurt, smother this over the lamb, then return to the grill for another 2-3 mins or until the yogurt is blistered and the meat is cooked to your liking.||Leave the meat to rest on a board for a few mins while you toast the pittas, shred the lettuce and thinly slice the red onion. Stir the rest of the mint into the second tub of yogurt. Thickly slice the meat and stuff into the pitta bread with the salad and minted yogurt. Squeeze over lemon juice before tucking in, if you like."
vegan-lasagna,Vegan Lasagna,https://www.themealdb.com/images/media/meals/rvxxuy1468312893.jpg,https://www.themealdb.com/meal/52775,Italian,Vegan,45,420,15,yes,light,4,240|ml|green red lentils|dry goods;1||carrots|produce;1||onion|produce;1||zucchini|produce;1||coriander|produce;150|g|spinach|produce;10||lasagne sheets|dry goods;35|g|vegan butter|dairy;4|tbsp|flour|dry goods;300|ml|soya milk|dairy;1.5|tsp|mustard|dry goods;1|tsp|vinegar|dry goods,"1) Preheat oven to 180 degrees celcius.||2) Boil vegetables for 5-7 minutes, until soft. Add lentils and bring to a gentle simmer, adding a stock cube if desired. Continue cooking and stirring until the lentils are soft, which should take about 20 minutes.||3) Blanch spinach leaves for a few minutes in a pan, before removing and setting aside.||4) Top up the pan with water and cook the lasagne sheets. When cooked, drain and set aside.||5) To make the sauce, melt the butter and add the flour, then gradually add the soya milk along with the mustard and the vinegar. Cook and stir until smooth and then assemble the lasagne as desired in a baking dish.||6) Bake in the preheated oven for about 25 minutes."
vegetarian-casserole,Vegetarian Casserole,https://www.themealdb.com/images/media/meals/vptwyt1511450962.jpg,https://www.bbcgoodfood.com/recipes/1993645/vegetarian-casserole,British,Vegetarian,35,450,18,yes,light,4,1||rapeseed oil|dry goods;1||onion|produce;3|clove|garlic|produce;1|tsp|paprika|dry goods;0.5|tsp|cumin|dry goods;1||thyme|produce;3||carrots|produce;2||celery|produce;1||red pepper|produce;1||yellow pepper|produce;2|g|tomato|produce;250|ml|vegetable stock cube|dry goods;2||courgettes|produce;2|sprig|thyme|produce;250|g|lentils|dry goods,"Heat the oil in a large, heavy-based pan. Add the onions and cook gently for 5 – 10 mins until softened.||Add the garlic, spices, dried thyme, carrots, celery and peppers and cook for 5 minutes.||Add the tomatoes, stock, courgettes and fresh thyme and cook for 20 - 25 minutes.||Take out the thyme sprigs. Stir in the lentils and bring back to a simmer. Serve with wild and white basmati rice, mash or quinoa."
vegetarian-chilli,Vegetarian Chilli,https://www.themealdb.com/images/media/meals/wqurxy1511453156.jpg,https://www.bbcgoodfood.com/recipes/veggie-chilli,British,Vegetarian,20,450,18,yes,light,4,400|g|roasted vegetables|dry goods;1|tin|kidney beans|dry goods;1|tin|chopped tomatoes|produce;1||mixed grain|dry goods,"Heat oven to 200C/180C fan/ gas 6. Cook the vegetables in a casserole dish for 15 mins. Tip in the beans and tomatoes, season, and cook for another 10-15 mins until piping hot. Heat the pouch in the microwave on High for 1 min and serve with the chilli."
vegetarian-shakshuka,Vegetarian Shakshuka,https://www.themealdb.com/images/media/meals/eo0yfb1763600916.jpg,https://cookpad.com/eng/recipes/16275721?ref=search&search_term=saudi+arabia,Saudi Arabian,Vegetarian,45,450,18,no,light,4,0.5||red onions|produce;0.5||red pepper|produce;400|g|tomato|produce;0.5|tsp|cumin|dry goods;0.5|tsp|garlic granules|produce;0.5|tsp|cayenne pepper|produce;1|tsp|paprika|dry goods;2||egg|dairy;1||parsley|produce;1||chilli flakes|produce;2||toast|dry goods,"Fry onion and pepper together on medium heat until onion is soft||Add garlic granules, cook for a minute||Add chopped tomatoes and remaining spices, stir well||Simmer for about 20 minutes||Make indents for in the sauce and crack an egg into each one||Once egg whites are cooked through, garnish and serve with toast"
venetian-duck-ragu,Venetian Duck Ragu,https://www.themealdb.com/images/media/meals/qvrwpt1511181864.jpg,https://www.bbcgoodfood.com/recipes/venetian-duck-ragu,Italian,Pasta,30,600,25,no,balanced,4,1||olive oil|dry goods;4||duck legs|meat and fish;2||onions|produce;2|clove|garlic|produce;2|tsp|cinnamon|dry goods;2|tsp|plain flour|dry goods;250|ml|red wine|dry goods;800|g|chopped tomatoes|produce;1||chicken stock cube|meat and fish;3|sprig|rosemary|produce;2||bay leaves|dry goods;1|tsp|sugar|dry goods;2|tbsp|milk|dairy;600|g|paccheri pasta|dry goods;1||parmesan cheese|dairy,"Heat the oil in a large pan. Add the duck legs and brown on all sides for about 10 mins. Remove to a plate and set aside. Add the onions to the pan and cook for 5 mins until softened. Add the garlic and cook for a further 1 min, then stir in the cinnamon and flour and cook for a further min. Return the duck to the pan, add the wine, tomatoes, stock, herbs, sugar and seasoning. Bring to a simmer, then lower the heat, cover with a lid and cook for 2 hrs, stirring every now and then.||Carefully lift the duck legs out of the sauce and place on a plate – they will be very tender so try not to lose any of the meat. Pull off and discard the fat, then shred the meat with 2 forks and discard the bones. Add the meat back to the sauce with the milk and simmer, uncovered, for a further 10-15 mins while you cook the pasta.||Cook the pasta following pack instructions, then drain, reserving a cup of the pasta water, and add the pasta to the ragu. Stir to coat all the pasta in the sauce and cook for 1 min more, adding a splash of cooking liquid if it looks dry. Serve with grated Parmesan, if you like."
venezuelan-coconut-chicken,Venezuelan Coconut Chicken,https://www.themealdb.com/images/media/meals/z2sw3o1764378271.jpg,https://www.reluctantgourmet.com/venezuelan-coconut-chicken/#recipe,Venezuela,Chicken,55,550,38,yes,high-protein,4,2||chicken breasts|meat and fish;2||onion|produce;1|clove|garlic|produce;4||bay leaves|dry goods;1|pinch|black pepper|produce;1|pinch|turmeric|dry goods;1|pinch|cumin|dry goods;1|pinch|salt|dry goods;1|tbsp|sugar|dry goods;3||tomato|produce;1|tbsp|ginger paste|produce;80|ml|olive oil|dry goods;1|tin|coconut milk|dairy;120|ml|water|dry goods,"Cut the chicken up into bite size pieces. Peel and cut the onions, mince the garlic.||Assemble the rest of the ingredients and you are ready to start cooking.||Make the Dish||Heat up a fry pan over medium heat. Add the oil and when hot, sauté the onion until translucent. Remove from pan and transfer to a blender or food processor.||Add tomatoes, garlic, turmeric, cumin, sugar, ginger paste, coconut milk, water and blend smooth.||In the same pan you cooked the onion, add the chicken and brown all sides. This should take about 3 minutes.||Add the blender ingredients and bay leaves to the pan, bring to a simmer and cook until the chicken is white inside and the liquid is creamy. (15 to 20 minutes)||Remove the bay leaves and serve with white rice."
venezuelan-sancocho,Venezuelan Sancocho,https://www.themealdb.com/images/media/meals/8859m71764377470.jpg,https://mommyshomecooking.com/easy-venezuelan-sancocho/#recipe,Venezuela,Beef,60,650,40,yes,high-protein,4,907|g|hind shank|dry goods;2||onion|produce;0.5||pepper|produce;4|clove|garlic|produce;4|clove|garlic|produce;1||leek|produce;1920|ml|beef stock|meat and fish;120|ml|sweet red peppers|produce;120|ml|scallions|produce;2||sweetcorn|produce;227|g|cassaba|dry goods;227|g|yautia|dry goods;227|g|white yam|dry goods;227|g|butternut squash|dairy;1||salt|dry goods;1||pepper|produce;1||cilantro|dry goods,"Add hind shank, 1 halved small onion, halved bell pepper, 4 whole garlic cloves, the dark green leaves of the leek, and stock to a large stockpot. Cook for 45-60 minutes until the meat is fork-tender. NOTE: the meat can take a bit longer to be fork-tender; that is okay, just add more cooking time if necessary.||When the meat is tender, remove the big pieces of vegetables and bones. Discard.||Add diced onion, 2 minced garlic, mini sweet peppers, sliced leeks (light green part), scallions, yucca, and corn; Mix and simmer covered over medium heat for 5- 8 minutes, until the yucca is starting to soften. NOTE: the yuca can take a bit longer to start softening; that is okay, just add more cooking time if necessary.||Add yautia, white yam, and butternut squash. Mix to combine. Simmer covered over medium heat for 5 – 6 minutes, until all the root vegetables are tender. NOTE: Do not cook too much, or they will fall apart.||Taste and add salt to your taste, if necessary. Add cilantro and the remaining 2 minced garlic cloves. Mix and let simmer for 2 more minutes.||Serve hot in large soup bowls, dividing the meat and vegetables evenly. Add a squish of lime juice and/or hot sauce, if desired. Serve along with arepas and or casabe (cassava bread)."
venezuelan-shredded-beef,Venezuelan Shredded Beef,https://www.themealdb.com/images/media/meals/mq27gf1764436795.jpg,https://livingsweetmoments.com/venezuelan-shredded-beef-made-instant-pot/,Venezuela,Beef,90,650,40,yes,high-protein,4,907|g|skirty steak|meat and fish;2|clove|garlic|produce;1||onion|produce;1||onion|produce;1||red pepper|produce;3||tomato|produce;960|ml|beef stock|meat and fish;2|tsp|worcestershire sauce|dry goods;1|tbsp|tomato puree|produce;1|tsp|cumin|dry goods;60|ml|tomato ketchup|produce;1||salt|dry goods;1||pepper|produce;1|tbsp|olive oil|dry goods,"Season beef with salt, pepper and minced garlic||Chop 1 onion in 4 big wedges||Place in the beef pressure cooker with the 4 wedges of onion and the stock||Pressure cook for 20 minutes||Release the pressure and open the lid||Remove the beef and SAVE 2 cups of stock in another container||With 2 forks, shred the beef. Beef should be tender enough to so easily. If not, cook for another 10 minutes||Press the saute button of the Instant pot. Add the olive oil||When the machine beeps, add the sliced onion, pepper and tomatoes. Cook until tender||Add the shredded beef back in the pot and mix||Pour in 1 1/2 cups of the saved stock, the Worcestershire sauce, tomato paste, ketchup and cumin. Mix||If sauce seems to dry, add a tad more of stock||Season with salt and pepper"
vietnamese-grilled-pork-bun-thit-nuong,Vietnamese Grilled Pork (bun-thit-nuong),https://www.themealdb.com/images/media/meals/qqwypw1504642429.jpg,http://www.hungryhuy.com/bun-thit-nuong-recipe-vietnamese-grilled-bbq-pork-with-rice-vermicelli-vegetables/,Vietnamese,Pork,40,620,38,yes,high-protein,4,680|g|pork|meat and fish;1||rice vermicelli|dry goods;4||egg rolls|dairy;3|tbsp|challots|dry goods;1.5|tbsp|garlic|produce;60|ml|sugar|dry goods;1|tbsp|fish sauce|meat and fish;0.5|tbsp|soy sauce|dry goods;0.5|tbsp|pepper|produce;3|tbsp|olive oil|dry goods;1||cucumber|produce;1||mint|produce;1||peanuts|dry goods,"Slice the uncooked pork thinly, about ⅛"". It helps to slightly freeze it (optional).||Mince garlic and shallots. Mix in a bowl with sugar, fish sauce, thick soy sauce, pepper, and oil until sugar dissolves.||Marinate the meat for 1 hour, or overnight for better results.||Bake the pork at 375F for 10-15 minutes or until about 80% cooked. Finish cooking by broiling in the oven until a nice golden brown color develops, flipping the pieces midway.||Assemble your bowl with veggies, noodles, and garnish. Many like to mix the whole bowl up and pour the fish sauce on top, but I like to make individual bites and sauce it slowly."
vietnamese-caramel-trout,Vietnamese caramel trout,https://www.themealdb.com/images/media/meals/p02vq41763754350.jpg,https://www.bbcgoodfood.com/recipes/vietnamese-caramel-trout,Vietnamese,Seafood,25,500,35,no,balanced,4,50|g|golden caster sugar|dry goods;1|tbsp|fish sauce|meat and fish;1||red chilli|produce;1||ginger|produce;2||rainbow trout|dry goods;2||bok choi|dry goods;0.5||lemon|produce;1|sprig|coriander|produce;1||rice|dry goods,"Put the sugar in a large shallow pan, along with a small splash of water. Heat gently, swirling the pan, until the sugar has dissolved. Increase the heat and bubble the syrup until it turns a dark amber colour. Add the fish sauce, most of the chilli and ginger, then splash in 1 tbsp water to dilute. Boil again until syrupy, then add the fish fillets, skin-side down, and the bok choi, cut-side down.||Cover the pan with a lid and simmer for 4-5 mins until the fish is cooked and the bok choi has wilted. Turn off the heat, squeeze over the lemon and scatter with the remaining chilli, ginger and the coriander sprigs. Serve with rice."
vietnamese-chicken-salad,Vietnamese chicken salad,https://www.themealdb.com/images/media/meals/pk8wtn1763758591.jpg,https://www.bbcgoodfood.com/recipes/vietnamese-chicken-salad,Vietnamese,Chicken,25,550,38,no,high-protein,4,140|g|rice noodles|dry goods;1||carrots|produce;0.5||cucumber|produce;2||chicken breasts|meat and fish;50|g|radish|produce;0.5||red onions|produce;1|bunch|mint|produce;25|g|peanuts|dry goods;1||red chilli|produce;1||lime|produce;1|tbsp|fish sauce|meat and fish;1|tbsp|soy sauce|dry goods;1|tbsp|sesame seed oil|dry goods,"To make the dressing, whisk all the ingredients together in a large serving bowl. Cook the noodles following pack instructions, then drain and add to the bowl with the dressing.||Peel the carrot into long strips using a vegetable peeler. Do the same for the cucumber, until you reach the seeds (discard them). Add the carrot and cucumber to the noodle mixture along with the shredded chicken, radishes, red onion and mint. Toss well to coat in the dressing, scatter over the peanuts and serve."
vietnamese-lamb-shanks-with-sweet-potatoes,Vietnamese lamb shanks with sweet potatoes,https://www.themealdb.com/images/media/meals/7xte3u1763757761.jpg,https://www.bbcgoodfood.com/recipes/vietnamese-lamb-shanks-sweet-potatoes,Vietnamese,Lamb,40,680,40,no,high-protein,4,2|tbsp|ground nut oil|dry goods;4||lamb shanks|meat and fish;2||onion|produce;2|tbsp|ginger|produce;3||garlic clove|produce;1||red chilli|produce;1||red chilli|produce;1|tbsp|brown sugar|dry goods;1|tsp|brown sugar|dry goods;3||star anise|dry goods;2||lemongrass stalks|produce;1|l|lamb stock|meat and fish;1|tbsp|tomato puree|produce;4||sweet potatoes|produce;2|tbsp|fish sauce|meat and fish;2||lime|produce;1|handful|mint|produce;1|handful|basil leaves|produce,"Heat oven to 160C/140C fan/gas 3. Heat 1 tbsp oil in a heavy-bottomed casserole, season the shanks, then brown them 2 at a time on all sides, adding the remaining oil for the second batch. Remove the lamb and add the onions. Fry them quite briskly, about 30 secs, add the ginger, garlic and chopped chilli, then turn the heat down and cook for 1 min. Add 1 tbsp sugar, stir, then add the star anise, lemongrass, stock, purée and seasoning. Bring to the boil.||Cover and cook in the oven for 1½ hrs, then add the sweet potatoes and cook for 1 hr more. The lamb should be completely tender and almost falling off the bones. Stir in the fish sauce, lime juice and 1 tsp sugar to just lift the flavour, then scatter with the mint, basil and the sliced chilli to serve."
vietnamese-pork-salad,Vietnamese pork salad,https://www.themealdb.com/images/media/meals/g7jomp1763763994.jpg,https://www.bbcgoodfood.com/recipes/vietnamese-pork-salad,Vietnamese,Pork,30,620,38,no,high-protein,4,1|tsp|golden caster sugar|dry goods;2||lime|produce;1||red chilli|produce;1|handful|coriander|produce;1|tbsp|sesame seed oil|dry goods;1|tbsp|fish sauce|meat and fish;1|tbsp|soy sauce|dry goods;500|g|pork tenderloin|meat and fish;1||vegetable oil|dry goods;0.25||white cabbage|produce;1||cucumber|produce;5||celery|produce;3||spring onions|produce;1||red chilli|produce;2||lemongrass stalks|produce;1||lime|produce;1|handful|coriander|produce;1|handful|mint|produce,"The day before: make the dressing. Put the sugar and lime juice in a pan with 1 tbsp water and bring to the boil to dissolve the sugar. Add the chilli and coriander and stir well, then pulse in a blender until smooth. Tip into a bowl, then stir in the sesame oil, fish sauce, soy sauce and sesame seeds to make a dressing. Cover and chill until needed.||Two hours before serving: heat a griddle pan. Preheat the oven to 200C/gas 6/fan 180C. Brush the pork with oil and griddle on all sides for a few minutes until seared. Transfer to a baking tray and put in the oven for about 10-12 minutes until cooked through. Cool, thinly slice against the grain of the meat. Tip into a bowl and pour over half the dressing.||To serve: toss the remaining salad ingredients in a bowl with the remaining dressing. Pile on to a platter, top with the pork slices and spoon over any juices."
vietnamese-prawn-spiralized-rolls,Vietnamese prawn spiralized rolls,https://www.themealdb.com/images/media/meals/9r2xrg1763771238.jpg,https://www.bbcgoodfood.com/recipes/vietnamese-prawn-spiralized-rolls,Vietnamese,Seafood,35,500,35,no,balanced,4,0.5||lime|produce;2|tbsp|rice vinegar|dry goods;1|tbsp|palm sugar|dry goods;3|tbsp|fish sauce|meat and fish;1||birds-eye chillies|produce;6||rice paper sheets|dry goods;1|bunch|mint|produce;1|bunch|coriander|produce;12||king prawns|meat and fish;1||carrots|produce;1||courgettes|produce,"Mix all the ingredients for the dipping sauce along with 50ml water in a bowl and set aside to allow the sugar to dissolve and flavour to infuse.||To assemble the rolls, fill a wide bowl with warm water and grab a clean damp tea towel to work on. Dip a rice paper wrapper into the water for a few seconds until it softens then carefully place onto the tea towel.||Put a few mint and coriander leaves in the centre of the wrapper then top with two prawns and a small handful of the spiralized veg, which may need to be cut up if the spirals are too long.||Fold the sides of the wrapper into the centre, over the filling, then fold in the edges, so that the filling is completely encased, then tightly roll. Repeat until all of the wrappers and filling have been used. To serve, slice on a diagonal and eat with the dipping sauce."
vietnamese-veg-parcels,Vietnamese veg parcels,https://www.themealdb.com/images/media/meals/f698g91763768731.jpg,https://www.bbcgoodfood.com/recipes/vietnamese-veg-parcels,Vietnamese,Vegetarian,30,450,18,no,light,4,100|g|rice flour pancakes|dry goods;50|g|rice noodles|dry goods;1||chicken breast|meat and fish;1||carrots|produce;1||cucumber|produce;1||red pepper|produce;1||lettuce|produce;1||coriander|produce;1||mint|produce;4|tbsp|fish sauce|meat and fish;2|tbsp|rice vinegar|dry goods;0.5||lime|produce;1||red chilli|produce,"Soak the rice fl our pancakes according to pack instructions or in boiling water for 30 secs. Remove and cool on kitchen paper. Soak the rice noodles according to pack instructions, then drain and cut them into 2cm strips.||Lay a rice pancake on a board and arrange some rice noodles, chicken, vegetables and herb leaves about a third of the way up, leaving a 1cm edge at the side. Fold the sides over the vegetables and then roll up lengthways to make a cigar. Store in the fridge, covered with moist kitchen paper for up to 1 day.||Mix together the ingredients for the dipping sauce and put into a bowl. To serve, arrange the rolls on a plate along with the leaves and herbs. To eat, wrap each roll in a piece of lettuce with a herb sprig and dunk into the sauce."
vietnamese-style-caramel-pork,Vietnamese-style caramel pork,https://www.themealdb.com/images/media/meals/4mzt101763761546.jpg,https://www.bbcgoodfood.com/recipes/vietnamese-style-caramel-pork,Vietnamese,Pork,25,620,38,no,high-protein,4,1|tbsp|ground nut oil|dry goods;500|g|pork shoulder steaks|meat and fish;2||shallots|produce;1|tbsp|ground ginger|produce;1||red chilli|produce;75|g|brown sugar|dry goods;1|tbsp|fish sauce|meat and fish;2|tsp|chilli sauce|produce;4||spring onions|produce;1||rice|dry goods;1||pak choi|dry goods,"Heat 1 tbsp of the oil in a wok over a high heat and stir-fry the pork in batches until browned all over. Remove with a slotted spoon and set aside.||Turn the heat right down and add the remaining oil, then stir in the shallots, ginger and chilli. Cook over a low heat for a couple of mins until just starting to soften. Add the sugar, fish sauce and 200ml water to the pan and stir everything together. Bring to the boil, stirring, so that the sugar dissolves, then return the pork to the pan. Bubble vigorously for 8-10 mins until the sauce thickens to coat the meat and become glossy. Taste and stir in a little more fish sauce, if needed, along with the chilli sauce. Sprinkle with the spring onions and serve with steamed rice and pak choi."
vietnamese-style-veggie-hotpot,Vietnamese-style veggie hotpot,https://www.themealdb.com/images/media/meals/4uje7l1763762276.jpg,https://www.bbcgoodfood.com/recipes/vietnamese-veggie-hotpot,Vietnamese,Vegetarian,20,450,18,yes,light,4,2|tsp|vegetable oil|dry goods;4||ginger|produce;2||garlic clove|produce;0.5||butternut squash|dairy;2|tsp|soy sauce|dry goods;2|tsp|brown sugar|dry goods;200|ml|vegetable stock|dry goods;100|g|green beans|dry goods;4||spring onions|produce;1||coriander leaves|produce;1||jasmine rice|dry goods,"Heat the oil in a medium-size, lidded saucepan. Add the ginger and garlic, then stir-fry for about 5 mins. Add the squash, soy sauce, sugar and stock. Cover, then simmer for 10 mins. Remove the lid, add the green beans, then cook for 3 mins more until the squash and beans are tender. Stir the spring onions through at the last minute, then sprinkle with coriander and serve with rice."
warm-roast-asparagus-salad,Warm roast asparagus salad,https://www.themealdb.com/images/media/meals/ktsws11761998344.jpg,https://www.bbcgoodfood.com/recipes/warm-roast-asparagus-salad,Australian,Pork,30,620,38,no,high-protein,4,500|g|asparagus|produce;2|tbsp|red wine vinegar|dry goods;4||tomato|produce;1|tbsp|extra virgin olive oil|dry goods;12||streaky bacon|meat and fish;1|tsp|clear honey|dry goods;16||jersey royal potatoes|produce;2||extra virgin olive oil|dry goods;1|tsp|dijon mustard|dry goods;100|g|rocket|dry goods,"Preheat the oven to 200C/Gas 6/fan 180C. Snap off the woody ends of the asparagus and discard. Arrange the asparagus in a single layer in a baking tray with sides. Cut the tomatoes in half widthways, nestle them in with the asparagus, season with sea salt and pepper and drizzle with olive oil. Roll each bacon rasher into a tight roll (if large, first cut in half crosswise), and arrange in the tray. Drizzle the bacon rolls with the honey and bake for 20 minutes until the tomatoes are soft and the bacon is crisp.||In the meantime, boil the potatoes until tender. Whisk the vinegar, olive oil, mustard, some sea salt and pepper in a large bowl until blended. Toss the rocket or spinach leaves in half of the dressing, and arrange on a large serving platter.||Drain the potatoes and cut in half. Gently toss them in the rest of the dressing, and arrange on the platter with the asparagus. Tuck in the tomatoes and bacon."
wontons,Wontons,https://www.themealdb.com/images/media/meals/1525876468.jpg,http://www.geniuskitchen.com/recipe/chinese-wontons-20235,Chinese,Pork,55,620,38,yes,high-protein,4,454|g|pork|meat and fish;3||garlic clove|produce;1|tsp|ginger|produce;1|tbsp|soy sauce|dry goods;1|tsp|sesame seed oil|dry goods;3||carrots|produce;3||celery|produce;6||spring onions|produce;1||wonton skin|dry goods;1||oil|dry goods;1||water|dry goods,"Combine pork, garlic, ginger, soy sauce, sesame oil, and vegetables in a bowl.||Separate wonton skins.||Place a heaping teaspoon of filling in the center of the wonton.||Brush water on 2 borders of the skin, covering 1/4 inch from the edge.||Fold skin over to form a triangle, sealing edges.||Pinch the two long outside points together.||Heat oil to 450 degrees and fry 4 to 5 at a time until golden.||Drain and serve with sauce."
yaki-udon,Yaki Udon,https://www.themealdb.com/images/media/meals/wrustq1511475474.jpg,https://www.bbcgoodfood.com/recipes/yaki-udon,Japanese,Vegetarian,25,450,18,yes,light,4,250|g|udon noodles|dry goods;2|tbsp|sesame seed oil|dry goods;1||onion|produce;0.25||cabbage|produce;10||shiitake mushrooms|produce;4||spring onions|produce;4|tbsp|mirin|dry goods;2|tbsp|soy sauce|dry goods;1||caster sugar|dry goods;1||worcestershire sauce|dry goods,"Boil some water in a large saucepan. Add 250ml cold water and the udon noodles. (As they are so thick, adding cold water helps them to cook a little bit slower so the middle cooks through). If using frozen or fresh noodles, cook for 2 mins or until al dente; dried will take longer, about 5-6 mins. Drain and leave in the colander.||Heat 1 tbsp of the oil, add the onion and cabbage and sauté for 5 mins until softened. Add the mushrooms and some spring onions, and sauté for 1 more min. Pour in the remaining sesame oil and the noodles. If using cold noodles, let them heat through before adding the ingredients for the sauce – otherwise tip in straight away and keep stir-frying until sticky and piping hot. Sprinkle with the remaining spring onions."
zapiekanki,Zapiekanki,https://www.themealdb.com/images/media/meals/72lmpt1764122511.jpg,https://www.bbcgoodfood.com/recipes/zapiekanki,Polish,Pork,35,620,38,yes,high-protein,4,2||baguette|dry goods;1|tbsp|butter|dairy;2|tsp|vegetable oil|dry goods;1||onion|produce;300|g|mushrooms|produce;1|clove|garlic|produce;1|tbsp|mayonnaise|dry goods;50|g|cheddar cheese|dairy;75|g|ham|meat and fish;75|g|polish kabanos|dry goods;50|g|mozzarella|dairy;2||dill|produce;1|tbsp|chives|produce;1||tomato ketchup|produce,"Heat the oven to 200C/180C fan/gas 6. Bake the baguettes on a baking tray for 8-10 mins, then leave to cool.||Heat 2 tsp of the butter and 1 tsp of the oil in a pan over a low heat and cook the chopped onion for 5 mins until soft. Stir in the mushrooms, turn the heat to medium and cook for 5-10 mins more until the veg is soft and the mushroom liquid has evaporated. Stir in the garlic and cook for 1-2 mins until soft. Season, then stir in the mayonnaise and remove from the heat.||Halve the baguettes lengthways, then return to the baking tray, cut-side up and spread over the mushroom mixture, then sprinkle over the cheddar, ham, kabanos and mozzarella. Bake for 8-10 mins, or until the cheese has melted and turned golden.||Meanwhile, heat the remaining butter and oil in a pan over a medium heat and fry the sliced onions for 5 mins until golden and soft. Remove from the heat and set aside. Once the pizzas are cooked, top with the caramelised onions, dill pickles (if using), the chives and a zig-zag drizzle of ketchup."
kabse,kabse,https://www.themealdb.com/images/media/meals/utqnjv1763598650.jpg,https://cookpad.com/eng/recipes/17108731?ref=search&search_term=saudi+arabia,Saudi Arabian,Chicken,35,550,38,yes,high-protein,4,400|g|chicken|meat and fish;240|ml|rice|dry goods;1||green pepper|produce;1||red pepper|produce;2||mushrooms|produce;1||sweetcorn|produce;2||carrots|produce;1|handful|raisins|dry goods;1|tsp|turmeric|dry goods;1|tsp|kabse spice|dry goods;1|pinch|salt|dry goods;1|pinch|black pepper|produce,"Caramelize the chicken with olive oil then add a maggi cube and boil it for around 30 minutes.||In another pot, add all the veggies and caramelize them till they are soft.||Once everything is done, add the rice, raisins & spices to the veggies and add 2 and a half cups of water for the rice to cook.||Once the rice is done put everything in the oven."
kofta-burgers,kofta burgers,https://www.themealdb.com/images/media/meals/lgmnff1763789847.jpg,https://www.bbcgoodfood.com/recipes/diy-kofta-burgers,Turkish,Lamb,40,680,40,no,high-protein,4,1|kg|lamb|meat and fish;2||onion|produce;1||garlic bulb|produce;6|tbsp|garam masala|dry goods;1|bunch|coriander|produce;1|tbsp|chilli sauce|produce;8||pita bread|dry goods;4||tomato|produce;0.5||red cabbage|produce;1||red onions|produce;1||yogurt|dairy,"Tip the mince into a large bowl (use a clean washing-up bowl if you don’t have anything big enough) with all the other burger ingredients and a good pinch of salt. Roll up your sleeves, get your hands into the mix and squelch everything together through your fingers until completely mixed. Pat the mix into 16 small burgers. These may now be frozen for up to 1 month or chilled up to a day ahead.||To cook, heat grill to its highest setting and lay the burgers in a single layer on a baking tray (you may need to do this in batches, depending on how big your tray is). Grill on the highest shelf for 5-6 mins on each side until browned and cooked through. Pile burgers onto a platter and serve with all the accompaniments, so everyone can construct their own sandwich."
